date,yield_acm,yield_kim_wright,expected_short_rates_acm,expected_short_rates_kim_wright,term_premium_acm,term_premium_kim_wright
1990-01-02,7.944,7.968,6.129,6.162,1.815,1.806
1990-01-03,7.991,8.014,6.154,6.187,1.837,1.828
1990-01-04,7.979,8.01,6.139,6.181,1.839,1.829
1990-01-05,7.996,8.016,6.118,6.177,1.877,1.839
1990-01-08,8.021,8.035,6.108,6.184,1.914,1.852
1990-01-09,8.021,8.042,6.109,6.184,1.912,1.858
1990-01-10,8.026,8.048,6.111,6.182,1.915,1.867
1990-01-11,8.02,8.051,6.111,6.184,1.909,1.868
1990-01-12,8.082,8.095,6.127,6.202,1.955,1.893
1990-01-16,8.165,8.193,6.217,6.26,1.948,1.933
1990-01-17,8.154,8.2,6.219,6.272,1.935,1.927
1990-01-18,8.257,8.3,6.333,6.332,1.924,1.968
1990-01-19,8.198,8.262,6.294,6.313,1.904,1.948
1990-01-22,8.22,8.256,6.257,6.309,1.963,1.947
1990-01-23,8.196,8.236,6.271,6.295,1.926,1.942
1990-01-24,8.31,8.318,6.309,6.331,2.001,1.987
1990-01-25,8.354,8.373,6.326,6.358,2.028,2.015
1990-01-26,8.438,8.443,6.333,6.39,2.105,2.053
1990-01-29,8.427,8.455,6.343,6.4,2.084,2.055
1990-01-30,8.446,8.475,6.364,6.414,2.082,2.061
1990-01-31,8.364,8.421,6.346,6.39,2.017,2.031
1990-02-01,8.335,8.389,6.347,6.376,1.988,2.013
1990-02-02,8.396,8.432,6.386,6.402,2.01,2.03
1990-02-05,8.424,8.457,6.386,6.416,2.038,2.041
1990-02-06,8.47,8.498,6.404,6.437,2.067,2.06
1990-02-07,8.469,8.508,6.409,6.443,2.06,2.066
1990-02-08,8.43,8.475,6.377,6.427,2.054,2.048
1990-02-09,8.284,8.358,6.329,6.366,1.955,1.992
1990-02-12,8.363,8.39,6.345,6.379,2.017,2.012
1990-02-13,8.331,8.356,6.281,6.348,2.05,2.008
1990-02-14,8.332,8.369,6.304,6.35,2.028,2.019
1990-02-15,8.379,8.418,6.356,6.378,2.023,2.04
1990-02-16,8.388,8.422,6.325,6.38,2.064,2.043
1990-02-20,8.575,8.572,6.411,6.461,2.164,2.111
1990-02-21,8.574,8.603,6.416,6.476,2.157,2.127
1990-02-22,8.489,8.554,6.405,6.45,2.084,2.104
1990-02-23,8.488,8.53,6.377,6.431,2.111,2.099
1990-02-26,8.418,8.475,6.359,6.404,2.059,2.071
1990-02-27,8.366,8.423,6.341,6.381,2.025,2.042
1990-02-28,8.468,8.489,6.38,6.419,2.088,2.07
1990-03-01,8.533,8.56,6.428,6.459,2.105,2.102
1990-03-02,8.483,8.54,6.435,6.446,2.048,2.093
1990-03-05,8.595,8.612,6.458,6.487,2.137,2.125
1990-03-06,8.54,8.598,6.467,6.487,2.073,2.111
1990-03-07,8.524,8.58,6.46,6.482,2.064,2.098
1990-03-08,8.502,8.567,6.487,6.479,2.014,2.089
1990-03-09,8.566,8.627,6.547,6.515,2.018,2.113
1990-03-12,8.571,8.634,6.549,6.52,2.023,2.114
1990-03-13,8.649,8.686,6.573,6.546,2.076,2.14
1990-03-14,8.572,8.637,6.548,6.52,2.024,2.117
1990-03-15,8.576,8.628,6.56,6.513,2.016,2.115
1990-03-16,8.509,8.575,6.54,6.484,1.969,2.091
1990-03-19,8.519,8.57,6.544,6.482,1.975,2.088
1990-03-20,8.439,8.529,6.594,6.466,1.844,2.064
1990-03-21,8.438,8.508,6.586,6.455,1.852,2.054
1990-03-22,8.452,8.492,6.515,6.441,1.936,2.05
1990-03-23,8.44,8.48,6.501,6.431,1.939,2.049
1990-03-26,8.424,8.467,6.503,6.422,1.921,2.045
1990-03-27,8.427,8.47,6.513,6.425,1.914,2.044
1990-03-28,8.438,8.473,6.508,6.424,1.93,2.049
1990-03-29,8.501,8.512,6.508,6.44,1.993,2.072
1990-03-30,8.57,8.571,6.523,6.462,2.047,2.109
1990-04-02,8.573,8.588,6.513,6.469,2.059,2.12
1990-04-03,8.565,8.586,6.495,6.467,2.07,2.12
1990-04-04,8.476,8.525,6.486,6.43,1.991,2.095
1990-04-05,8.485,8.519,6.485,6.424,1.999,2.095
1990-04-06,8.469,8.502,6.468,6.414,2,2.087
1990-04-09,8.505,8.529,6.491,6.432,2.014,2.097
1990-04-10,8.51,8.539,6.487,6.438,2.023,2.102
1990-04-11,8.532,8.557,6.49,6.445,2.042,2.112
1990-04-12,8.538,8.567,6.484,6.449,2.053,2.118
1990-04-16,8.584,8.601,6.488,6.463,2.096,2.139
1990-04-17,8.68,8.681,6.495,6.502,2.185,2.178
1990-04-18,8.781,8.772,6.522,6.551,2.259,2.221
1990-04-19,8.794,8.801,6.527,6.565,2.267,2.236
1990-04-20,8.847,8.839,6.525,6.574,2.322,2.265
1990-04-23,8.878,8.879,6.547,6.593,2.331,2.287
1990-04-24,8.902,8.911,6.567,6.611,2.336,2.3
1990-04-25,8.912,8.925,6.584,6.622,2.328,2.304
1990-04-26,8.952,8.972,6.649,6.649,2.302,2.324
1990-04-27,8.968,8.975,6.623,6.647,2.345,2.328
1990-04-30,8.932,8.951,6.646,6.634,2.286,2.316
1990-05-01,8.953,8.967,6.677,6.651,2.277,2.316
1990-05-02,8.965,8.98,6.703,6.661,2.263,2.319
1990-05-03,8.927,8.938,6.654,6.641,2.273,2.298
1990-05-04,8.768,8.77,6.469,6.548,2.299,2.222
1990-05-07,8.797,8.771,6.492,6.549,2.306,2.223
1990-05-08,8.776,8.751,6.44,6.538,2.336,2.213
1990-05-09,8.859,8.821,6.494,6.569,2.365,2.252
1990-05-10,8.8,8.793,6.434,6.549,2.366,2.243
1990-05-11,8.619,8.659,6.371,6.473,2.247,2.185
1990-05-14,8.573,8.6,6.363,6.443,2.21,2.157
1990-05-15,8.614,8.62,6.386,6.455,2.228,2.165
1990-05-16,8.605,8.627,6.422,6.46,2.183,2.167
1990-05-17,8.617,8.641,6.433,6.468,2.183,2.173
1990-05-18,8.667,8.69,6.482,6.498,2.185,2.192
1990-05-21,8.678,8.697,6.446,6.505,2.232,2.191
1990-05-22,8.588,8.634,6.428,6.476,2.16,2.158
1990-05-23,8.555,8.588,6.389,6.449,2.166,2.139
1990-05-24,8.561,8.585,6.391,6.448,2.17,2.136
1990-05-25,8.608,8.618,6.391,6.471,2.217,2.147
1990-05-29,8.585,8.612,6.415,6.471,2.169,2.142
1990-05-30,8.556,8.592,6.407,6.461,2.149,2.131
1990-05-31,8.53,8.58,6.436,6.456,2.095,2.124
1990-06-01,8.372,8.444,6.328,6.384,2.044,2.06
1990-06-04,8.397,8.428,6.295,6.377,2.102,2.051
1990-06-05,8.434,8.456,6.31,6.392,2.123,2.063
1990-06-06,8.426,8.464,6.327,6.396,2.1,2.068
1990-06-07,8.414,8.456,6.315,6.392,2.099,2.063
1990-06-08,8.426,8.461,6.31,6.395,2.116,2.066
1990-06-11,8.435,8.474,6.328,6.405,2.107,2.069
1990-06-12,8.433,8.476,6.336,6.407,2.098,2.069
1990-06-13,8.373,8.415,6.249,6.373,2.124,2.042
1990-06-14,8.348,8.386,6.249,6.357,2.099,2.028
1990-06-15,8.413,8.44,6.31,6.386,2.103,2.054
1990-06-18,8.453,8.484,6.336,6.407,2.116,2.077
1990-06-19,8.468,8.503,6.339,6.42,2.128,2.084
1990-06-20,8.519,8.54,6.347,6.44,2.173,2.1
1990-06-21,8.49,8.529,6.334,6.437,2.156,2.092
1990-06-22,8.485,8.516,6.317,6.432,2.168,2.084
1990-06-25,8.548,8.563,6.345,6.457,2.203,2.106
1990-06-26,8.523,8.561,6.352,6.459,2.171,2.102
1990-06-27,8.509,8.535,6.302,6.448,2.207,2.087
1990-06-28,8.458,8.489,6.267,6.422,2.191,2.067
1990-06-29,8.4,8.444,6.268,6.399,2.131,2.045
1990-07-02,8.407,8.44,6.261,6.398,2.146,2.042
1990-07-03,8.41,8.427,6.195,6.39,2.216,2.037
1990-07-05,8.397,8.43,6.238,6.388,2.159,2.042
1990-07-06,8.482,8.506,6.295,6.431,2.187,2.076
1990-07-09,8.544,8.561,6.306,6.464,2.238,2.097
1990-07-10,8.541,8.574,6.326,6.474,2.215,2.1
1990-07-11,8.539,8.568,6.311,6.472,2.228,2.097
1990-07-12,8.482,8.501,6.226,6.429,2.256,2.072
1990-07-13,8.446,8.462,6.177,6.399,2.269,2.063
1990-07-16,8.431,8.457,6.183,6.393,2.249,2.065
1990-07-17,8.43,8.456,6.176,6.391,2.254,2.065
1990-07-18,8.507,8.495,6.128,6.405,2.379,2.089
1990-07-19,8.517,8.515,6.118,6.412,2.4,2.103
1990-07-20,8.468,8.491,6.105,6.398,2.363,2.092
1990-07-23,8.477,8.49,6.093,6.392,2.383,2.098
1990-07-24,8.509,8.532,6.135,6.413,2.374,2.118
1990-07-25,8.463,8.512,6.128,6.407,2.336,2.105
1990-07-26,8.458,8.499,6.122,6.404,2.336,2.095
1990-07-27,8.417,8.448,6.057,6.377,2.36,2.072
1990-07-30,8.32,8.368,6.028,6.334,2.292,2.033
1990-07-31,8.34,8.356,5.992,6.328,2.348,2.029
1990-08-01,8.261,8.297,5.959,6.293,2.302,2.004
1990-08-02,8.358,8.357,5.979,6.321,2.379,2.036
1990-08-03,8.433,8.388,5.87,6.324,2.564,2.064
1990-08-06,8.722,8.603,5.873,6.424,2.849,2.179
1990-08-07,8.771,8.733,5.966,6.493,2.805,2.24
1990-08-08,8.776,8.773,5.981,6.513,2.795,2.26
1990-08-09,8.656,8.704,5.974,6.483,2.682,2.221
1990-08-10,8.708,8.71,5.949,6.487,2.759,2.223
1990-08-13,8.76,8.74,5.923,6.506,2.837,2.234
1990-08-14,8.698,8.718,5.939,6.5,2.76,2.218
1990-08-15,8.652,8.689,5.949,6.49,2.703,2.199
1990-08-16,8.753,8.768,6.011,6.535,2.742,2.232
1990-08-17,8.798,8.81,6.019,6.556,2.779,2.254
1990-08-20,8.818,8.828,6.007,6.568,2.811,2.26
1990-08-21,8.827,8.853,6.067,6.586,2.76,2.267
1990-08-22,8.9,8.906,6.077,6.616,2.824,2.291
1990-08-23,9.01,8.988,6.072,6.654,2.938,2.334
1990-08-24,9.065,9.049,6.086,6.678,2.979,2.371
1990-08-27,8.908,8.961,6.064,6.636,2.844,2.326
1990-08-28,8.948,8.967,6.077,6.635,2.871,2.333
1990-08-29,8.837,8.894,6.077,6.595,2.761,2.299
1990-08-30,8.89,8.889,6.027,6.589,2.863,2.3
1990-08-31,8.895,8.886,5.998,6.58,2.897,2.306
1990-09-04,8.956,8.923,5.969,6.595,2.987,2.328
1990-09-05,8.904,8.897,5.947,6.579,2.957,2.318
1990-09-06,8.9,8.895,5.948,6.578,2.951,2.317
1990-09-07,8.868,8.874,5.938,6.569,2.93,2.305
1990-09-10,8.899,8.899,5.969,6.585,2.931,2.313
1990-09-11,8.88,8.888,5.963,6.582,2.917,2.305
1990-09-12,8.873,8.871,5.947,6.57,2.926,2.301
1990-09-13,8.88,8.867,5.921,6.564,2.96,2.304
1990-09-14,8.918,8.901,5.93,6.577,2.988,2.324
1990-09-17,8.971,8.939,5.903,6.597,3.068,2.342
1990-09-18,8.962,8.946,5.91,6.602,3.053,2.345
1990-09-19,8.948,8.951,5.935,6.608,3.012,2.343
1990-09-20,8.977,8.972,5.936,6.62,3.041,2.352
1990-09-21,9.053,9.021,5.931,6.642,3.123,2.379
1990-09-24,9.085,9.072,5.98,6.667,3.104,2.405
1990-09-25,9.077,9.074,5.972,6.667,3.105,2.407
1990-09-26,9.042,9.055,6.003,6.653,3.039,2.401
1990-09-27,8.969,8.978,5.934,6.604,3.034,2.374
1990-09-28,8.875,8.897,5.916,6.551,2.959,2.346
1990-10-01,8.76,8.804,5.909,6.497,2.851,2.307
1990-10-02,8.745,8.764,5.882,6.478,2.863,2.286
1990-10-03,8.769,8.757,5.848,6.473,2.921,2.284
1990-10-04,8.715,8.722,5.845,6.454,2.869,2.268
1990-10-05,8.689,8.688,5.821,6.428,2.868,2.26
1990-10-09,8.879,8.818,5.859,6.499,3.019,2.319
1990-10-10,8.947,8.894,5.871,6.542,3.076,2.352
1990-10-11,9.013,8.948,5.847,6.562,3.166,2.386
1990-10-12,8.915,8.905,5.841,6.54,3.075,2.365
1990-10-15,8.865,8.868,5.845,6.525,3.021,2.342
1990-10-16,8.846,8.845,5.845,6.518,3.001,2.327
1990-10-17,8.803,8.813,5.857,6.507,2.946,2.306
1990-10-18,8.735,8.758,5.853,6.485,2.882,2.273
1990-10-19,8.638,8.676,5.843,6.448,2.795,2.228
1990-10-22,8.634,8.651,5.845,6.436,2.788,2.215
1990-10-23,8.65,8.65,5.83,6.433,2.82,2.216
1990-10-24,8.661,8.656,5.824,6.436,2.837,2.22
1990-10-25,8.607,8.619,5.805,6.416,2.802,2.203
1990-10-26,8.648,8.632,5.788,6.416,2.86,2.216
1990-10-29,8.728,8.689,5.775,6.443,2.954,2.246
1990-10-30,8.733,8.713,5.784,6.455,2.949,2.258
1990-10-31,8.683,8.682,5.763,6.437,2.92,2.245
1990-11-01,8.598,8.61,5.717,6.395,2.881,2.215
1990-11-02,8.602,8.601,5.716,6.39,2.886,2.211
1990-11-05,8.529,8.552,5.708,6.366,2.82,2.186
1990-11-06,8.541,8.549,5.71,6.367,2.831,2.182
1990-11-07,8.625,8.6,5.703,6.394,2.922,2.206
1990-11-08,8.63,8.616,5.694,6.403,2.935,2.213
1990-11-09,8.522,8.551,5.688,6.368,2.833,2.183
1990-11-13,8.4,8.459,5.692,6.322,2.709,2.137
1990-11-14,8.378,8.419,5.693,6.304,2.685,2.115
1990-11-15,8.402,8.42,5.687,6.307,2.715,2.112
1990-11-16,8.332,8.371,5.683,6.283,2.649,2.088
1990-11-19,8.383,8.396,5.699,6.298,2.684,2.098
1990-11-20,8.347,8.378,5.708,6.29,2.639,2.088
1990-11-21,8.28,8.32,5.682,6.257,2.597,2.063
1990-11-23,8.301,8.315,5.661,6.251,2.64,2.065
1990-11-26,8.289,8.311,5.673,6.247,2.616,2.065
1990-11-27,8.311,8.325,5.677,6.253,2.633,2.071
1990-11-28,8.341,8.355,5.71,6.27,2.631,2.085
1990-11-29,8.346,8.367,5.729,6.274,2.617,2.093
1990-11-30,8.297,8.329,5.715,6.252,2.583,2.077
1990-12-03,8.235,8.28,5.717,6.229,2.518,2.051
1990-12-04,8.213,8.242,5.688,6.204,2.525,2.038
1990-12-05,8.178,8.211,5.689,6.185,2.49,2.026
1990-12-06,8.197,8.216,5.69,6.185,2.507,2.031
1990-12-07,8.024,8.086,5.635,6.108,2.389,1.978
1990-12-10,7.981,8.027,5.619,6.071,2.363,1.956
1990-12-11,7.943,7.984,5.606,6.046,2.337,1.938
1990-12-12,7.904,7.944,5.594,6.019,2.31,1.925
1990-12-13,8.025,8.015,5.603,6.053,2.422,1.962
1990-12-14,8.116,8.091,5.604,6.091,2.512,2
1990-12-17,8.086,8.092,5.601,6.089,2.485,2.002
1990-12-18,8.045,8.063,5.59,6.069,2.455,1.994
1990-12-19,8.07,8.054,5.518,6.05,2.552,2.003
1990-12-20,8.144,8.11,5.515,6.065,2.628,2.045
1990-12-21,8.246,8.198,5.522,6.106,2.725,2.093
1990-12-24,8.363,8.304,5.538,6.152,2.825,2.151
1990-12-26,8.276,8.278,5.543,6.132,2.734,2.146
1990-12-27,8.228,8.24,5.536,6.109,2.692,2.131
1990-12-28,8.294,8.265,5.511,6.115,2.783,2.15
1990-12-31,8.229,8.221,5.466,6.086,2.764,2.135
1991-01-02,8.119,8.135,5.423,6.044,2.696,2.091
1991-01-03,8.072,8.088,5.417,6.02,2.655,2.068
1991-01-04,8.152,8.147,5.475,6.058,2.677,2.089
1991-01-07,8.29,8.242,5.458,6.107,2.831,2.135
1991-01-08,8.314,8.274,5.43,6.117,2.884,2.157
1991-01-09,8.436,8.36,5.403,6.14,3.034,2.221
1991-01-10,8.325,8.326,5.414,6.109,2.911,2.217
1991-01-11,8.346,8.339,5.422,6.104,2.924,2.235
1991-01-14,8.362,8.362,5.452,6.098,2.91,2.264
1991-01-15,8.343,8.352,5.417,6.083,2.926,2.269
1991-01-16,8.367,8.371,5.425,6.085,2.942,2.286
1991-01-17,8.126,8.232,5.5,6.021,2.626,2.211
1991-01-18,8.141,8.174,5.452,5.989,2.689,2.185
1991-01-22,8.175,8.172,5.437,5.983,2.738,2.189
1991-01-23,8.153,8.156,5.424,5.978,2.729,2.178
1991-01-24,8.126,8.126,5.393,5.966,2.732,2.16
1991-01-25,8.182,8.162,5.405,5.989,2.777,2.173
1991-01-28,8.162,8.166,5.426,5.999,2.736,2.167
1991-01-29,8.146,8.148,5.4,5.994,2.746,2.154
1991-01-30,8.157,8.149,5.408,5.996,2.748,2.154
1991-01-31,8.15,8.14,5.367,5.99,2.784,2.15
1991-02-01,8.063,8.039,5.214,5.923,2.85,2.116
1991-02-04,8.01,8.007,5.236,5.899,2.775,2.108
1991-02-05,7.983,7.985,5.207,5.884,2.776,2.101
1991-02-06,7.979,7.983,5.21,5.875,2.77,2.108
1991-02-07,8.009,8.002,5.191,5.882,2.818,2.12
1991-02-08,7.943,7.968,5.214,5.84,2.729,2.128
1991-02-11,7.952,7.963,5.19,5.844,2.762,2.119
1991-02-12,7.942,7.956,5.213,5.842,2.729,2.114
1991-02-13,7.942,7.954,5.215,5.842,2.727,2.112
1991-02-14,7.958,7.96,5.198,5.844,2.76,2.116
1991-02-15,7.949,7.965,5.196,5.852,2.754,2.114
1991-02-19,7.962,7.988,5.245,5.868,2.717,2.12
1991-02-20,7.973,8.003,5.283,5.876,2.69,2.127
1991-02-21,8.014,8.033,5.305,5.889,2.709,2.144
1991-02-22,8.027,8.072,5.374,5.908,2.653,2.165
1991-02-25,8.009,8.067,5.392,5.907,2.617,2.16
1991-02-26,8.087,8.11,5.383,5.934,2.705,2.176
1991-02-27,8.105,8.129,5.389,5.945,2.716,2.184
1991-02-28,8.141,8.153,5.375,5.959,2.765,2.194
1991-03-01,8.222,8.245,5.479,6.008,2.743,2.237
1991-03-04,8.224,8.255,5.47,6.01,2.753,2.244
1991-03-05,8.204,8.236,5.447,6,2.757,2.236
1991-03-06,8.231,8.256,5.46,6.011,2.771,2.245
1991-03-07,8.194,8.236,5.457,6.003,2.737,2.233
1991-03-08,8.256,8.26,5.422,6.005,2.833,2.256
1991-03-11,8.201,8.233,5.409,5.981,2.791,2.252
1991-03-12,8.22,8.25,5.431,5.981,2.788,2.269
1991-03-13,8.158,8.204,5.386,5.95,2.772,2.253
1991-03-14,8.172,8.192,5.348,5.934,2.824,2.258
1991-03-15,8.249,8.257,5.39,5.964,2.859,2.293
1991-03-18,8.292,8.317,5.411,5.994,2.88,2.323
1991-03-19,8.358,8.405,5.536,6.041,2.821,2.363
1991-03-20,8.299,8.377,5.529,6.026,2.77,2.351
1991-03-21,8.262,8.33,5.491,6.001,2.772,2.329
1991-03-22,8.248,8.307,5.489,5.989,2.759,2.318
1991-03-25,8.242,8.299,5.503,5.985,2.739,2.314
1991-03-26,8.241,8.297,5.516,5.982,2.725,2.315
1991-03-27,8.194,8.254,5.486,5.954,2.708,2.3
1991-03-28,8.177,8.225,5.439,5.932,2.738,2.293
1991-04-01,8.187,8.223,5.422,5.928,2.765,2.295
1991-04-02,8.151,8.192,5.389,5.914,2.761,2.278
1991-04-03,8.172,8.202,5.393,5.92,2.779,2.282
1991-04-04,8.145,8.178,5.355,5.907,2.791,2.271
1991-04-05,8.129,8.162,5.342,5.897,2.786,2.265
1991-04-08,8.112,8.149,5.339,5.884,2.773,2.266
1991-04-09,8.157,8.181,5.349,5.894,2.808,2.288
1991-04-10,8.25,8.254,5.348,5.926,2.902,2.329
1991-04-11,8.254,8.262,5.313,5.922,2.941,2.339
1991-04-12,8.16,8.196,5.261,5.883,2.899,2.313
1991-04-15,8.113,8.161,5.292,5.87,2.82,2.291
1991-04-16,8.114,8.153,5.316,5.87,2.798,2.284
1991-04-17,8.099,8.133,5.314,5.855,2.785,2.278
1991-04-18,8.183,8.194,5.355,5.892,2.828,2.303
1991-04-19,8.275,8.257,5.333,5.932,2.942,2.325
1991-04-22,8.32,8.301,5.345,5.953,2.974,2.348
1991-04-23,8.265,8.285,5.366,5.947,2.899,2.337
1991-04-24,8.196,8.23,5.339,5.918,2.857,2.312
1991-04-25,8.214,8.227,5.328,5.912,2.886,2.315
1991-04-26,8.217,8.229,5.302,5.912,2.915,2.317
1991-04-29,8.235,8.237,5.285,5.914,2.949,2.322
1991-04-30,8.183,8.2,5.26,5.886,2.923,2.314
1991-05-01,8.171,8.187,5.244,5.877,2.927,2.309
1991-05-02,8.111,8.155,5.271,5.856,2.84,2.299
1991-05-03,8.196,8.203,5.263,5.876,2.933,2.326
1991-05-06,8.213,8.228,5.256,5.886,2.958,2.341
1991-05-07,8.247,8.247,5.209,5.901,3.038,2.346
1991-05-08,8.231,8.251,5.246,5.905,2.985,2.346
1991-05-09,8.221,8.248,5.257,5.903,2.963,2.345
1991-05-10,8.325,8.309,5.231,5.932,3.094,2.378
1991-05-13,8.3,8.304,5.199,5.926,3.101,2.378
1991-05-14,8.356,8.346,5.232,5.949,3.125,2.397
1991-05-15,8.356,8.355,5.216,5.952,3.139,2.403
1991-05-16,8.338,8.352,5.218,5.946,3.12,2.406
1991-05-17,8.289,8.331,5.248,5.932,3.041,2.399
1991-05-20,8.312,8.336,5.229,5.937,3.083,2.399
1991-05-21,8.281,8.309,5.209,5.931,3.072,2.379
1991-05-22,8.312,8.302,5.151,5.929,3.161,2.374
1991-05-23,8.341,8.317,5.147,5.934,3.194,2.384
1991-05-24,8.354,8.328,5.121,5.938,3.233,2.39
1991-05-28,8.294,8.302,5.142,5.924,3.153,2.378
1991-05-29,8.303,8.3,5.126,5.927,3.178,2.373
1991-05-30,8.24,8.265,5.151,5.912,3.09,2.353
1991-05-31,8.26,8.283,5.206,5.929,3.055,2.354
1991-06-03,8.328,8.346,5.287,5.969,3.041,2.378
1991-06-04,8.313,8.35,5.302,5.971,3.011,2.379
1991-06-05,8.358,8.382,5.328,5.987,3.03,2.395
1991-06-06,8.389,8.416,5.362,6,3.027,2.416
1991-06-07,8.465,8.477,5.368,6.027,3.098,2.45
1991-06-10,8.47,8.484,5.359,6.029,3.111,2.455
1991-06-11,8.46,8.481,5.384,6.026,3.075,2.455
1991-06-12,8.523,8.522,5.401,6.044,3.122,2.478
1991-06-13,8.506,8.515,5.396,6.04,3.11,2.475
1991-06-14,8.445,8.466,5.373,6.015,3.072,2.451
1991-06-17,8.462,8.463,5.37,6.015,3.092,2.449
1991-06-18,8.48,8.476,5.371,6.023,3.109,2.452
1991-06-19,8.508,8.491,5.353,6.028,3.155,2.463
1991-06-20,8.487,8.471,5.292,6.017,3.195,2.454
1991-06-21,8.487,8.489,5.359,6.027,3.128,2.462
1991-06-24,8.48,8.502,5.404,6.033,3.076,2.469
1991-06-25,8.484,8.506,5.404,6.035,3.079,2.471
1991-06-26,8.497,8.511,5.394,6.035,3.103,2.476
1991-06-27,8.478,8.499,5.396,6.027,3.083,2.471
1991-06-28,8.458,8.463,5.322,6.007,3.135,2.455
1991-07-01,8.41,8.455,5.427,6.006,2.983,2.449
1991-07-02,8.438,8.465,5.4,6.013,3.037,2.452
1991-07-03,8.427,8.453,5.38,6.006,3.048,2.447
1991-07-05,8.483,8.501,5.428,6.028,3.055,2.473
1991-07-08,8.498,8.514,5.417,6.031,3.081,2.483
1991-07-09,8.509,8.53,5.426,6.04,3.083,2.49
1991-07-10,8.497,8.527,5.42,6.039,3.076,2.488
1991-07-11,8.417,8.48,5.444,6.016,2.974,2.465
1991-07-12,8.352,8.425,5.424,5.988,2.928,2.438
1991-07-15,8.367,8.419,5.418,5.987,2.949,2.432
1991-07-16,8.365,8.416,5.413,5.989,2.952,2.427
1991-07-17,8.44,8.455,5.379,6.014,3.061,2.441
1991-07-18,8.437,8.467,5.397,6.021,3.04,2.446
1991-07-19,8.42,8.453,5.365,6.014,3.055,2.439
1991-07-22,8.418,8.452,5.366,6.014,3.052,2.438
1991-07-23,8.437,8.471,5.385,6.025,3.052,2.446
1991-07-24,8.37,8.421,5.353,6,3.017,2.421
1991-07-25,8.332,8.38,5.32,5.981,3.012,2.398
1991-07-26,8.336,8.368,5.308,5.976,3.028,2.392
1991-07-29,8.33,8.363,5.316,5.973,3.014,2.389
1991-07-30,8.336,8.366,5.302,5.975,3.034,2.391
1991-07-31,8.32,8.347,5.273,5.964,3.047,2.383
1991-08-01,8.337,8.36,5.265,5.972,3.072,2.388
1991-08-02,8.216,8.254,5.149,5.914,3.067,2.341
1991-08-05,8.192,8.225,5.172,5.901,3.019,2.324
1991-08-06,8.146,8.169,5.109,5.867,3.037,2.302
1991-08-07,8.122,8.151,5.103,5.853,3.019,2.298
1991-08-08,8.213,8.193,5.039,5.871,3.174,2.322
1991-08-09,8.202,8.204,5.027,5.871,3.175,2.333
1991-08-12,8.18,8.2,5.023,5.867,3.157,2.333
1991-08-13,8.138,8.175,5.017,5.854,3.121,2.321
1991-08-14,8.069,8.106,4.951,5.821,3.118,2.285
1991-08-15,8.114,8.107,4.896,5.824,3.218,2.284
1991-08-16,8.098,8.101,4.882,5.818,3.217,2.282
1991-08-19,8.119,8.1,4.813,5.805,3.306,2.294
1991-08-20,8.097,8.085,4.763,5.791,3.335,2.294
1991-08-21,8.076,8.102,4.839,5.813,3.237,2.29
1991-08-22,8.047,8.082,4.845,5.813,3.202,2.269
1991-08-23,8.088,8.137,4.969,5.853,3.12,2.284
1991-08-26,8.159,8.181,4.967,5.881,3.192,2.3
1991-08-27,8.158,8.175,4.932,5.88,3.226,2.295
1991-08-28,8.101,8.116,4.857,5.844,3.244,2.273
1991-08-29,8.03,8.058,4.833,5.81,3.197,2.248
1991-08-30,8.085,8.105,4.907,5.836,3.178,2.269
1991-09-03,8.071,8.103,4.9,5.837,3.171,2.266
1991-09-04,8.086,8.105,4.88,5.839,3.206,2.266
1991-09-05,8.11,8.12,4.869,5.846,3.241,2.274
1991-09-06,8.037,8.071,4.845,5.819,3.193,2.252
1991-09-09,7.991,8.031,4.838,5.798,3.152,2.234
1991-09-10,7.992,8.022,4.835,5.789,3.157,2.234
1991-09-11,7.989,8.026,4.852,5.789,3.137,2.237
1991-09-12,7.922,7.98,4.842,5.763,3.081,2.217
1991-09-13,7.895,7.945,4.825,5.738,3.07,2.207
1991-09-16,7.857,7.92,4.847,5.723,3.01,2.196
1991-09-17,7.832,7.898,4.854,5.713,2.978,2.185
1991-09-18,7.831,7.888,4.858,5.707,2.973,2.182
1991-09-19,7.83,7.884,4.863,5.706,2.966,2.178
1991-09-20,7.792,7.856,4.853,5.69,2.939,2.165
1991-09-23,7.789,7.841,4.85,5.685,2.939,2.156
1991-09-24,7.811,7.842,4.828,5.684,2.983,2.158
1991-09-25,7.842,7.857,4.808,5.69,3.033,2.167
1991-09-26,7.851,7.854,4.758,5.684,3.093,2.17
1991-09-27,7.755,7.798,4.758,5.655,2.998,2.144
1991-09-30,7.73,7.764,4.734,5.636,2.996,2.129
1991-10-01,7.703,7.74,4.729,5.623,2.975,2.117
1991-10-02,7.705,7.735,4.724,5.621,2.981,2.114
1991-10-03,7.699,7.725,4.705,5.612,2.994,2.113
1991-10-04,7.623,7.67,4.676,5.581,2.948,2.09
1991-10-07,7.625,7.652,4.654,5.571,2.971,2.081
1991-10-08,7.664,7.666,4.63,5.578,3.035,2.088
1991-10-09,7.779,7.736,4.586,5.611,3.193,2.124
1991-10-10,7.817,7.803,4.638,5.645,3.178,2.158
1991-10-11,7.708,7.749,4.619,5.614,3.089,2.135
1991-10-15,7.681,7.71,4.592,5.592,3.089,2.118
1991-10-16,7.669,7.695,4.591,5.585,3.078,2.11
1991-10-17,7.787,7.77,4.592,5.627,3.195,2.142
1991-10-18,7.757,7.777,4.619,5.633,3.139,2.143
1991-10-21,7.867,7.842,4.591,5.669,3.276,2.172
1991-10-22,7.92,7.898,4.601,5.701,3.319,2.197
1991-10-24,7.917,7.895,4.546,5.693,3.372,2.201
1991-10-25,7.962,7.928,4.532,5.706,3.429,2.222
1991-10-28,7.938,7.923,4.514,5.701,3.424,2.223
1991-10-29,7.808,7.834,4.486,5.65,3.323,2.184
1991-10-30,7.791,7.801,4.459,5.627,3.332,2.174
1991-10-31,7.791,7.783,4.403,5.614,3.388,2.169
1991-11-01,7.825,7.79,4.341,5.61,3.484,2.18
1991-11-04,7.874,7.829,4.317,5.626,3.558,2.202
1991-11-05,7.9,7.879,4.378,5.652,3.522,2.228
1991-11-06,7.869,7.854,4.322,5.627,3.547,2.227
1991-11-07,7.77,7.798,4.34,5.593,3.43,2.204
1991-11-08,7.757,7.782,4.365,5.581,3.392,2.2
1991-11-12,7.662,7.732,4.434,5.554,3.228,2.178
1991-11-13,7.7,7.74,4.445,5.555,3.254,2.185
1991-11-14,7.657,7.694,4.395,5.53,3.263,2.164
1991-11-15,7.665,7.672,4.341,5.515,3.324,2.157
1991-11-18,7.669,7.668,4.319,5.512,3.35,2.157
1991-11-19,7.712,7.681,4.262,5.513,3.45,2.169
1991-11-20,7.734,7.706,4.259,5.519,3.475,2.187
1991-11-21,7.752,7.715,4.214,5.516,3.537,2.2
1991-11-22,7.794,7.753,4.208,5.53,3.586,2.223
1991-11-25,7.829,7.795,4.221,5.55,3.608,2.246
1991-11-26,7.807,7.783,4.184,5.54,3.623,2.243
1991-11-27,7.808,7.784,4.171,5.538,3.637,2.246
1991-11-29,7.773,7.761,4.154,5.522,3.619,2.239
1991-12-02,7.708,7.709,4.114,5.498,3.594,2.211
1991-12-03,7.673,7.666,4.075,5.477,3.597,2.19
1991-12-04,7.553,7.569,4.023,5.426,3.529,2.143
1991-12-05,7.586,7.568,4.019,5.425,3.567,2.142
1991-12-06,7.617,7.581,4,5.424,3.617,2.157
1991-12-09,7.587,7.548,3.907,5.396,3.68,2.151
1991-12-10,7.608,7.562,3.892,5.405,3.716,2.157
1991-12-11,7.627,7.579,3.873,5.41,3.754,2.169
1991-12-12,7.592,7.569,3.879,5.405,3.713,2.165
1991-12-13,7.642,7.607,3.897,5.423,3.746,2.184
1991-12-16,7.637,7.609,3.875,5.423,3.762,2.186
1991-12-17,7.608,7.586,3.848,5.411,3.76,2.175
1991-12-18,7.627,7.613,3.912,5.424,3.716,2.189
1991-12-19,7.545,7.559,3.902,5.391,3.644,2.168
1991-12-20,7.455,7.442,3.76,5.302,3.694,2.14
1991-12-23,7.354,7.378,3.806,5.257,3.548,2.121
1991-12-24,7.343,7.364,3.839,5.246,3.504,2.118
1991-12-26,7.326,7.347,3.851,5.236,3.475,2.111
1991-12-27,7.289,7.319,3.872,5.221,3.417,2.098
1991-12-30,7.225,7.267,3.874,5.195,3.351,2.072
1991-12-31,7.142,7.207,3.909,5.164,3.233,2.043
1992-01-02,7.268,7.251,3.836,5.185,3.432,2.065
1992-01-03,7.341,7.319,3.865,5.218,3.476,2.101
1992-01-06,7.334,7.321,3.815,5.215,3.519,2.105
1992-01-07,7.277,7.275,3.755,5.188,3.522,2.087
1992-01-08,7.319,7.291,3.73,5.191,3.588,2.1
1992-01-09,7.341,7.336,3.799,5.215,3.542,2.12
1992-01-10,7.418,7.406,3.84,5.254,3.579,2.152
1992-01-13,7.465,7.474,3.928,5.286,3.537,2.187
1992-01-14,7.54,7.563,4.05,5.326,3.49,2.237
1992-01-15,7.553,7.603,4.102,5.344,3.451,2.259
1992-01-16,7.613,7.648,4.124,5.358,3.49,2.29
1992-01-17,7.596,7.633,4.083,5.347,3.513,2.287
1992-01-21,7.522,7.562,4.006,5.305,3.516,2.256
1992-01-22,7.55,7.568,4.007,5.307,3.543,2.261
1992-01-23,7.642,7.638,4.028,5.342,3.614,2.296
1992-01-24,7.625,7.68,4.161,5.365,3.464,2.315
1992-01-27,7.615,7.679,4.169,5.367,3.446,2.312
1992-01-28,7.521,7.604,4.141,5.33,3.381,2.274
1992-01-29,7.638,7.657,4.14,5.357,3.498,2.299
1992-01-30,7.672,7.701,4.181,5.376,3.491,2.325
1992-01-31,7.689,7.709,4.133,5.379,3.556,2.329
1992-02-03,7.746,7.762,4.174,5.404,3.573,2.358
1992-02-04,7.667,7.726,4.171,5.385,3.496,2.341
1992-02-05,7.614,7.675,4.137,5.36,3.476,2.314
1992-02-06,7.618,7.654,4.092,5.349,3.526,2.304
1992-02-07,7.664,7.657,4.011,5.345,3.653,2.313
1992-02-10,7.703,7.684,3.964,5.355,3.739,2.329
1992-02-11,7.691,7.709,4.02,5.37,3.672,2.339
1992-02-12,7.722,7.75,4.072,5.391,3.65,2.36
1992-02-13,7.809,7.847,4.185,5.44,3.624,2.407
1992-02-14,7.765,7.864,4.284,5.446,3.481,2.419
1992-02-18,7.858,7.907,4.242,5.466,3.616,2.44
1992-02-19,7.803,7.886,4.273,5.459,3.53,2.427
1992-02-20,7.762,7.86,4.306,5.45,3.456,2.41
1992-02-21,7.756,7.881,4.435,5.464,3.32,2.417
1992-02-24,7.805,7.898,4.437,5.472,3.369,2.426
1992-02-25,7.786,7.871,4.409,5.461,3.378,2.41
1992-02-26,7.691,7.788,4.375,5.419,3.316,2.368
1992-02-27,7.704,7.771,4.363,5.409,3.341,2.362
1992-02-28,7.655,7.717,4.291,5.383,3.364,2.334
1992-03-02,7.745,7.801,4.41,5.435,3.335,2.366
1992-03-03,7.755,7.827,4.443,5.451,3.312,2.376
1992-03-04,7.743,7.823,4.457,5.449,3.286,2.375
1992-03-05,7.805,7.885,4.554,5.478,3.251,2.407
1992-03-06,7.758,7.859,4.545,5.462,3.213,2.397
1992-03-09,7.697,7.796,4.505,5.427,3.191,2.369
1992-03-10,7.686,7.779,4.526,5.416,3.159,2.362
1992-03-11,7.804,7.844,4.535,5.447,3.269,2.397
1992-03-12,7.873,7.938,4.648,5.49,3.225,2.448
1992-03-13,7.894,8.01,4.797,5.522,3.097,2.488
1992-03-16,7.895,8.012,4.788,5.519,3.107,2.493
1992-03-17,7.825,7.953,4.762,5.487,3.063,2.466
1992-03-18,7.81,7.928,4.781,5.472,3.028,2.456
1992-03-19,7.77,7.884,4.762,5.448,3.007,2.436
1992-03-20,7.823,7.922,4.812,5.466,3.011,2.455
1992-03-23,7.807,7.914,4.816,5.457,2.991,2.456
1992-03-24,7.707,7.83,4.772,5.415,2.935,2.416
1992-03-25,7.719,7.803,4.735,5.398,2.983,2.405
1992-03-26,7.782,7.839,4.713,5.415,3.069,2.424
1992-03-27,7.753,7.835,4.721,5.413,3.032,2.422
1992-03-30,7.762,7.828,4.669,5.41,3.094,2.418
1992-03-31,7.785,7.841,4.644,5.422,3.142,2.418
1992-04-01,7.699,7.779,4.584,5.393,3.115,2.385
1992-04-02,7.727,7.787,4.58,5.401,3.147,2.387
1992-04-03,7.748,7.761,4.428,5.386,3.32,2.376
1992-04-06,7.747,7.764,4.395,5.389,3.351,2.376
1992-04-07,7.778,7.783,4.349,5.395,3.429,2.388
1992-04-08,7.832,7.827,4.322,5.416,3.51,2.411
1992-04-09,7.785,7.763,4.13,5.367,3.655,2.396
1992-04-10,7.745,7.774,4.201,5.365,3.544,2.409
1992-04-13,7.695,7.749,4.188,5.347,3.507,2.402
1992-04-14,7.687,7.752,4.217,5.345,3.471,2.406
1992-04-15,7.706,7.777,4.266,5.355,3.44,2.423
1992-04-16,7.72,7.828,4.389,5.377,3.33,2.45
1992-04-20,7.864,7.936,4.442,5.431,3.421,2.504
1992-04-21,7.863,7.946,4.422,5.435,3.441,2.51
1992-04-22,7.854,7.939,4.419,5.431,3.435,2.508
1992-04-23,7.871,7.951,4.431,5.435,3.44,2.516
1992-04-24,7.844,7.921,4.377,5.418,3.467,2.502
1992-04-27,7.869,7.946,4.416,5.435,3.452,2.511
1992-04-28,7.849,7.931,4.402,5.429,3.447,2.502
1992-04-29,7.883,7.941,4.374,5.435,3.509,2.506
1992-04-30,7.879,7.953,4.408,5.441,3.471,2.513
1992-05-01,7.852,7.914,4.329,5.414,3.523,2.5
1992-05-04,7.873,7.921,4.305,5.416,3.568,2.505
1992-05-05,7.853,7.91,4.287,5.412,3.565,2.497
1992-05-06,7.813,7.878,4.263,5.396,3.55,2.482
1992-05-07,7.782,7.878,4.337,5.396,3.445,2.482
1992-05-08,7.713,7.818,4.305,5.366,3.408,2.452
1992-05-11,7.725,7.794,4.253,5.355,3.472,2.438
1992-05-12,7.709,7.765,4.208,5.342,3.501,2.423
1992-05-13,7.723,7.755,4.153,5.337,3.569,2.419
1992-05-14,7.707,7.75,4.152,5.334,3.555,2.417
1992-05-15,7.638,7.713,4.166,5.316,3.472,2.397
1992-05-18,7.624,7.696,4.164,5.31,3.46,2.386
1992-05-19,7.566,7.626,4.067,5.273,3.499,2.353
1992-05-20,7.573,7.648,4.159,5.286,3.414,2.362
1992-05-21,7.682,7.769,4.342,5.353,3.339,2.416
1992-05-22,7.65,7.742,4.276,5.342,3.374,2.4
1992-05-26,7.756,7.812,4.314,5.384,3.442,2.428
1992-05-27,7.767,7.809,4.246,5.384,3.522,2.426
1992-05-28,7.695,7.756,4.213,5.358,3.481,2.399
1992-05-29,7.646,7.711,4.194,5.338,3.452,2.373
1992-06-01,7.664,7.738,4.276,5.357,3.388,2.381
1992-06-02,7.651,7.709,4.212,5.345,3.44,2.364
1992-06-03,7.65,7.695,4.188,5.338,3.462,2.357
1992-06-04,7.642,7.691,4.197,5.335,3.445,2.356
1992-06-05,7.608,7.66,4.159,5.317,3.449,2.343
1992-06-08,7.623,7.662,4.145,5.318,3.478,2.345
1992-06-09,7.695,7.702,4.111,5.339,3.584,2.363
1992-06-10,7.705,7.722,4.11,5.35,3.596,2.372
1992-06-11,7.686,7.71,4.086,5.344,3.599,2.366
1992-06-12,7.634,7.671,4.059,5.323,3.576,2.348
1992-06-15,7.624,7.659,4.055,5.317,3.569,2.342
1992-06-16,7.607,7.633,4.007,5.305,3.6,2.328
1992-06-17,7.578,7.609,4.006,5.292,3.572,2.318
1992-06-18,7.564,7.583,3.96,5.278,3.604,2.305
1992-06-19,7.583,7.612,4.027,5.296,3.556,2.316
1992-06-22,7.586,7.611,4.008,5.296,3.578,2.315
1992-06-23,7.591,7.632,4.063,5.311,3.528,2.321
1992-06-24,7.63,7.614,3.917,5.301,3.712,2.313
1992-06-25,7.553,7.558,3.876,5.273,3.677,2.285
1992-06-26,7.562,7.566,3.903,5.278,3.659,2.288
1992-06-29,7.581,7.56,3.818,5.273,3.763,2.287
1992-06-30,7.599,7.578,3.817,5.281,3.782,2.297
1992-07-01,7.57,7.565,3.809,5.273,3.761,2.292
1992-07-02,7.412,7.412,3.64,5.17,3.772,2.242
1992-07-06,7.4,7.372,3.573,5.138,3.827,2.235
1992-07-07,7.401,7.354,3.481,5.123,3.92,2.231
1992-07-08,7.437,7.381,3.466,5.136,3.971,2.245
1992-07-09,7.427,7.393,3.478,5.141,3.949,2.251
1992-07-10,7.439,7.4,3.444,5.146,3.995,2.254
1992-07-13,7.485,7.435,3.429,5.164,4.056,2.27
1992-07-14,7.502,7.438,3.346,5.169,4.156,2.269
1992-07-15,7.441,7.386,3.259,5.145,4.181,2.241
1992-07-16,7.408,7.368,3.282,5.138,4.126,2.231
1992-07-17,7.457,7.396,3.265,5.152,4.193,2.244
1992-07-20,7.434,7.401,3.296,5.157,4.138,2.244
1992-07-21,7.405,7.394,3.328,5.156,4.077,2.237
1992-07-22,7.345,7.348,3.324,5.134,4.021,2.215
1992-07-23,7.201,7.227,3.27,5.074,3.931,2.152
1992-07-24,7.218,7.212,3.296,5.068,3.921,2.144
1992-07-27,7.151,7.177,3.356,5.053,3.795,2.124
1992-07-28,7.088,7.121,3.368,5.025,3.72,2.096
1992-07-29,7.063,7.09,3.388,5.008,3.675,2.082
1992-07-30,7.169,7.165,3.469,5.041,3.699,2.123
1992-07-31,7.168,7.207,3.583,5.057,3.585,2.15
1992-08-03,7.181,7.216,3.591,5.055,3.59,2.161
1992-08-04,7.131,7.159,3.511,5.024,3.62,2.135
1992-08-05,7.122,7.128,3.467,5.009,3.655,2.119
1992-08-06,7.142,7.125,3.435,5.007,3.706,2.118
1992-08-07,7.07,7.057,3.349,4.972,3.72,2.084
1992-08-10,7.03,7.006,3.288,4.949,3.741,2.057
1992-08-11,6.984,6.978,3.315,4.938,3.669,2.04
1992-08-12,6.983,6.986,3.378,4.941,3.605,2.045
1992-08-13,7.083,7.039,3.34,4.956,3.743,2.083
1992-08-14,7.06,7.037,3.319,4.955,3.741,2.083
1992-08-17,7.119,7.068,3.279,4.972,3.84,2.097
1992-08-18,7.034,7.01,3.218,4.944,3.816,2.066
1992-08-19,7.025,6.995,3.21,4.94,3.815,2.055
1992-08-20,7.015,6.986,3.199,4.939,3.815,2.046
1992-08-21,7.096,7.054,3.263,4.974,3.833,2.08
1992-08-24,7.248,7.196,3.367,5.049,3.881,2.147
1992-08-25,7.275,7.251,3.4,5.078,3.875,2.173
1992-08-26,7.236,7.23,3.382,5.066,3.854,2.163
1992-08-27,7.199,7.19,3.341,5.047,3.858,2.142
1992-08-28,7.203,7.171,3.284,5.04,3.918,2.131
1992-08-31,7.199,7.165,3.273,5.04,3.925,2.125
1992-09-01,7.132,7.116,3.241,5.017,3.89,2.099
1992-09-02,7.092,7.077,3.227,4.999,3.865,2.078
1992-09-03,7.084,7.065,3.229,4.994,3.854,2.072
1992-09-04,6.945,6.931,3.076,4.908,3.869,2.022
1992-09-08,6.847,6.84,3.043,4.854,3.803,1.986
1992-09-09,6.872,6.84,3.044,4.851,3.828,1.989
1992-09-10,6.879,6.849,3.052,4.854,3.828,1.995
1992-09-11,6.953,6.902,3.061,4.879,3.891,2.023
1992-09-14,6.921,6.883,3.011,4.867,3.91,2.017
1992-09-15,6.994,6.945,3.059,4.898,3.935,2.046
1992-09-16,7.022,6.976,3.055,4.912,3.968,2.064
1992-09-17,7.027,6.986,3.042,4.915,3.985,2.071
1992-09-18,7.032,6.999,3.056,4.919,3.976,2.079
1992-09-21,7.043,7.023,3.103,4.932,3.94,2.091
1992-09-22,7.121,7.076,3.096,4.96,4.025,2.116
1992-09-23,7.181,7.126,3.101,4.985,4.08,2.142
1992-09-24,7.122,7.095,3.075,4.967,4.047,2.128
1992-09-25,7.03,7.008,2.993,4.916,4.038,2.092
1992-09-28,6.979,6.958,2.978,4.888,4.002,2.07
1992-09-29,7.007,6.966,2.983,4.888,4.023,2.078
1992-09-30,7.004,6.971,3.002,4.884,4.002,2.086
1992-10-01,6.882,6.868,2.913,4.824,3.969,2.044
1992-10-02,6.907,6.871,2.937,4.823,3.97,2.048
1992-10-05,6.892,6.854,2.905,4.814,3.987,2.039
1992-10-06,6.967,6.904,2.925,4.846,4.041,2.058
1992-10-07,7.115,7.045,3.048,4.925,4.067,2.12
1992-10-08,7.074,7.033,3.002,4.92,4.072,2.112
1992-10-09,7.13,7.102,3.139,4.956,3.991,2.145
1992-10-13,7.134,7.111,3.132,4.964,4.001,2.147
1992-10-14,7.114,7.109,3.183,4.97,3.931,2.14
1992-10-15,7.128,7.109,3.181,4.972,3.947,2.138
1992-10-16,7.191,7.148,3.189,4.99,4.003,2.158
1992-10-19,7.22,7.216,3.342,5.026,3.878,2.19
1992-10-20,7.346,7.356,3.528,5.1,3.818,2.256
1992-10-21,7.283,7.32,3.488,5.074,3.795,2.246
1992-10-22,7.207,7.261,3.496,5.037,3.711,2.223
1992-10-23,7.257,7.308,3.66,5.057,3.597,2.251
1992-10-26,7.256,7.312,3.665,5.055,3.591,2.257
1992-10-27,7.201,7.251,3.599,5.022,3.602,2.228
1992-10-28,7.212,7.235,3.584,5.013,3.628,2.222
1992-10-29,7.158,7.198,3.587,4.994,3.571,2.204
1992-10-30,7.237,7.259,3.682,5.023,3.555,2.236
1992-11-02,7.29,7.322,3.75,5.055,3.54,2.267
1992-11-03,7.275,7.316,3.728,5.053,3.548,2.263
1992-11-04,7.305,7.327,3.71,5.058,3.595,2.269
1992-11-05,7.31,7.33,3.7,5.058,3.611,2.272
1992-11-06,7.386,7.401,3.742,5.097,3.644,2.304
1992-11-09,7.4,7.447,3.821,5.123,3.578,2.324
1992-11-10,7.316,7.392,3.796,5.097,3.52,2.296
1992-11-12,7.208,7.287,3.73,5.046,3.478,2.241
1992-11-13,7.237,7.305,3.827,5.056,3.41,2.248
1992-11-16,7.268,7.355,3.95,5.082,3.318,2.273
1992-11-17,7.244,7.331,3.925,5.072,3.318,2.258
1992-11-18,7.182,7.256,3.854,5.035,3.329,2.22
1992-11-19,7.219,7.258,3.857,5.037,3.362,2.221
1992-11-20,7.237,7.292,3.924,5.057,3.313,2.235
1992-11-23,7.259,7.314,3.944,5.071,3.314,2.243
1992-11-24,7.227,7.282,3.907,5.056,3.32,2.225
1992-11-25,7.247,7.309,3.968,5.071,3.279,2.238
1992-11-27,7.32,7.385,4.055,5.108,3.265,2.277
1992-11-30,7.319,7.398,4.05,5.115,3.268,2.283
1992-12-01,7.314,7.396,4.057,5.117,3.257,2.279
1992-12-02,7.304,7.385,4.073,5.113,3.232,2.272
1992-12-03,7.299,7.366,4.045,5.101,3.254,2.265
1992-12-04,7.221,7.292,3.971,5.059,3.25,2.233
1992-12-07,7.163,7.233,3.954,5.027,3.209,2.205
1992-12-08,7.132,7.188,3.898,5.006,3.235,2.181
1992-12-09,7.135,7.189,3.919,5.007,3.216,2.182
1992-12-10,7.133,7.201,3.961,5.012,3.172,2.189
1992-12-11,7.135,7.218,3.989,5.021,3.147,2.196
1992-12-14,7.174,7.25,4.04,5.037,3.134,2.213
1992-12-15,7.172,7.236,4.007,5.026,3.165,2.211
1992-12-16,7.149,7.201,3.959,5.005,3.19,2.196
1992-12-21,7.102,7.169,3.966,4.985,3.136,2.184
1992-12-22,7.051,7.124,3.937,4.963,3.114,2.161
1992-12-23,7.076,7.133,3.946,4.967,3.131,2.166
1992-12-24,7.086,7.143,3.939,4.971,3.146,2.172
1992-12-28,7.123,7.181,3.981,4.992,3.142,2.189
1992-12-29,7.097,7.177,3.987,4.993,3.111,2.184
1992-12-30,7.103,7.159,3.911,4.98,3.193,2.179
1993-01-04,7.041,7.114,3.87,4.955,3.171,2.159
1993-01-05,7.043,7.107,3.865,4.952,3.178,2.155
1993-01-06,7.059,7.123,3.882,4.96,3.176,2.164
1993-01-07,7.17,7.212,3.92,5.003,3.25,2.209
1993-01-08,7.174,7.2,3.826,4.991,3.348,2.209
1993-01-11,7.157,7.181,3.763,4.979,3.394,2.201
1993-01-12,7.173,7.196,3.766,4.984,3.407,2.212
1993-01-13,7.122,7.17,3.753,4.969,3.369,2.201
1993-01-14,7.097,7.141,3.733,4.952,3.364,2.189
1993-01-15,7.03,7.082,3.701,4.92,3.33,2.162
1993-01-19,6.996,7.065,3.728,4.915,3.268,2.15
1993-01-21,6.997,7.056,3.737,4.91,3.259,2.145
1993-01-22,6.976,7.023,3.681,4.892,3.295,2.13
1993-01-25,6.891,6.962,3.679,4.862,3.211,2.1
1993-01-26,6.915,6.968,3.679,4.866,3.235,2.102
1993-01-27,6.899,6.941,3.639,4.85,3.26,2.09
1993-01-28,6.862,6.894,3.577,4.827,3.285,2.067
1993-01-29,6.825,6.858,3.553,4.811,3.271,2.047
1993-02-01,6.8,6.829,3.535,4.799,3.265,2.03
1993-02-02,6.858,6.871,3.582,4.824,3.276,2.047
1993-02-03,6.841,6.871,3.596,4.824,3.245,2.047
1993-02-04,6.78,6.812,3.545,4.793,3.236,2.018
1993-02-05,6.719,6.732,3.454,4.755,3.265,1.977
1993-02-08,6.753,6.755,3.506,4.769,3.247,1.986
1993-02-09,6.783,6.796,3.563,4.79,3.22,2.006
1993-02-10,6.852,6.858,3.595,4.82,3.257,2.037
1993-02-11,6.813,6.834,3.572,4.806,3.241,2.028
1993-02-12,6.801,6.823,3.574,4.801,3.227,2.022
1993-02-16,6.794,6.802,3.517,4.792,3.277,2.01
1993-02-17,6.743,6.745,3.45,4.764,3.293,1.98
1993-02-18,6.619,6.636,3.361,4.712,3.258,1.924
1993-02-19,6.611,6.619,3.385,4.709,3.226,1.91
1993-02-22,6.545,6.576,3.394,4.693,3.151,1.883
1993-02-23,6.387,6.441,3.32,4.631,3.067,1.81
1993-02-24,6.478,6.478,3.375,4.653,3.103,1.825
1993-02-25,6.503,6.504,3.39,4.666,3.113,1.838
1993-02-26,6.506,6.508,3.374,4.668,3.132,1.84
1993-03-01,6.432,6.45,3.34,4.642,3.092,1.808
1993-03-02,6.431,6.436,3.333,4.639,3.098,1.797
1993-03-03,6.358,6.374,3.294,4.609,3.063,1.765
1993-03-04,6.304,6.319,3.273,4.581,3.03,1.738
1993-03-05,6.353,6.381,3.397,4.618,2.956,1.763
1993-03-08,6.319,6.368,3.421,4.612,2.898,1.756
1993-03-09,6.364,6.401,3.486,4.626,2.878,1.776
1993-03-10,6.404,6.429,3.496,4.635,2.907,1.794
1993-03-11,6.416,6.431,3.477,4.631,2.939,1.801
1993-03-12,6.548,6.534,3.528,4.678,3.021,1.856
1993-03-15,6.618,6.611,3.555,4.714,3.062,1.897
1993-03-16,6.542,6.561,3.486,4.69,3.056,1.871
1993-03-17,6.518,6.525,3.437,4.674,3.081,1.851
1993-03-18,6.433,6.448,3.371,4.636,3.062,1.812
1993-03-19,6.462,6.462,3.4,4.645,3.063,1.817
1993-03-22,6.473,6.471,3.397,4.649,3.076,1.822
1993-03-23,6.423,6.437,3.367,4.632,3.057,1.805
1993-03-24,6.458,6.464,3.392,4.644,3.066,1.82
1993-03-25,6.483,6.481,3.38,4.65,3.102,1.831
1993-03-26,6.599,6.583,3.446,4.7,3.153,1.883
1993-03-29,6.552,6.569,3.421,4.693,3.131,1.875
1993-03-30,6.539,6.54,3.36,4.678,3.179,1.863
1993-03-31,6.542,6.548,3.38,4.68,3.162,1.869
1993-04-01,6.563,6.558,3.356,4.683,3.207,1.874
1993-04-02,6.667,6.632,3.375,4.72,3.292,1.913
1993-04-05,6.626,6.62,3.353,4.713,3.273,1.907
1993-04-06,6.562,6.581,3.361,4.695,3.201,1.885
1993-04-07,6.543,6.557,3.355,4.685,3.189,1.872
1993-04-08,6.447,6.476,3.319,4.647,3.128,1.829
1993-04-12,6.382,6.414,3.312,4.618,3.071,1.796
1993-04-13,6.399,6.412,3.331,4.615,3.068,1.797
1993-04-14,6.358,6.381,3.318,4.596,3.04,1.785
1993-04-15,6.325,6.358,3.323,4.584,3.001,1.774
1993-04-16,6.347,6.364,3.319,4.586,3.028,1.777
1993-04-20,6.335,6.352,3.298,4.575,3.038,1.776
1993-04-21,6.329,6.339,3.281,4.568,3.048,1.771
1993-04-22,6.326,6.326,3.262,4.562,3.064,1.764
1993-04-23,6.36,6.344,3.241,4.574,3.119,1.77
1993-04-26,6.406,6.387,3.262,4.601,3.145,1.786
1993-04-27,6.486,6.464,3.31,4.643,3.175,1.82
1993-04-28,6.49,6.486,3.313,4.657,3.177,1.83
1993-04-29,6.459,6.458,3.273,4.644,3.186,1.814
1993-05-03,6.423,6.423,3.232,4.625,3.19,1.798
1993-05-04,6.368,6.388,3.246,4.609,3.121,1.779
1993-05-05,6.365,6.387,3.27,4.61,3.095,1.776
1993-05-06,6.343,6.366,3.265,4.599,3.078,1.768
1993-05-07,6.374,6.374,3.24,4.602,3.134,1.772
1993-05-10,6.344,6.357,3.249,4.594,3.095,1.763
1993-05-11,6.331,6.346,3.248,4.591,3.083,1.756
1993-05-12,6.382,6.375,3.255,4.606,3.128,1.768
1993-05-13,6.457,6.439,3.284,4.639,3.174,1.799
1993-05-14,6.448,6.465,3.332,4.654,3.116,1.811
1993-05-17,6.502,6.509,3.377,4.679,3.125,1.83
1993-05-18,6.55,6.547,3.388,4.7,3.162,1.847
1993-05-19,6.505,6.519,3.372,4.683,3.133,1.837
1993-05-20,6.485,6.501,3.372,4.67,3.113,1.83
1993-05-21,6.533,6.542,3.42,4.691,3.113,1.851
1993-05-24,6.495,6.55,3.51,4.698,2.985,1.851
1993-05-25,6.515,6.544,3.499,4.699,3.016,1.845
1993-05-26,6.447,6.495,3.511,4.674,2.936,1.822
1993-05-27,6.423,6.474,3.549,4.663,2.874,1.81
1993-05-28,6.465,6.488,3.554,4.669,2.91,1.819
1993-06-01,6.378,6.416,3.519,4.63,2.859,1.785
1993-06-02,6.345,6.382,3.537,4.615,2.809,1.767
1993-06-03,6.311,6.336,3.51,4.589,2.801,1.747
1993-06-04,6.378,6.403,3.635,4.627,2.743,1.776
1993-06-07,6.344,6.378,3.611,4.614,2.733,1.764
1993-06-08,6.358,6.378,3.619,4.614,2.739,1.763
1993-06-09,6.346,6.361,3.618,4.604,2.728,1.757
1993-06-10,6.342,6.352,3.617,4.597,2.725,1.755
1993-06-11,6.256,6.269,3.554,4.551,2.701,1.719
1993-06-14,6.262,6.254,3.536,4.542,2.726,1.712
1993-06-15,6.262,6.245,3.503,4.537,2.758,1.708
1993-06-16,6.268,6.245,3.484,4.537,2.784,1.708
1993-06-17,6.242,6.235,3.489,4.531,2.753,1.704
1993-06-18,6.235,6.254,3.561,4.543,2.674,1.712
1993-06-21,6.197,6.226,3.558,4.529,2.639,1.697
1993-06-22,6.188,6.21,3.556,4.523,2.632,1.687
1993-06-23,6.177,6.205,3.584,4.524,2.593,1.681
1993-06-24,6.147,6.171,3.558,4.508,2.589,1.663
1993-06-25,6.109,6.131,3.539,4.487,2.57,1.644
1993-06-28,6.077,6.092,3.513,4.466,2.564,1.625
1993-06-29,6.079,6.073,3.478,4.454,2.6,1.619
1993-06-30,6.086,6.079,3.486,4.456,2.6,1.623
1993-07-01,6.106,6.083,3.45,4.453,2.657,1.63
1993-07-02,6.071,6.056,3.415,4.436,2.656,1.621
1993-07-06,6.096,6.088,3.464,4.454,2.632,1.634
1993-07-07,6.101,6.099,3.473,4.463,2.629,1.637
1993-07-08,6.059,6.072,3.466,4.45,2.593,1.622
1993-07-09,6.04,6.052,3.462,4.44,2.578,1.612
1993-07-12,6.028,6.035,3.456,4.432,2.572,1.603
1993-07-13,6.025,6.045,3.51,4.44,2.516,1.605
1993-07-14,5.971,5.996,3.48,4.414,2.491,1.582
1993-07-15,5.955,5.981,3.504,4.406,2.451,1.576
1993-07-16,5.943,5.968,3.511,4.398,2.432,1.57
1993-07-19,5.95,5.967,3.512,4.398,2.438,1.569
1993-07-20,5.977,6.003,3.588,4.418,2.388,1.585
1993-07-21,6.064,6.072,3.628,4.452,2.436,1.62
1993-07-22,6.138,6.143,3.672,4.488,2.467,1.656
1993-07-23,6.18,6.191,3.696,4.509,2.484,1.681
1993-07-26,6.167,6.183,3.668,4.503,2.499,1.68
1993-07-27,6.165,6.187,3.687,4.506,2.479,1.681
1993-07-28,6.137,6.164,3.676,4.494,2.461,1.67
1993-07-29,6.06,6.085,3.604,4.45,2.455,1.635
1993-07-30,6.072,6.086,3.627,4.449,2.445,1.637
1993-08-02,6.086,6.112,3.684,4.464,2.402,1.648
1993-08-03,6.066,6.099,3.678,4.459,2.388,1.641
1993-08-04,6.107,6.116,3.66,4.468,2.446,1.648
1993-08-05,6.132,6.121,3.609,4.47,2.523,1.652
1993-08-06,6.129,6.124,3.603,4.47,2.526,1.653
1993-08-09,6.077,6.095,3.6,4.454,2.478,1.641
1993-08-10,6.071,6.098,3.631,4.456,2.439,1.642
1993-08-11,6.051,6.087,3.636,4.45,2.415,1.637
1993-08-12,6.061,6.082,3.614,4.446,2.447,1.637
1993-08-13,6.042,6.057,3.571,4.433,2.471,1.624
1993-08-16,5.99,6.022,3.555,4.418,2.435,1.604
1993-08-17,6.007,6.031,3.569,4.423,2.438,1.608
1993-08-18,5.976,6.009,3.557,4.411,2.419,1.599
1993-08-19,5.932,5.963,3.511,4.388,2.42,1.576
1993-08-20,5.916,5.942,3.493,4.379,2.423,1.563
1993-08-23,6.017,6.019,3.679,4.42,2.338,1.599
1993-08-24,5.863,5.892,3.455,4.355,2.408,1.537
1993-08-25,5.828,5.84,3.43,4.33,2.398,1.509
1993-08-26,5.737,5.77,3.425,4.299,2.312,1.47
1993-08-30,5.749,5.762,3.434,4.299,2.314,1.462
1993-08-31,5.731,5.753,3.458,4.297,2.273,1.455
1993-09-01,5.739,5.752,3.461,4.297,2.278,1.455
1993-09-02,5.691,5.714,3.441,4.276,2.251,1.438
1993-09-03,5.61,5.63,3.368,4.231,2.242,1.399
1993-09-07,5.549,5.572,3.359,4.202,2.19,1.371
1993-09-08,5.517,5.558,3.42,4.196,2.098,1.362
1993-09-09,5.622,5.633,3.484,4.233,2.138,1.4
1993-09-10,5.569,5.594,3.441,4.211,2.128,1.383
1993-09-13,5.543,5.572,3.455,4.199,2.089,1.373
1993-09-14,5.656,5.652,3.509,4.238,2.147,1.414
1993-09-15,5.685,5.678,3.485,4.247,2.2,1.431
1993-09-16,5.672,5.674,3.474,4.242,2.198,1.432
1993-09-17,5.68,5.684,3.485,4.246,2.195,1.438
1993-09-20,5.697,5.704,3.502,4.254,2.195,1.45
1993-09-21,5.768,5.741,3.464,4.268,2.304,1.472
1993-09-22,5.736,5.738,3.48,4.265,2.256,1.473
1993-09-23,5.722,5.731,3.489,4.262,2.232,1.469
1993-09-24,5.71,5.725,3.496,4.259,2.214,1.467
1993-09-27,5.613,5.641,3.436,4.217,2.177,1.424
1993-09-28,5.583,5.603,3.441,4.198,2.142,1.405
1993-09-29,5.626,5.634,3.482,4.215,2.145,1.419
1993-09-30,5.671,5.675,3.512,4.233,2.159,1.442
1993-10-01,5.614,5.636,3.478,4.212,2.136,1.423
1993-10-04,5.614,5.62,3.459,4.205,2.155,1.415
1993-10-05,5.623,5.628,3.473,4.217,2.15,1.411
1993-10-06,5.628,5.624,3.451,4.218,2.177,1.406
1993-10-07,5.626,5.619,3.441,4.217,2.185,1.402
1993-10-08,5.543,5.559,3.417,4.189,2.126,1.369
1993-10-12,5.546,5.556,3.442,4.192,2.104,1.363
1993-10-13,5.551,5.557,3.448,4.197,2.103,1.36
1993-10-14,5.489,5.516,3.446,4.177,2.044,1.339
1993-10-15,5.44,5.474,3.454,4.156,1.986,1.318
1993-10-18,5.53,5.528,3.481,4.183,2.049,1.345
1993-10-19,5.522,5.538,3.492,4.192,2.031,1.346
1993-10-20,5.498,5.521,3.489,4.184,2.009,1.337
1993-10-21,5.618,5.593,3.493,4.22,2.125,1.373
1993-10-22,5.679,5.655,3.501,4.249,2.178,1.406
1993-10-25,5.75,5.722,3.517,4.281,2.233,1.441
1993-10-26,5.71,5.715,3.513,4.282,2.197,1.433
1993-10-27,5.71,5.723,3.54,4.287,2.17,1.436
1993-10-29,5.702,5.726,3.569,4.284,2.133,1.441
1993-11-01,5.81,5.816,3.649,4.328,2.162,1.488
1993-11-02,5.895,5.893,3.66,4.368,2.236,1.525
1993-11-03,5.904,5.906,3.636,4.373,2.268,1.533
1993-11-04,5.949,5.937,3.624,4.386,2.325,1.551
1993-11-05,6.024,6.008,3.667,4.418,2.357,1.589
1993-11-08,5.971,5.98,3.62,4.403,2.351,1.577
1993-11-09,5.922,5.947,3.634,4.391,2.289,1.556
1993-11-10,5.983,5.985,3.662,4.411,2.321,1.574
1993-11-12,5.921,5.945,3.632,4.392,2.289,1.552
1993-11-15,5.939,5.946,3.623,4.394,2.317,1.552
1993-11-16,5.903,5.918,3.596,4.38,2.307,1.538
1993-11-17,5.907,5.915,3.596,4.379,2.31,1.536
1993-11-18,5.959,5.963,3.641,4.403,2.318,1.56
1993-11-19,6.083,6.06,3.666,4.452,2.417,1.609
1993-11-22,6.138,6.122,3.674,4.482,2.464,1.64
1993-11-23,6.065,6.084,3.649,4.462,2.416,1.622
1993-11-24,6.085,6.087,3.64,4.464,2.444,1.623
1993-11-26,6.034,6.052,3.618,4.448,2.416,1.604
1993-11-29,6.003,6.032,3.637,4.44,2.366,1.593
1993-11-30,6.056,6.073,3.675,4.462,2.381,1.611
1993-12-01,6.048,6.07,3.67,4.459,2.378,1.611
1993-12-02,6.04,6.064,3.678,4.454,2.362,1.61
1993-12-03,6.029,6.063,3.709,4.452,2.319,1.611
1993-12-06,5.945,5.998,3.686,4.417,2.259,1.581
1993-12-07,5.929,5.976,3.704,4.405,2.226,1.571
1993-12-08,5.929,5.962,3.69,4.396,2.239,1.565
1993-12-09,5.896,5.935,3.688,4.381,2.208,1.554
1993-12-10,5.952,5.968,3.705,4.394,2.247,1.575
1993-12-13,6.011,6.012,3.703,4.413,2.308,1.599
1993-12-14,6.056,6.051,3.702,4.43,2.354,1.621
1993-12-15,6.071,6.067,3.688,4.435,2.383,1.631
1993-12-16,6.077,6.078,3.684,4.439,2.393,1.639
1993-12-17,6.044,6.059,3.671,4.429,2.373,1.63
1993-12-20,6.068,6.076,3.688,4.438,2.38,1.637
1993-12-21,6.085,6.092,3.692,4.448,2.394,1.643
1993-12-22,5.988,6.022,3.664,4.414,2.324,1.608
1993-12-23,5.963,5.988,3.656,4.398,2.306,1.59
1993-12-27,5.96,5.977,3.656,4.395,2.305,1.582
1993-12-28,5.96,5.973,3.657,4.393,2.302,1.58
1993-12-29,5.977,5.982,3.66,4.394,2.317,1.588
1993-12-30,5.973,5.981,3.658,4.389,2.315,1.592
1993-12-31,6.071,6.053,3.682,4.422,2.389,1.631
1994-01-03,6.175,6.145,3.725,4.467,2.45,1.678
1994-01-04,6.125,6.135,3.719,4.466,2.405,1.669
1994-01-05,6.145,6.147,3.718,4.474,2.427,1.674
1994-01-06,6.086,6.102,3.684,4.451,2.402,1.651
1994-01-07,5.932,5.97,3.597,4.383,2.335,1.587
1994-01-10,5.921,5.931,3.582,4.363,2.339,1.569
1994-01-11,5.913,5.918,3.573,4.357,2.339,1.561
1994-01-12,5.834,5.866,3.574,4.329,2.26,1.537
1994-01-13,5.947,5.94,3.626,4.362,2.321,1.578
1994-01-14,5.995,5.994,3.644,4.387,2.352,1.607
1994-01-18,5.972,5.982,3.622,4.378,2.351,1.604
1994-01-20,5.931,5.941,3.577,4.357,2.353,1.584
1994-01-21,5.945,5.949,3.593,4.362,2.351,1.587
1994-01-24,5.949,5.954,3.591,4.363,2.358,1.591
1994-01-25,5.985,5.98,3.596,4.376,2.389,1.604
1994-01-26,5.962,5.975,3.606,4.373,2.356,1.603
1994-01-27,5.893,5.933,3.616,4.351,2.278,1.582
1994-01-28,5.831,5.874,3.598,4.322,2.232,1.552
1994-01-31,5.858,5.882,3.625,4.328,2.233,1.554
1994-02-01,5.934,5.938,3.654,4.363,2.28,1.575
1994-02-02,5.939,5.95,3.662,4.374,2.277,1.577
1994-02-03,5.976,5.99,3.717,4.401,2.26,1.589
1994-02-04,6.125,6.107,3.783,4.47,2.342,1.637
1994-02-07,6.132,6.144,3.848,4.491,2.284,1.653
1994-02-08,6.189,6.187,3.855,4.516,2.334,1.671
1994-02-09,6.159,6.173,3.845,4.51,2.313,1.663
1994-02-10,6.157,6.175,3.863,4.513,2.294,1.662
1994-02-11,6.126,6.153,3.86,4.503,2.266,1.65
1994-02-14,6.165,6.167,3.849,4.51,2.316,1.656
1994-02-15,6.141,6.157,3.849,4.507,2.291,1.651
1994-02-16,6.148,6.16,3.848,4.509,2.3,1.651
1994-02-17,6.249,6.239,3.89,4.548,2.359,1.691
1994-02-18,6.334,6.318,3.903,4.588,2.431,1.73
1994-02-22,6.304,6.321,3.91,4.591,2.394,1.73
1994-02-23,6.37,6.377,3.966,4.627,2.404,1.75
1994-02-24,6.471,6.452,3.965,4.666,2.506,1.786
1994-02-25,6.458,6.463,3.971,4.672,2.487,1.791
1994-02-28,6.425,6.432,3.933,4.656,2.492,1.776
1994-03-01,6.547,6.526,4.006,4.713,2.541,1.812
1994-03-02,6.555,6.549,4.024,4.727,2.531,1.822
1994-03-03,6.61,6.592,4.045,4.75,2.565,1.842
1994-03-04,6.612,6.619,4.094,4.768,2.518,1.852
1994-03-07,6.564,6.584,4.079,4.751,2.486,1.833
1994-03-08,6.598,6.61,4.135,4.766,2.462,1.844
1994-03-09,6.604,6.614,4.134,4.767,2.47,1.847
1994-03-10,6.732,6.685,4.111,4.798,2.621,1.887
1994-03-11,6.687,6.682,4.14,4.794,2.546,1.887
1994-03-14,6.726,6.714,4.16,4.813,2.567,1.901
1994-03-15,6.693,6.701,4.173,4.81,2.52,1.891
1994-03-16,6.608,6.634,4.149,4.775,2.459,1.859
1994-03-17,6.619,6.625,4.151,4.766,2.467,1.859
1994-03-18,6.714,6.697,4.2,4.8,2.514,1.897
1994-03-21,6.753,6.751,4.259,4.827,2.494,1.924
1994-03-22,6.647,6.673,4.205,4.787,2.442,1.886
1994-03-23,6.64,6.646,4.188,4.768,2.452,1.878
1994-03-24,6.803,6.761,4.235,4.821,2.568,1.94
1994-03-25,6.824,6.804,4.241,4.84,2.583,1.964
1994-03-28,6.829,6.827,4.269,4.851,2.56,1.976
1994-03-29,6.923,6.9,4.291,4.888,2.632,2.013
1994-03-30,6.999,6.964,4.304,4.915,2.695,2.049
1994-03-31,6.997,6.983,4.302,4.921,2.695,2.062
1994-04-04,7.366,7.291,4.495,5.083,2.871,2.209
1994-04-05,7.168,7.206,4.441,5.046,2.727,2.16
1994-04-06,7.13,7.147,4.414,5.014,2.716,2.133
1994-04-07,7.09,7.1,4.389,4.985,2.701,2.115
1994-04-08,7.151,7.143,4.45,5.005,2.7,2.138
1994-04-11,7.139,7.141,4.453,5.001,2.686,2.14
1994-04-12,7.091,7.096,4.401,4.98,2.69,2.116
1994-04-13,7.177,7.144,4.413,5.005,2.765,2.14
1994-04-14,7.218,7.184,4.418,5.026,2.799,2.159
1994-04-15,7.172,7.173,4.449,5.02,2.723,2.153
1994-04-18,7.329,7.303,4.571,5.093,2.758,2.21
1994-04-19,7.26,7.283,4.586,5.091,2.673,2.192
1994-04-20,7.225,7.237,4.556,5.072,2.669,2.165
1994-04-21,7.053,7.105,4.532,5.01,2.521,2.094
1994-04-22,7.078,7.09,4.557,5.006,2.522,2.084
1994-04-25,6.982,7.025,4.584,4.976,2.398,2.049
1994-04-26,6.984,6.996,4.559,4.972,2.426,2.024
1994-04-28,7.141,7.112,4.656,5.034,2.485,2.079
1994-04-29,7.199,7.161,4.616,5.058,2.583,2.104
1994-05-02,7.229,7.204,4.649,5.084,2.58,2.12
1994-05-03,7.238,7.234,4.708,5.11,2.53,2.124
1994-05-04,7.242,7.241,4.728,5.121,2.514,2.119
1994-05-05,7.218,7.218,4.706,5.112,2.512,2.105
1994-05-06,7.441,7.395,4.84,5.213,2.602,2.182
1994-05-09,7.569,7.528,4.912,5.292,2.658,2.236
1994-05-10,7.39,7.423,4.879,5.246,2.51,2.176
1994-05-11,7.525,7.477,4.873,5.275,2.652,2.202
1994-05-12,7.5,7.46,4.828,5.261,2.672,2.2
1994-05-13,7.489,7.422,4.728,5.239,2.761,2.183
1994-05-16,7.428,7.379,4.722,5.219,2.706,2.16
1994-05-17,7.208,7.215,4.671,5.143,2.538,2.072
1994-05-18,7.163,7.144,4.655,5.11,2.508,2.034
1994-05-19,7.085,7.066,4.606,5.069,2.479,1.997
1994-05-20,7.129,7.1,4.655,5.088,2.474,2.012
1994-05-23,7.299,7.238,4.717,5.159,2.582,2.079
1994-05-24,7.264,7.248,4.73,5.168,2.534,2.08
1994-05-25,7.206,7.221,4.744,5.152,2.461,2.07
1994-05-26,7.196,7.196,4.687,5.138,2.509,2.058
1994-05-27,7.217,7.216,4.731,5.149,2.486,2.067
1994-05-31,7.287,7.258,4.726,5.17,2.561,2.088
1994-06-01,7.241,7.233,4.717,5.158,2.524,2.075
1994-06-02,7.194,7.182,4.683,5.127,2.511,2.054
1994-06-03,7.083,7.093,4.662,5.081,2.421,2.012
1994-06-06,6.979,7,4.644,5.031,2.336,1.968
1994-06-07,7.025,7.013,4.653,5.039,2.372,1.974
1994-06-08,7.039,7.018,4.633,5.041,2.405,1.977
1994-06-09,7.053,7.035,4.638,5.05,2.415,1.985
1994-06-10,7.118,7.088,4.653,5.076,2.465,2.011
1994-06-13,7.135,7.129,4.726,5.097,2.409,2.033
1994-06-14,7.078,7.079,4.657,5.069,2.42,2.01
1994-06-15,7.189,7.15,4.674,5.104,2.515,2.046
1994-06-16,7.154,7.144,4.672,5.099,2.482,2.045
1994-06-17,7.247,7.208,4.673,5.131,2.574,2.077
1994-06-20,7.249,7.239,4.716,5.146,2.533,2.093
1994-06-21,7.307,7.299,4.753,5.182,2.553,2.117
1994-06-22,7.201,7.236,4.762,5.152,2.439,2.084
1994-06-23,7.209,7.205,4.699,5.137,2.509,2.069
1994-06-24,7.326,7.294,4.76,5.181,2.565,2.113
1994-06-27,7.283,7.282,4.762,5.173,2.521,2.109
1994-06-28,7.382,7.347,4.782,5.204,2.6,2.143
1994-06-29,7.401,7.358,4.756,5.206,2.644,2.152
1994-06-30,7.532,7.446,4.765,5.25,2.766,2.196
1994-07-01,7.507,7.455,4.787,5.256,2.72,2.199
1994-07-05,7.46,7.429,4.801,5.245,2.659,2.184
1994-07-06,7.487,7.428,4.759,5.255,2.727,2.173
1994-07-07,7.459,7.406,4.741,5.248,2.718,2.158
1994-07-11,7.621,7.545,4.861,5.332,2.76,2.212
1994-07-12,7.555,7.528,4.854,5.334,2.701,2.193
1994-07-13,7.54,7.511,4.851,5.328,2.69,2.184
1994-07-14,7.358,7.368,4.775,5.249,2.583,2.119
1994-07-15,7.376,7.346,4.751,5.233,2.625,2.114
1994-07-18,7.314,7.301,4.742,5.206,2.571,2.096
1994-07-19,7.282,7.258,4.685,5.185,2.596,2.072
1994-07-20,7.365,7.325,4.752,5.223,2.613,2.102
1994-07-21,7.384,7.366,4.806,5.247,2.578,2.119
1994-07-22,7.397,7.386,4.826,5.261,2.571,2.124
1994-07-25,7.363,7.365,4.844,5.253,2.519,2.112
1994-07-26,7.384,7.365,4.827,5.258,2.556,2.107
1994-07-27,7.434,7.408,4.869,5.285,2.565,2.123
1994-07-28,7.437,7.415,4.864,5.287,2.573,2.128
1994-07-29,7.235,7.242,4.726,5.19,2.509,2.052
1994-08-01,7.231,7.217,4.755,5.174,2.476,2.043
1994-08-02,7.196,7.186,4.748,5.161,2.448,2.024
1994-08-03,7.197,7.175,4.732,5.157,2.464,2.018
1994-08-04,7.229,7.193,4.726,5.167,2.503,2.026
1994-08-05,7.348,7.326,4.88,5.245,2.468,2.081
1994-08-08,7.361,7.349,4.888,5.261,2.473,2.088
1994-08-09,7.414,7.383,4.895,5.279,2.519,2.104
1994-08-10,7.408,7.378,4.879,5.272,2.529,2.107
1994-08-11,7.465,7.417,4.887,5.285,2.577,2.132
1994-08-12,7.495,7.438,4.855,5.294,2.641,2.144
1994-08-15,7.395,7.392,4.896,5.277,2.499,2.115
1994-08-16,7.275,7.294,4.873,5.244,2.402,2.05
1994-08-17,7.241,7.235,4.853,5.219,2.388,2.016
1994-08-18,7.372,7.321,4.904,5.266,2.468,2.055
1994-08-19,7.353,7.329,4.902,5.269,2.451,2.061
1994-08-22,7.401,7.368,4.91,5.285,2.492,2.082
1994-08-23,7.384,7.363,4.894,5.285,2.49,2.078
1994-08-24,7.311,7.302,4.848,5.254,2.463,2.048
1994-08-25,7.391,7.35,4.865,5.278,2.526,2.071
1994-08-26,7.33,7.321,4.851,5.264,2.478,2.057
1994-08-29,7.327,7.313,4.851,5.262,2.476,2.051
1994-08-30,7.288,7.286,4.845,5.252,2.444,2.033
1994-08-31,7.269,7.262,4.828,5.24,2.441,2.022
1994-09-01,7.27,7.258,4.836,5.236,2.433,2.022
1994-09-02,7.292,7.273,4.833,5.243,2.459,2.03
1994-09-06,7.359,7.327,4.853,5.268,2.507,2.059
1994-09-07,7.393,7.361,4.85,5.285,2.543,2.076
1994-09-08,7.395,7.372,4.849,5.29,2.546,2.082
1994-09-09,7.552,7.493,4.903,5.353,2.649,2.14
1994-09-12,7.558,7.529,4.924,5.373,2.634,2.156
1994-09-13,7.545,7.524,4.91,5.372,2.635,2.152
1994-09-14,7.513,7.499,4.903,5.36,2.61,2.14
1994-09-15,7.472,7.461,4.873,5.341,2.599,2.12
1994-09-16,7.636,7.574,4.924,5.4,2.712,2.174
1994-09-19,7.602,7.576,4.927,5.4,2.675,2.176
1994-09-20,7.646,7.611,4.954,5.422,2.692,2.19
1994-09-21,7.657,7.64,4.994,5.45,2.664,2.19
1994-09-22,7.655,7.639,4.994,5.458,2.661,2.181
1994-09-23,7.664,7.646,5.014,5.465,2.65,2.181
1994-09-26,7.66,7.647,5.033,5.468,2.627,2.179
1994-09-27,7.692,7.665,5.035,5.473,2.656,2.192
1994-09-28,7.668,7.652,5.024,5.453,2.643,2.199
1994-09-29,7.716,7.698,5.083,5.471,2.633,2.227
1994-09-30,7.682,7.688,5.105,5.467,2.577,2.221
1994-10-03,7.686,7.705,5.187,5.479,2.499,2.226
1994-10-04,7.74,7.731,5.172,5.511,2.569,2.22
1994-10-05,7.814,7.78,5.185,5.545,2.629,2.235
1994-10-06,7.812,7.792,5.196,5.557,2.616,2.236
1994-10-11,7.678,7.695,5.144,5.506,2.534,2.189
1994-10-12,7.715,7.708,5.165,5.518,2.55,2.189
1994-10-13,7.669,7.673,5.145,5.497,2.523,2.175
1994-10-14,7.656,7.645,5.1,5.479,2.555,2.166
1994-10-17,7.679,7.657,5.101,5.484,2.578,2.173
1994-10-18,7.687,7.668,5.104,5.494,2.583,2.174
1994-10-19,7.74,7.711,5.118,5.518,2.622,2.192
1994-10-20,7.86,7.812,5.192,5.576,2.669,2.236
1994-10-21,7.848,7.825,5.198,5.585,2.65,2.24
1994-10-24,7.886,7.863,5.253,5.607,2.633,2.257
1994-10-25,7.907,7.884,5.263,5.622,2.643,2.262
1994-10-26,7.936,7.896,5.233,5.625,2.703,2.272
1994-10-27,7.928,7.898,5.242,5.622,2.686,2.276
1994-10-28,7.865,7.85,5.209,5.598,2.656,2.252
1994-10-31,7.839,7.831,5.238,5.589,2.601,2.241
1994-11-01,7.936,7.905,5.291,5.631,2.645,2.273
1994-11-02,7.971,7.947,5.314,5.655,2.657,2.293
1994-11-03,7.973,7.962,5.337,5.663,2.636,2.299
1994-11-04,8.043,8.021,5.382,5.699,2.661,2.322
1994-11-07,8.052,8.036,5.396,5.712,2.656,2.324
1994-11-08,8.025,8.009,5.363,5.704,2.661,2.305
1994-11-09,7.957,7.958,5.362,5.678,2.595,2.28
1994-11-10,7.986,7.978,5.416,5.69,2.569,2.288
1994-11-14,7.97,7.964,5.398,5.689,2.572,2.275
1994-11-15,7.912,7.938,5.461,5.688,2.451,2.25
1994-11-16,7.996,7.971,5.453,5.71,2.542,2.261
1994-11-17,8.033,8.011,5.499,5.73,2.534,2.281
1994-11-18,8.001,8.008,5.549,5.725,2.452,2.283
1994-11-21,8.015,8.015,5.567,5.726,2.448,2.29
1994-11-22,7.987,7.994,5.567,5.715,2.42,2.279
1994-11-23,7.803,7.847,5.524,5.637,2.279,2.21
1994-11-25,7.796,7.811,5.541,5.616,2.255,2.196
1994-11-28,7.811,7.846,5.647,5.638,2.164,2.208
1994-11-29,7.906,7.908,5.68,5.68,2.226,2.228
1994-11-30,7.865,7.87,5.661,5.67,2.204,2.2
1994-12-01,7.9,7.871,5.663,5.675,2.237,2.196
1994-12-02,7.784,7.793,5.679,5.648,2.106,2.144
1994-12-05,7.819,7.801,5.757,5.672,2.063,2.129
1994-12-06,7.716,7.701,5.711,5.632,2.005,2.069
1994-12-07,7.795,7.728,5.733,5.64,2.061,2.088
1994-12-08,7.799,7.747,5.774,5.646,2.025,2.1
1994-12-09,7.77,7.726,5.759,5.632,2.011,2.094
1994-12-12,7.83,7.772,5.817,5.658,2.014,2.114
1994-12-13,7.798,7.764,5.861,5.661,1.938,2.103
1994-12-14,7.78,7.705,5.782,5.627,1.998,2.078
1994-12-15,7.786,7.692,5.786,5.606,2,2.086
1994-12-16,7.793,7.709,5.819,5.609,1.974,2.1
1994-12-19,7.788,7.71,5.823,5.606,1.965,2.104
1994-12-20,7.789,7.7,5.793,5.592,1.997,2.108
1994-12-21,7.774,7.688,5.794,5.576,1.98,2.112
1994-12-22,7.753,7.705,5.87,5.581,1.883,2.124
1994-12-23,7.736,7.696,5.909,5.575,1.826,2.12
1994-12-27,7.657,7.622,5.884,5.538,1.773,2.084
1994-12-28,7.754,7.653,5.867,5.556,1.887,2.097
1994-12-29,7.805,7.684,5.864,5.569,1.941,2.115
1994-12-30,7.831,7.707,5.854,5.58,1.976,2.127
1995-01-03,7.886,7.757,5.879,5.606,2.007,2.151
1995-01-04,7.812,7.717,5.848,5.599,1.965,2.118
1995-01-05,7.875,7.759,5.865,5.631,2.01,2.129
1995-01-06,7.858,7.763,5.871,5.64,1.987,2.123
1995-01-09,7.893,7.791,5.868,5.66,2.025,2.132
1995-01-10,7.848,7.767,5.846,5.652,2.002,2.115
1995-01-11,7.821,7.739,5.814,5.631,2.007,2.108
1995-01-12,7.843,7.756,5.811,5.634,2.032,2.122
1995-01-13,7.681,7.632,5.694,5.566,1.987,2.066
1995-01-17,7.726,7.657,5.762,5.581,1.964,2.076
1995-01-18,7.734,7.676,5.778,5.598,1.956,2.077
1995-01-19,7.77,7.702,5.773,5.616,1.997,2.086
1995-01-20,7.789,7.731,5.796,5.635,1.993,2.096
1995-01-23,7.845,7.772,5.802,5.657,2.043,2.115
1995-01-24,7.865,7.805,5.81,5.681,2.055,2.124
1995-01-25,7.777,7.742,5.753,5.651,2.025,2.091
1995-01-26,7.734,7.695,5.719,5.63,2.015,2.066
1995-01-27,7.637,7.615,5.679,5.592,1.957,2.023
1995-01-30,7.623,7.583,5.644,5.577,1.98,2.006
1995-01-31,7.58,7.562,5.662,5.576,1.918,1.986
1995-02-01,7.63,7.595,5.667,5.604,1.963,1.991
1995-02-02,7.639,7.622,5.717,5.619,1.922,2.003
1995-02-03,7.457,7.466,5.58,5.537,1.877,1.929
1995-02-06,7.477,7.463,5.626,5.535,1.851,1.928
1995-02-07,7.484,7.467,5.605,5.538,1.879,1.928
1995-02-08,7.494,7.47,5.594,5.538,1.899,1.932
1995-02-09,7.518,7.509,5.648,5.556,1.87,1.953
1995-02-10,7.587,7.566,5.661,5.586,1.926,1.981
1995-02-13,7.57,7.566,5.66,5.584,1.91,1.981
1995-02-14,7.507,7.501,5.588,5.553,1.919,1.948
1995-02-16,7.422,7.397,5.47,5.495,1.952,1.902
1995-02-17,7.425,7.399,5.508,5.495,1.917,1.904
1995-02-21,7.439,7.416,5.509,5.506,1.931,1.909
1995-02-22,7.383,7.342,5.388,5.469,1.994,1.873
1995-02-23,7.385,7.336,5.364,5.47,2.021,1.866
1995-02-24,7.388,7.339,5.339,5.475,2.049,1.864
1995-02-27,7.309,7.275,5.273,5.447,2.036,1.828
1995-02-28,7.276,7.261,5.315,5.449,1.961,1.812
1995-03-01,7.262,7.255,5.333,5.452,1.929,1.803
1995-03-02,7.317,7.304,5.376,5.478,1.941,1.826
1995-03-03,7.405,7.368,5.372,5.509,2.033,1.86
1995-03-06,7.438,7.416,5.397,5.533,2.041,1.883
1995-03-07,7.464,7.444,5.405,5.55,2.059,1.894
1995-03-08,7.379,7.387,5.397,5.522,1.982,1.865
1995-03-09,7.325,7.321,5.339,5.487,1.985,1.834
1995-03-10,7.233,7.256,5.349,5.458,1.883,1.798
1995-03-13,7.207,7.206,5.303,5.435,1.903,1.771
1995-03-14,7.097,7.124,5.306,5.396,1.791,1.727
1995-03-15,7.119,7.116,5.286,5.394,1.833,1.722
1995-03-16,7.096,7.092,5.263,5.383,1.833,1.709
1995-03-17,7.164,7.141,5.293,5.407,1.871,1.733
1995-03-21,7.23,7.196,5.278,5.434,1.952,1.761
1995-03-22,7.281,7.247,5.284,5.458,1.997,1.789
1995-03-23,7.272,7.259,5.292,5.461,1.98,1.798
1995-03-24,7.179,7.184,5.225,5.421,1.954,1.763
1995-03-27,7.109,7.13,5.244,5.391,1.865,1.739
1995-03-28,7.196,7.193,5.304,5.424,1.892,1.769
1995-03-29,7.207,7.209,5.3,5.427,1.907,1.782
1995-03-30,7.242,7.24,5.306,5.443,1.937,1.797
1995-03-31,7.268,7.269,5.333,5.457,1.934,1.812
1995-04-03,7.192,7.214,5.299,5.429,1.892,1.785
1995-04-04,7.143,7.164,5.288,5.409,1.856,1.755
1995-04-05,7.158,7.158,5.278,5.407,1.88,1.751
1995-04-06,7.137,7.133,5.238,5.392,1.899,1.741
1995-04-07,7.164,7.144,5.225,5.398,1.939,1.746
1995-04-10,7.16,7.156,5.253,5.402,1.908,1.754
1995-04-11,7.133,7.14,5.239,5.393,1.894,1.746
1995-04-12,7.109,7.118,5.232,5.381,1.876,1.737
1995-04-13,7.071,7.069,5.162,5.352,1.909,1.717
1995-04-17,7.088,7.063,5.123,5.351,1.965,1.712
1995-04-18,7.119,7.072,5.065,5.358,2.055,1.714
1995-04-19,7.105,7.093,5.123,5.371,1.982,1.722
1995-04-20,7.073,7.066,5.091,5.358,1.982,1.708
1995-04-21,7.062,7.06,5.1,5.357,1.961,1.703
1995-04-24,7.031,7.051,5.135,5.354,1.895,1.697
1995-04-25,7.041,7.056,5.146,5.361,1.894,1.695
1995-04-26,7.038,7.058,5.168,5.364,1.87,1.694
1995-04-27,7.052,7.077,5.205,5.376,1.847,1.701
1995-04-28,7.073,7.101,5.243,5.388,1.83,1.713
1995-05-01,7.084,7.112,5.254,5.393,1.831,1.718
1995-05-02,7.056,7.076,5.191,5.375,1.865,1.7
1995-05-03,6.971,6.996,5.139,5.332,1.832,1.664
1995-05-04,6.85,6.898,5.107,5.278,1.743,1.621
1995-05-05,6.703,6.746,4.983,5.2,1.72,1.546
1995-05-08,6.726,6.732,4.99,5.197,1.736,1.535
1995-05-09,6.64,6.658,4.933,5.169,1.707,1.489
1995-05-10,6.702,6.69,4.96,5.19,1.742,1.5
1995-05-11,6.707,6.726,5.029,5.212,1.677,1.513
1995-05-12,6.719,6.74,5.033,5.224,1.686,1.516
1995-05-15,6.664,6.7,5.013,5.206,1.651,1.494
1995-05-16,6.587,6.641,5.012,5.178,1.575,1.463
1995-05-17,6.579,6.618,5.005,5.168,1.574,1.45
1995-05-18,6.65,6.671,5.05,5.195,1.6,1.477
1995-05-19,6.646,6.678,5.05,5.198,1.596,1.48
1995-05-22,6.662,6.694,5.067,5.207,1.595,1.486
1995-05-23,6.612,6.646,5.013,5.186,1.599,1.46
1995-05-24,6.469,6.526,4.943,5.126,1.526,1.399
1995-05-25,6.469,6.484,4.898,5.106,1.571,1.378
1995-05-26,6.482,6.483,4.885,5.106,1.597,1.377
1995-05-30,6.388,6.413,4.837,5.073,1.551,1.34
1995-05-31,6.394,6.4,4.823,5.067,1.571,1.334
1995-06-01,6.294,6.307,4.752,5.011,1.541,1.296
1995-06-02,6.187,6.206,4.676,4.949,1.511,1.257
1995-06-05,6.179,6.194,4.673,4.948,1.506,1.246
1995-06-06,6.194,6.213,4.691,4.961,1.503,1.252
1995-06-07,6.254,6.296,4.828,5.008,1.426,1.287
1995-06-08,6.297,6.349,4.888,5.038,1.41,1.311
1995-06-09,6.445,6.475,4.96,5.1,1.485,1.375
1995-06-12,6.456,6.478,4.9,5.096,1.557,1.383
1995-06-13,6.249,6.288,4.728,4.989,1.521,1.299
1995-06-14,6.248,6.263,4.736,4.973,1.511,1.29
1995-06-15,6.272,6.292,4.787,4.99,1.485,1.302
1995-06-16,6.308,6.323,4.798,5.007,1.51,1.316
1995-06-19,6.227,6.26,4.749,4.973,1.478,1.287
1995-06-20,6.253,6.277,4.781,4.983,1.472,1.294
1995-06-21,6.233,6.256,4.731,4.969,1.502,1.287
1995-06-22,6.137,6.18,4.72,4.925,1.417,1.255
1995-06-23,6.17,6.188,4.729,4.927,1.441,1.261
1995-06-26,6.212,6.227,4.75,4.946,1.462,1.282
1995-06-27,6.244,6.259,4.776,4.96,1.468,1.299
1995-06-28,6.201,6.233,4.764,4.943,1.437,1.289
1995-06-29,6.343,6.352,4.868,5.006,1.475,1.347
1995-06-30,6.293,6.321,4.804,4.985,1.489,1.336
1995-07-03,6.29,6.311,4.797,4.979,1.492,1.331
1995-07-05,6.268,6.292,4.791,4.977,1.477,1.315
1995-07-06,6.16,6.17,4.646,4.908,1.514,1.261
1995-07-07,6.133,6.138,4.665,4.892,1.467,1.246
1995-07-10,6.122,6.135,4.657,4.89,1.465,1.245
1995-07-11,6.177,6.178,4.679,4.915,1.498,1.263
1995-07-12,6.181,6.189,4.682,4.921,1.499,1.268
1995-07-13,6.186,6.195,4.681,4.924,1.505,1.271
1995-07-14,6.239,6.251,4.75,4.955,1.489,1.297
1995-07-17,6.317,6.32,4.783,4.99,1.534,1.329
1995-07-18,6.367,6.367,4.78,5.013,1.588,1.354
1995-07-19,6.528,6.498,4.829,5.074,1.699,1.425
1995-07-20,6.515,6.529,4.849,5.088,1.665,1.441
1995-07-21,6.608,6.607,4.89,5.124,1.718,1.483
1995-07-24,6.525,6.576,4.902,5.106,1.624,1.47
1995-07-25,6.501,6.549,4.903,5.093,1.598,1.456
1995-07-26,6.57,6.587,4.918,5.111,1.653,1.476
1995-07-27,6.527,6.551,4.866,5.088,1.661,1.463
1995-07-28,6.57,6.584,4.888,5.102,1.682,1.482
1995-07-31,6.527,6.556,4.855,5.088,1.672,1.468
1995-08-01,6.582,6.594,4.877,5.11,1.705,1.484
1995-08-02,6.519,6.549,4.837,5.088,1.681,1.461
1995-08-03,6.602,6.608,4.886,5.118,1.716,1.49
1995-08-04,6.569,6.594,4.866,5.109,1.704,1.485
1995-08-07,6.558,6.579,4.845,5.101,1.713,1.478
1995-08-08,6.547,6.571,4.848,5.096,1.7,1.475
1995-08-09,6.572,6.589,4.856,5.105,1.716,1.484
1995-08-10,6.614,6.625,4.872,5.123,1.742,1.502
1995-08-11,6.696,6.709,4.947,5.165,1.75,1.544
1995-08-14,6.687,6.717,4.931,5.167,1.756,1.549
1995-08-15,6.65,6.705,4.976,5.163,1.674,1.542
1995-08-16,6.614,6.666,4.961,5.142,1.653,1.524
1995-08-17,6.638,6.681,4.995,5.149,1.643,1.532
1995-08-18,6.643,6.677,4.991,5.145,1.652,1.532
1995-08-21,6.607,6.639,4.957,5.126,1.649,1.513
1995-08-22,6.649,6.663,4.975,5.139,1.674,1.525
1995-08-23,6.661,6.68,4.984,5.144,1.677,1.536
1995-08-24,6.575,6.608,4.915,5.101,1.66,1.507
1995-08-25,6.433,6.493,4.87,5.042,1.562,1.451
1995-08-28,6.444,6.457,4.828,5.023,1.616,1.434
1995-08-29,6.448,6.473,4.885,5.033,1.563,1.44
1995-08-30,6.414,6.441,4.848,5.013,1.566,1.428
1995-08-31,6.362,6.4,4.844,4.99,1.518,1.41
1995-09-01,6.297,6.338,4.805,4.959,1.492,1.379
1995-09-05,6.265,6.301,4.802,4.943,1.463,1.358
1995-09-06,6.265,6.284,4.78,4.938,1.485,1.346
1995-09-07,6.3,6.312,4.813,4.955,1.487,1.357
1995-09-08,6.318,6.336,4.844,4.969,1.473,1.367
1995-09-11,6.326,6.347,4.85,4.974,1.476,1.373
1995-09-12,6.252,6.289,4.812,4.943,1.44,1.346
1995-09-13,6.286,6.304,4.828,4.949,1.458,1.355
1995-09-14,6.209,6.227,4.732,4.908,1.477,1.319
1995-09-15,6.233,6.241,4.767,4.917,1.466,1.324
1995-09-18,6.311,6.302,4.794,4.946,1.517,1.356
1995-09-19,6.254,6.282,4.792,4.927,1.462,1.354
1995-09-20,6.22,6.254,4.788,4.908,1.432,1.346
1995-09-21,6.315,6.322,4.839,4.943,1.476,1.379
1995-09-22,6.342,6.356,4.848,4.955,1.494,1.401
1995-09-25,6.344,6.369,4.87,4.961,1.475,1.408
1995-09-26,6.365,6.384,4.885,4.975,1.48,1.41
1995-09-27,6.403,6.414,4.901,4.988,1.502,1.425
1995-09-28,6.355,6.389,4.907,4.977,1.448,1.412
1995-09-29,6.23,6.29,4.878,4.926,1.352,1.364
1995-10-02,6.24,6.262,4.858,4.914,1.382,1.349
1995-10-03,6.203,6.23,4.853,4.905,1.35,1.325
1995-10-04,6.184,6.197,4.821,4.89,1.362,1.307
1995-10-05,6.158,6.171,4.806,4.878,1.352,1.294
1995-10-06,6.14,6.16,4.817,4.875,1.323,1.285
1995-10-10,6.147,6.161,4.822,4.875,1.325,1.286
1995-10-11,6.156,6.171,4.837,4.881,1.319,1.29
1995-10-12,6.122,6.149,4.829,4.87,1.293,1.278
1995-10-13,6.002,6.063,4.817,4.828,1.185,1.235
1995-10-16,6.026,6.05,4.801,4.825,1.224,1.226
1995-10-17,6.01,6.034,4.796,4.815,1.214,1.219
1995-10-18,6.036,6.052,4.812,4.821,1.223,1.231
1995-10-19,6.027,6.049,4.809,4.818,1.219,1.231
1995-10-20,6.103,6.103,4.838,4.845,1.265,1.258
1995-10-23,6.112,6.13,4.863,4.858,1.249,1.273
1995-10-24,6.039,6.083,4.848,4.83,1.191,1.253
1995-10-25,6.041,6.057,4.799,4.817,1.242,1.24
1995-10-26,6.105,6.08,4.75,4.826,1.355,1.254
1995-10-27,6.075,6.087,4.791,4.832,1.283,1.256
1995-10-30,6.092,6.09,4.755,4.837,1.337,1.253
1995-10-31,6.079,6.09,4.773,4.842,1.306,1.248
1995-11-01,6.033,6.043,4.725,4.822,1.308,1.221
1995-11-02,5.973,5.996,4.711,4.801,1.261,1.195
1995-11-03,5.987,6.001,4.718,4.807,1.269,1.194
1995-11-06,6.006,6.026,4.743,4.824,1.263,1.202
1995-11-07,6.033,6.058,4.765,4.844,1.269,1.214
1995-11-08,5.965,6.011,4.728,4.822,1.236,1.189
1995-11-09,6.022,6.038,4.722,4.84,1.3,1.199
1995-11-10,6.064,6.08,4.741,4.865,1.323,1.215
1995-11-13,6.026,6.064,4.731,4.86,1.295,1.204
1995-11-14,6.021,6.054,4.715,4.856,1.305,1.199
1995-11-15,6.052,6.083,4.737,4.871,1.315,1.212
1995-11-16,5.974,6.034,4.72,4.844,1.254,1.19
1995-11-17,5.976,6.019,4.694,4.835,1.282,1.184
1995-11-20,5.982,6.017,4.691,4.833,1.292,1.184
1995-11-21,6.02,6.046,4.7,4.848,1.321,1.198
1995-11-22,6.027,6.06,4.705,4.855,1.323,1.205
1995-11-24,6.015,6.054,4.696,4.849,1.319,1.205
1995-11-27,5.973,6.025,4.694,4.835,1.279,1.19
1995-11-28,5.968,6.017,4.705,4.834,1.263,1.183
1995-11-29,5.936,5.988,4.691,4.819,1.245,1.169
1995-11-30,5.857,5.912,4.628,4.781,1.229,1.131
1995-12-01,5.815,5.865,4.619,4.756,1.196,1.109
1995-12-04,5.723,5.79,4.597,4.721,1.126,1.069
1995-12-05,5.739,5.787,4.632,4.719,1.107,1.068
1995-12-06,5.751,5.801,4.66,4.725,1.091,1.076
1995-12-07,5.796,5.835,4.664,4.742,1.133,1.093
1995-12-08,5.816,5.863,4.68,4.756,1.137,1.107
1995-12-11,5.786,5.842,4.676,4.745,1.11,1.098
1995-12-12,5.801,5.848,4.689,4.742,1.112,1.107
1995-12-13,5.81,5.855,4.687,4.742,1.123,1.113
1995-12-14,5.823,5.856,4.66,4.74,1.163,1.115
1995-12-15,5.83,5.856,4.646,4.733,1.183,1.123
1995-12-18,5.938,5.943,4.69,4.772,1.248,1.171
1995-12-19,5.878,5.91,4.646,4.745,1.232,1.166
1995-12-20,5.834,5.876,4.633,4.716,1.2,1.16
1995-12-21,5.842,5.877,4.638,4.705,1.204,1.173
1995-12-22,5.787,5.836,4.622,4.676,1.164,1.16
1995-12-26,5.784,5.813,4.6,4.657,1.184,1.156
1995-12-27,5.755,5.783,4.579,4.64,1.176,1.142
1995-12-28,5.723,5.75,4.568,4.615,1.155,1.135
1995-12-29,5.677,5.712,4.548,4.601,1.128,1.11
1996-01-02,5.688,5.709,4.552,4.605,1.136,1.104
1996-01-03,5.682,5.691,4.492,4.606,1.19,1.085
1996-01-04,5.742,5.729,4.511,4.63,1.231,1.099
1996-01-05,5.78,5.769,4.52,4.652,1.259,1.117
1996-01-08,5.759,5.773,4.537,4.656,1.222,1.117
1996-01-09,5.778,5.785,4.524,4.66,1.254,1.125
1996-01-10,5.889,5.869,4.536,4.702,1.353,1.167
1996-01-11,5.872,5.879,4.52,4.708,1.352,1.171
1996-01-12,5.861,5.865,4.478,4.702,1.383,1.163
1996-01-16,5.781,5.809,4.454,4.671,1.327,1.138
1996-01-17,5.687,5.74,4.442,4.636,1.244,1.104
1996-01-18,5.654,5.699,4.421,4.614,1.233,1.085
1996-01-19,5.657,5.698,4.434,4.614,1.223,1.084
1996-01-22,5.728,5.745,4.447,4.639,1.281,1.106
1996-01-23,5.777,5.79,4.457,4.662,1.321,1.128
1996-01-24,5.724,5.764,4.44,4.649,1.284,1.114
1996-01-25,5.808,5.825,4.488,4.679,1.321,1.146
1996-01-26,5.759,5.804,4.47,4.668,1.288,1.136
1996-01-29,5.787,5.812,4.445,4.676,1.342,1.137
1996-01-30,5.739,5.779,4.423,4.658,1.316,1.121
1996-01-31,5.716,5.742,4.362,4.634,1.354,1.108
1996-02-01,5.73,5.741,4.328,4.631,1.402,1.11
1996-02-02,5.781,5.772,4.291,4.642,1.491,1.13
1996-02-05,5.81,5.822,4.344,4.666,1.466,1.155
1996-02-06,5.778,5.813,4.327,4.66,1.451,1.152
1996-02-07,5.799,5.819,4.305,4.66,1.494,1.159
1996-02-08,5.802,5.823,4.289,4.659,1.513,1.164
1996-02-09,5.8,5.814,4.25,4.654,1.55,1.161
1996-02-12,5.739,5.769,4.221,4.633,1.519,1.136
1996-02-13,5.717,5.736,4.187,4.617,1.53,1.119
1996-02-14,5.76,5.76,4.189,4.632,1.571,1.128
1996-02-15,5.838,5.827,4.216,4.665,1.622,1.162
1996-02-16,5.896,5.883,4.203,4.69,1.693,1.193
1996-02-20,6.118,6.095,4.348,4.798,1.77,1.297
1996-02-21,6.122,6.133,4.355,4.815,1.767,1.318
1996-02-22,6.071,6.085,4.299,4.788,1.773,1.298
1996-02-23,6.13,6.119,4.308,4.803,1.822,1.315
1996-02-26,6.166,6.159,4.339,4.823,1.827,1.336
1996-02-27,6.183,6.203,4.409,4.844,1.774,1.359
1996-02-28,6.218,6.251,4.484,4.866,1.734,1.386
1996-02-29,6.225,6.27,4.524,4.872,1.701,1.398
1996-03-01,6.115,6.166,4.429,4.814,1.686,1.352
1996-03-04,6.057,6.09,4.376,4.778,1.681,1.312
1996-03-05,6.1,6.119,4.438,4.794,1.661,1.325
1996-03-06,6.177,6.183,4.469,4.826,1.707,1.356
1996-03-07,6.198,6.221,4.52,4.844,1.677,1.377
1996-03-08,6.503,6.471,4.678,4.964,1.826,1.507
1996-03-11,6.457,6.486,4.672,4.971,1.785,1.515
1996-03-12,6.478,6.506,4.715,4.978,1.763,1.529
1996-03-13,6.5,6.508,4.68,4.975,1.819,1.533
1996-03-14,6.522,6.514,4.656,4.977,1.866,1.537
1996-03-15,6.554,6.582,4.794,5.011,1.76,1.571
1996-03-18,6.519,6.568,4.82,5.004,1.699,1.564
1996-03-19,6.512,6.546,4.782,4.995,1.731,1.551
1996-03-20,6.477,6.484,4.693,4.964,1.784,1.519
1996-03-21,6.435,6.442,4.674,4.94,1.761,1.502
1996-03-22,6.452,6.456,4.718,4.946,1.734,1.51
1996-03-25,6.377,6.406,4.711,4.919,1.665,1.488
1996-03-26,6.36,6.39,4.731,4.912,1.629,1.477
1996-03-27,6.448,6.46,4.782,4.948,1.666,1.512
1996-03-28,6.526,6.533,4.815,4.985,1.71,1.548
1996-03-29,6.471,6.491,4.741,4.962,1.73,1.53
1996-04-01,6.429,6.464,4.772,4.949,1.657,1.515
1996-04-02,6.38,6.415,4.741,4.928,1.638,1.486
1996-04-03,6.397,6.421,4.767,4.932,1.631,1.489
1996-04-04,6.469,6.469,4.771,4.952,1.698,1.517
1996-04-05,6.693,6.669,4.917,5.05,1.777,1.619
1996-04-08,6.732,6.738,4.938,5.081,1.794,1.658
1996-04-09,6.7,6.715,4.89,5.062,1.811,1.653
1996-04-10,6.765,6.753,4.905,5.074,1.86,1.678
1996-04-11,6.806,6.801,4.939,5.093,1.866,1.707
1996-04-12,6.725,6.7,4.706,5.042,2.019,1.658
1996-04-15,6.642,6.635,4.781,5.005,1.862,1.63
1996-04-16,6.63,6.622,4.802,4.994,1.827,1.629
1996-04-17,6.668,6.651,4.819,5.006,1.85,1.645
1996-04-18,6.701,6.692,4.866,5.025,1.836,1.667
1996-04-19,6.688,6.673,4.802,5.017,1.886,1.656
1996-04-22,6.608,6.621,4.818,4.994,1.79,1.627
1996-04-23,6.621,6.628,4.837,5.003,1.784,1.625
1996-04-24,6.654,6.659,4.868,5.023,1.786,1.636
1996-04-25,6.638,6.658,4.857,5.023,1.781,1.636
1996-04-26,6.617,6.636,4.847,5.014,1.771,1.622
1996-04-29,6.668,6.67,4.855,5.033,1.813,1.637
1996-04-30,6.733,6.726,4.882,5.063,1.851,1.663
1996-05-01,6.766,6.748,4.847,5.073,1.919,1.675
1996-05-02,6.925,6.878,4.92,5.136,2.005,1.742
1996-05-03,6.991,6.951,4.916,5.17,2.075,1.781
1996-05-06,6.957,6.944,4.901,5.166,2.057,1.778
1996-05-07,6.979,6.962,4.914,5.176,2.065,1.786
1996-05-08,6.908,6.926,4.926,5.157,1.981,1.769
1996-05-09,6.93,6.925,4.923,5.155,2.007,1.77
1996-05-10,6.835,6.854,4.895,5.12,1.941,1.734
1996-05-13,6.78,6.812,4.923,5.102,1.857,1.71
1996-05-14,6.733,6.755,4.868,5.077,1.865,1.678
1996-05-15,6.72,6.731,4.85,5.067,1.87,1.664
1996-05-16,6.772,6.772,4.898,5.088,1.874,1.684
1996-05-17,6.719,6.747,4.901,5.076,1.818,1.671
1996-05-20,6.696,6.712,4.87,5.061,1.826,1.652
1996-05-21,6.721,6.726,4.886,5.07,1.834,1.656
1996-05-22,6.689,6.709,4.879,5.063,1.81,1.646
1996-05-23,6.737,6.745,4.912,5.082,1.826,1.663
1996-05-24,6.701,6.731,4.914,5.075,1.787,1.657
1996-05-28,6.704,6.732,4.93,5.074,1.773,1.658
1996-05-29,6.787,6.805,4.991,5.109,1.796,1.696
1996-05-30,6.797,6.826,4.998,5.117,1.799,1.709
1996-05-31,6.88,6.89,5.031,5.145,1.849,1.746
1996-06-03,6.902,6.921,5.035,5.159,1.867,1.762
1996-06-04,6.889,6.909,5.019,5.155,1.87,1.754
1996-06-05,6.841,6.877,5.032,5.14,1.809,1.738
1996-06-06,6.794,6.815,4.973,5.11,1.821,1.705
1996-06-07,6.945,6.944,5.104,5.178,1.84,1.766
1996-06-10,6.985,6.984,5.09,5.199,1.895,1.785
1996-06-11,7.036,7.017,5.07,5.216,1.966,1.802
1996-06-12,7.091,7.058,5.059,5.235,2.032,1.822
1996-06-13,7.058,7.057,5.083,5.233,1.974,1.824
1996-06-14,6.987,7.005,5.056,5.204,1.932,1.801
1996-06-17,6.948,6.957,5.027,5.178,1.921,1.779
1996-06-18,6.975,6.966,5.037,5.183,1.938,1.784
1996-06-19,6.993,7,5.083,5.199,1.911,1.8
1996-06-20,6.991,7.013,5.097,5.208,1.895,1.805
1996-06-21,6.986,6.993,5.051,5.2,1.935,1.793
1996-06-24,6.965,6.977,5.066,5.193,1.899,1.784
1996-06-25,6.914,6.939,5.066,5.173,1.848,1.766
1996-06-26,6.903,6.924,5.074,5.165,1.829,1.759
1996-06-27,6.837,6.859,5.022,5.13,1.815,1.729
1996-06-28,6.736,6.761,4.961,5.08,1.775,1.681
1996-07-01,6.719,6.741,4.998,5.073,1.72,1.668
1996-07-02,6.758,6.776,5.057,5.1,1.701,1.676
1996-07-03,6.772,6.769,5.002,5.095,1.769,1.675
1996-07-05,7.046,6.984,5.125,5.205,1.921,1.779
1996-07-08,7.051,7.033,5.132,5.229,1.919,1.804
1996-07-09,6.998,7.009,5.133,5.221,1.866,1.789
1996-07-10,6.957,6.953,5.078,5.191,1.88,1.762
1996-07-11,6.937,6.92,5.039,5.178,1.897,1.742
1996-07-12,6.875,6.884,5.06,5.158,1.815,1.726
1996-07-15,6.891,6.895,5.077,5.164,1.814,1.73
1996-07-16,6.873,6.858,5.003,5.145,1.87,1.713
1996-07-17,6.834,6.839,5.043,5.134,1.791,1.705
1996-07-18,6.712,6.747,5.002,5.088,1.71,1.658
1996-07-19,6.797,6.778,4.993,5.108,1.804,1.671
1996-07-22,6.828,6.825,5.054,5.132,1.774,1.693
1996-07-23,6.803,6.816,5.032,5.129,1.77,1.687
1996-07-24,6.851,6.848,5.06,5.145,1.79,1.702
1996-07-25,6.846,6.851,5.05,5.146,1.796,1.705
1996-07-26,6.832,6.843,5.052,5.141,1.78,1.702
1996-07-29,6.899,6.893,5.085,5.17,1.813,1.723
1996-07-30,6.855,6.876,5.095,5.16,1.761,1.716
1996-07-31,6.789,6.81,5.05,5.127,1.739,1.684
1996-08-01,6.653,6.683,4.963,5.06,1.69,1.623
1996-08-02,6.517,6.545,4.876,4.988,1.641,1.557
1996-08-05,6.516,6.528,4.909,4.976,1.607,1.552
1996-08-06,6.533,6.546,4.927,4.985,1.606,1.561
1996-08-07,6.526,6.553,4.938,4.988,1.587,1.564
1996-08-08,6.538,6.558,4.925,4.988,1.614,1.57
1996-08-09,6.485,6.517,4.892,4.967,1.593,1.55
1996-08-12,6.489,6.503,4.881,4.96,1.609,1.543
1996-08-13,6.567,6.561,4.913,4.989,1.654,1.572
1996-08-14,6.571,6.581,4.914,4.998,1.657,1.583
1996-08-15,6.615,6.618,4.919,5.018,1.696,1.6
1996-08-16,6.553,6.581,4.895,5,1.659,1.581
1996-08-19,6.591,6.6,4.909,5.01,1.683,1.59
1996-08-20,6.586,6.603,4.916,5.011,1.671,1.592
1996-08-21,6.617,6.62,4.901,5.017,1.716,1.604
1996-08-22,6.63,6.637,4.909,5.022,1.721,1.615
1996-08-23,6.714,6.717,4.971,5.059,1.743,1.658
1996-08-27,6.795,6.793,4.984,5.099,1.811,1.695
1996-08-28,6.821,6.816,4.962,5.11,1.86,1.706
1996-08-29,6.865,6.863,5.001,5.136,1.863,1.728
1996-08-30,6.982,6.962,5.036,5.189,1.946,1.772
1996-09-03,6.94,6.958,5.077,5.193,1.863,1.764
1996-09-04,6.96,6.966,5.09,5.201,1.87,1.765
1996-09-05,7.016,6.993,5.059,5.218,1.957,1.775
1996-09-06,6.991,6.975,5.039,5.209,1.952,1.765
1996-09-09,6.946,6.938,5.035,5.188,1.911,1.75
1996-09-10,6.998,6.963,5.029,5.201,1.969,1.762
1996-09-11,6.989,6.974,5.06,5.206,1.929,1.768
1996-09-12,6.938,6.928,5.016,5.182,1.922,1.746
1996-09-13,6.807,6.81,4.931,5.117,1.875,1.693
1996-09-16,6.792,6.787,4.943,5.102,1.848,1.684
1996-09-17,6.855,6.844,5.006,5.139,1.849,1.706
1996-09-18,6.873,6.87,5.031,5.153,1.843,1.717
1996-09-19,6.873,6.872,5.03,5.152,1.843,1.719
1996-09-20,6.89,6.884,5.039,5.16,1.851,1.724
1996-09-23,6.87,6.867,5.025,5.154,1.844,1.713
1996-09-24,6.808,6.807,4.955,5.114,1.853,1.693
1996-09-25,6.732,6.745,4.931,5.071,1.801,1.675
1996-09-26,6.684,6.696,4.913,5.035,1.771,1.661
1996-09-27,6.716,6.71,4.914,5.037,1.803,1.673
1996-09-30,6.759,6.744,4.947,5.051,1.812,1.692
1996-10-01,6.697,6.698,4.909,5.036,1.789,1.663
1996-10-02,6.659,6.651,4.88,5.012,1.779,1.64
1996-10-03,6.661,6.644,4.884,5.009,1.777,1.635
1996-10-04,6.533,6.537,4.815,4.955,1.718,1.582
1996-10-07,6.573,6.552,4.839,4.967,1.734,1.585
1996-10-08,6.582,6.568,4.853,4.982,1.729,1.586
1996-10-09,6.62,6.606,4.881,5.004,1.739,1.602
1996-10-10,6.678,6.662,4.898,5.035,1.78,1.627
1996-10-11,6.595,6.61,4.859,5.01,1.736,1.6
1996-10-15,6.6,6.605,4.856,5.011,1.744,1.595
1996-10-16,6.605,6.614,4.885,5.016,1.72,1.598
1996-10-17,6.54,6.566,4.858,4.991,1.682,1.575
1996-10-18,6.526,6.549,4.871,4.983,1.655,1.566
1996-10-21,6.545,6.561,4.884,4.99,1.661,1.57
1996-10-22,6.582,6.592,4.899,5.009,1.684,1.584
1996-10-23,6.573,6.59,4.903,5.006,1.671,1.584
1996-10-24,6.59,6.599,4.892,5.01,1.698,1.589
1996-10-25,6.564,6.58,4.883,5.001,1.681,1.579
1996-10-28,6.57,6.586,4.896,5.008,1.674,1.578
1996-10-29,6.427,6.468,4.812,4.95,1.615,1.517
1996-10-30,6.429,6.446,4.819,4.942,1.61,1.505
1996-10-31,6.401,6.421,4.809,4.932,1.592,1.489
1996-11-01,6.405,6.423,4.817,4.935,1.588,1.488
1996-11-04,6.384,6.408,4.815,4.928,1.57,1.48
1996-11-05,6.304,6.348,4.801,4.9,1.503,1.448
1996-11-06,6.316,6.343,4.807,4.899,1.509,1.444
1996-11-07,6.247,6.297,4.811,4.876,1.436,1.421
1996-11-08,6.29,6.313,4.823,4.884,1.467,1.429
1996-11-12,6.216,6.262,4.808,4.86,1.408,1.403
1996-11-13,6.234,6.259,4.803,4.859,1.431,1.4
1996-11-14,6.414,6.382,4.812,4.916,1.602,1.466
1996-11-15,6.227,6.278,4.77,4.865,1.458,1.412
1996-11-18,6.237,6.263,4.777,4.86,1.46,1.403
1996-11-19,6.203,6.235,4.772,4.848,1.431,1.387
1996-11-20,6.164,6.204,4.774,4.834,1.389,1.37
1996-11-21,6.168,6.202,4.785,4.834,1.382,1.368
1996-11-22,6.175,6.203,4.783,4.834,1.393,1.369
1996-11-25,6.16,6.188,4.771,4.826,1.389,1.362
1996-11-26,6.165,6.183,4.758,4.823,1.407,1.36
1996-11-27,6.176,6.188,4.756,4.825,1.42,1.363
1996-11-29,6.085,6.124,4.727,4.792,1.357,1.331
1996-12-02,6.099,6.12,4.738,4.787,1.361,1.333
1996-12-03,6.082,6.105,4.729,4.775,1.353,1.33
1996-12-04,6.138,6.143,4.748,4.788,1.39,1.355
1996-12-05,6.264,6.236,4.748,4.83,1.516,1.405
1996-12-06,6.302,6.285,4.768,4.851,1.534,1.433
1996-12-09,6.258,6.26,4.732,4.834,1.526,1.426
1996-12-10,6.247,6.26,4.778,4.829,1.469,1.431
1996-12-11,6.403,6.377,4.839,4.882,1.564,1.495
1996-12-12,6.431,6.418,4.819,4.898,1.613,1.52
1996-12-13,6.369,6.373,4.774,4.872,1.595,1.501
1996-12-16,6.418,6.406,4.804,4.89,1.614,1.516
1996-12-17,6.433,6.435,4.861,4.907,1.572,1.528
1996-12-18,6.464,6.467,4.891,4.925,1.573,1.542
1996-12-19,6.352,6.392,4.863,4.887,1.489,1.505
1996-12-20,6.35,6.371,4.872,4.878,1.478,1.494
1996-12-23,6.336,6.361,4.891,4.878,1.445,1.482
1996-12-24,6.343,6.36,4.894,4.88,1.449,1.48
1996-12-26,6.344,6.359,4.893,4.88,1.451,1.478
1996-12-27,6.298,6.324,4.881,4.866,1.417,1.458
1996-12-30,6.308,6.322,4.88,4.87,1.429,1.452
1996-12-31,6.426,6.414,4.925,4.92,1.501,1.493
1997-01-02,6.543,6.518,4.939,4.972,1.603,1.546
1997-01-03,6.516,6.524,4.934,4.974,1.583,1.55
1997-01-06,6.544,6.545,4.93,4.984,1.614,1.561
1997-01-07,6.568,6.571,4.935,4.994,1.633,1.577
1997-01-08,6.591,6.598,4.948,5.006,1.642,1.592
1997-01-09,6.51,6.543,4.918,4.975,1.592,1.567
1997-01-10,6.618,6.621,4.974,5.015,1.644,1.606
1997-01-13,6.611,6.632,4.979,5.019,1.632,1.613
1997-01-14,6.516,6.559,4.948,4.983,1.568,1.576
1997-01-15,6.525,6.544,4.93,4.976,1.594,1.568
1997-01-16,6.572,6.573,4.936,4.99,1.635,1.584
1997-01-17,6.556,6.57,4.942,4.988,1.613,1.582
1997-01-21,6.51,6.539,4.944,4.972,1.566,1.566
1997-01-22,6.554,6.561,4.947,4.986,1.607,1.575
1997-01-23,6.582,6.594,4.973,5.003,1.609,1.591
1997-01-24,6.632,6.629,4.958,5.019,1.674,1.61
1997-01-27,6.68,6.672,4.965,5.041,1.714,1.63
1997-01-28,6.638,6.651,4.959,5.029,1.679,1.621
1997-01-29,6.624,6.641,4.962,5.024,1.662,1.617
1997-01-30,6.607,6.624,4.95,5.017,1.657,1.607
1997-01-31,6.517,6.553,4.913,4.982,1.604,1.572
1997-02-03,6.466,6.497,4.884,4.952,1.582,1.545
1997-02-04,6.449,6.472,4.879,4.94,1.57,1.531
1997-02-05,6.479,6.488,4.885,4.95,1.594,1.538
1997-02-06,6.484,6.499,4.892,4.957,1.592,1.542
1997-02-07,6.436,6.46,4.863,4.938,1.573,1.522
1997-02-10,6.424,6.446,4.865,4.933,1.559,1.514
1997-02-11,6.424,6.446,4.871,4.934,1.552,1.512
1997-02-13,6.345,6.39,4.857,4.904,1.488,1.486
1997-02-14,6.288,6.335,4.841,4.873,1.447,1.462
1997-02-18,6.306,6.334,4.841,4.872,1.466,1.462
1997-02-19,6.328,6.348,4.844,4.88,1.484,1.467
1997-02-20,6.406,6.409,4.868,4.909,1.539,1.5
1997-02-21,6.387,6.41,4.861,4.908,1.526,1.502
1997-02-24,6.417,6.434,4.874,4.921,1.543,1.513
1997-02-25,6.418,6.443,4.886,4.925,1.531,1.518
1997-02-26,6.576,6.574,4.974,4.995,1.602,1.579
1997-02-27,6.588,6.613,5.004,5.015,1.583,1.597
1997-02-28,6.577,6.613,5.017,5.018,1.561,1.595
1997-03-03,6.605,6.627,5.011,5.025,1.594,1.602
1997-03-04,6.635,6.649,5.016,5.038,1.619,1.612
1997-03-05,6.632,6.652,5.012,5.037,1.62,1.614
1997-03-06,6.666,6.675,5.016,5.049,1.65,1.625
1997-03-07,6.608,6.636,4.998,5.029,1.61,1.607
1997-03-10,6.61,6.63,5.002,5.025,1.608,1.605
1997-03-11,6.621,6.633,4.996,5.024,1.625,1.608
1997-03-12,6.651,6.658,5.011,5.037,1.64,1.621
1997-03-13,6.764,6.755,5.072,5.088,1.692,1.667
1997-03-14,6.744,6.757,5.056,5.088,1.688,1.669
1997-03-17,6.753,6.771,5.07,5.098,1.683,1.673
1997-03-18,6.756,6.775,5.082,5.101,1.674,1.674
1997-03-19,6.775,6.79,5.091,5.111,1.684,1.679
1997-03-20,6.761,6.797,5.132,5.119,1.63,1.678
1997-03-21,6.761,6.796,5.143,5.126,1.619,1.67
1997-03-24,6.739,6.774,5.135,5.118,1.604,1.656
1997-03-25,6.75,6.785,5.175,5.128,1.576,1.657
1997-03-26,6.806,6.821,5.186,5.141,1.62,1.68
1997-03-27,6.929,6.911,5.19,5.183,1.739,1.728
1997-03-31,6.945,6.942,5.198,5.192,1.747,1.75
1997-04-01,6.928,6.93,5.161,5.181,1.768,1.749
1997-04-02,6.905,6.916,5.17,5.17,1.734,1.746
1997-04-03,6.898,6.905,5.157,5.16,1.741,1.745
1997-04-04,6.95,6.947,5.193,5.18,1.757,1.767
1997-04-07,6.89,6.912,5.187,5.162,1.703,1.75
1997-04-08,6.925,6.928,5.192,5.168,1.733,1.761
1997-04-09,6.93,6.931,5.187,5.168,1.743,1.764
1997-04-10,6.93,6.935,5.201,5.172,1.729,1.763
1997-04-11,7,6.989,5.229,5.201,1.771,1.788
1997-04-14,6.993,6.996,5.242,5.205,1.751,1.792
1997-04-15,6.891,6.921,5.22,5.167,1.671,1.753
1997-04-16,6.908,6.918,5.229,5.165,1.679,1.752
1997-04-17,6.869,6.884,5.21,5.149,1.659,1.734
1997-04-18,6.857,6.862,5.188,5.139,1.669,1.723
1997-04-21,6.896,6.886,5.193,5.151,1.703,1.735
1997-04-22,6.871,6.87,5.168,5.146,1.703,1.724
1997-04-23,6.915,6.902,5.198,5.165,1.717,1.737
1997-04-24,6.954,6.944,5.226,5.183,1.728,1.76
1997-04-25,6.963,6.962,5.247,5.191,1.716,1.771
1997-04-28,6.936,6.945,5.242,5.183,1.694,1.762
1997-04-29,6.803,6.823,5.142,5.122,1.661,1.702
1997-04-30,6.751,6.758,5.103,5.089,1.648,1.669
1997-05-01,6.735,6.729,5.069,5.074,1.666,1.655
1997-05-02,6.713,6.712,5.081,5.066,1.632,1.645
1997-05-05,6.69,6.7,5.112,5.057,1.577,1.643
1997-05-06,6.68,6.695,5.126,5.056,1.555,1.64
1997-05-07,6.768,6.755,5.155,5.083,1.613,1.672
1997-05-08,6.729,6.733,5.132,5.069,1.597,1.663
1997-05-09,6.683,6.684,5.088,5.041,1.594,1.643
1997-05-12,6.669,6.664,5.076,5.03,1.593,1.635
1997-05-13,6.721,6.716,5.141,5.06,1.58,1.656
1997-05-14,6.7,6.698,5.089,5.05,1.611,1.648
1997-05-15,6.691,6.682,5.066,5.038,1.624,1.644
1997-05-16,6.719,6.704,5.085,5.052,1.634,1.652
1997-05-19,6.706,6.711,5.131,5.064,1.575,1.647
1997-05-20,6.705,6.701,5.095,5.067,1.61,1.634
1997-05-21,6.754,6.728,5.074,5.069,1.68,1.659
1997-05-22,6.774,6.762,5.088,5.081,1.686,1.681
1997-05-23,6.723,6.729,5.059,5.062,1.664,1.667
1997-05-27,6.798,6.786,5.121,5.086,1.676,1.699
1997-05-28,6.808,6.806,5.11,5.096,1.698,1.71
1997-05-29,6.766,6.774,5.096,5.07,1.67,1.704
1997-05-30,6.695,6.704,5.041,5.026,1.654,1.678
1997-06-02,6.688,6.682,5.027,5.009,1.661,1.673
1997-06-03,6.657,6.652,5.02,4.994,1.637,1.658
1997-06-04,6.639,6.638,5.042,4.992,1.597,1.646
1997-06-05,6.629,6.632,5.064,4.992,1.565,1.64
1997-06-06,6.515,6.547,5.038,4.95,1.477,1.596
1997-06-09,6.569,6.567,5.058,4.961,1.51,1.606
1997-06-10,6.591,6.587,5.07,4.971,1.522,1.617
1997-06-11,6.588,6.586,5.057,4.965,1.531,1.621
1997-06-12,6.521,6.521,4.999,4.929,1.522,1.591
1997-06-13,6.473,6.474,4.978,4.907,1.495,1.567
1997-06-16,6.445,6.444,4.973,4.892,1.472,1.552
1997-06-17,6.472,6.46,4.981,4.903,1.49,1.557
1997-06-18,6.447,6.444,4.977,4.896,1.469,1.548
1997-06-19,6.448,6.443,4.984,4.9,1.464,1.544
1997-06-20,6.416,6.42,4.975,4.89,1.441,1.53
1997-06-23,6.448,6.441,4.994,4.908,1.455,1.533
1997-06-24,6.454,6.448,4.996,4.908,1.458,1.54
1997-06-25,6.497,6.478,4.997,4.92,1.5,1.558
1997-06-26,6.546,6.524,5.009,4.946,1.537,1.579
1997-06-27,6.545,6.537,5.004,4.953,1.541,1.584
1997-06-30,6.558,6.559,5.029,4.967,1.529,1.592
1997-07-01,6.492,6.513,5.003,4.948,1.489,1.565
1997-07-02,6.464,6.484,4.999,4.938,1.465,1.546
1997-07-03,6.353,6.39,4.955,4.89,1.398,1.5
1997-07-07,6.31,6.34,4.951,4.863,1.359,1.478
1997-07-08,6.322,6.336,4.955,4.863,1.366,1.473
1997-07-09,6.294,6.313,4.943,4.853,1.351,1.46
1997-07-10,6.305,6.313,4.942,4.857,1.364,1.456
1997-07-11,6.274,6.294,4.943,4.848,1.331,1.446
1997-07-14,6.294,6.309,4.964,4.858,1.329,1.451
1997-07-15,6.297,6.31,4.964,4.863,1.333,1.448
1997-07-16,6.234,6.263,4.953,4.84,1.282,1.424
1997-07-17,6.238,6.255,4.952,4.837,1.286,1.417
1997-07-18,6.292,6.289,4.961,4.86,1.33,1.43
1997-07-21,6.306,6.315,4.978,4.877,1.328,1.437
1997-07-22,6.193,6.233,4.939,4.835,1.254,1.398
1997-07-23,6.184,6.207,4.931,4.823,1.253,1.385
1997-07-24,6.194,6.208,4.93,4.826,1.264,1.382
1997-07-25,6.22,6.228,4.937,4.838,1.284,1.39
1997-07-28,6.203,6.219,4.93,4.835,1.272,1.385
1997-07-29,6.134,6.166,4.901,4.81,1.232,1.356
1997-07-30,6.106,6.127,4.878,4.793,1.228,1.333
1997-07-31,6.068,6.089,4.857,4.778,1.211,1.311
1997-08-01,6.244,6.222,4.94,4.847,1.304,1.375
1997-08-04,6.259,6.269,4.971,4.87,1.288,1.399
1997-08-05,6.267,6.286,4.975,4.879,1.292,1.407
1997-08-06,6.251,6.276,4.975,4.874,1.276,1.402
1997-08-07,6.256,6.276,4.968,4.876,1.288,1.401
1997-08-08,6.441,6.402,4.981,4.936,1.46,1.466
1997-08-11,6.434,6.424,4.962,4.947,1.472,1.476
1997-08-12,6.467,6.456,4.981,4.963,1.486,1.493
1997-08-13,6.438,6.442,4.969,4.956,1.469,1.485
1997-08-14,6.356,6.383,4.946,4.93,1.41,1.453
1997-08-15,6.364,6.367,4.917,4.921,1.446,1.446
1997-08-18,6.308,6.326,4.893,4.899,1.415,1.426
1997-08-19,6.306,6.324,4.913,4.897,1.393,1.427
1997-08-20,6.324,6.341,4.927,4.904,1.397,1.438
1997-08-21,6.382,6.388,4.944,4.926,1.438,1.462
1997-08-22,6.456,6.447,4.953,4.951,1.503,1.496
1997-08-25,6.473,6.479,4.968,4.969,1.505,1.51
1997-08-26,6.472,6.478,4.942,4.968,1.53,1.51
1997-08-27,6.462,6.479,4.972,4.969,1.49,1.511
1997-08-28,6.37,6.411,4.956,4.932,1.414,1.479
1997-08-29,6.417,6.427,4.959,4.939,1.458,1.488
1997-09-02,6.383,6.402,4.946,4.923,1.437,1.479
1997-09-03,6.411,6.414,4.946,4.924,1.465,1.49
1997-09-04,6.42,6.423,4.947,4.925,1.473,1.498
1997-09-05,6.461,6.448,4.941,4.936,1.52,1.512
1997-09-08,6.423,6.431,4.942,4.927,1.481,1.505
1997-09-09,6.433,6.432,4.937,4.925,1.496,1.507
1997-09-10,6.464,6.452,4.937,4.93,1.528,1.521
1997-09-11,6.489,6.472,4.932,4.939,1.557,1.533
1997-09-12,6.393,6.402,4.892,4.902,1.5,1.5
1997-09-15,6.38,6.381,4.9,4.893,1.48,1.487
1997-09-16,6.194,6.238,4.851,4.823,1.343,1.416
1997-09-17,6.19,6.199,4.842,4.805,1.348,1.394
1997-09-18,6.197,6.2,4.868,4.805,1.329,1.395
1997-09-19,6.179,6.186,4.865,4.795,1.314,1.39
1997-09-22,6.147,6.158,4.861,4.778,1.286,1.38
1997-09-23,6.184,6.176,4.872,4.782,1.312,1.394
1997-09-24,6.137,6.141,4.853,4.756,1.284,1.386
1997-09-25,6.234,6.2,4.876,4.778,1.357,1.423
1997-09-26,6.188,6.181,4.885,4.768,1.303,1.412
1997-09-29,6.203,6.182,4.873,4.769,1.33,1.413
1997-09-30,6.219,6.197,4.885,4.785,1.335,1.412
1997-10-01,6.141,6.139,4.851,4.764,1.289,1.375
1997-10-02,6.115,6.107,4.849,4.751,1.265,1.357
1997-10-03,6.112,6.095,4.836,4.743,1.276,1.352
1997-10-06,6.073,6.059,4.797,4.724,1.276,1.335
1997-10-07,6.043,6.034,4.79,4.714,1.253,1.32
1997-10-08,6.184,6.136,4.84,4.767,1.344,1.368
1997-10-09,6.193,6.169,4.854,4.789,1.339,1.381
1997-10-10,6.262,6.224,4.866,4.818,1.396,1.406
1997-10-14,6.178,6.178,4.854,4.794,1.324,1.384
1997-10-15,6.212,6.194,4.867,4.801,1.346,1.393
1997-10-16,6.206,6.194,4.871,4.799,1.335,1.395
1997-10-17,6.269,6.249,4.918,4.823,1.351,1.426
1997-10-20,6.247,6.242,4.918,4.816,1.329,1.426
1997-10-21,6.235,6.237,4.936,4.815,1.299,1.422
1997-10-22,6.226,6.222,4.924,4.815,1.302,1.407
1997-10-23,6.134,6.141,4.885,4.777,1.248,1.365
1997-10-24,6.103,6.105,4.883,4.762,1.22,1.343
1997-10-27,6.016,6.012,4.797,4.713,1.219,1.299
1997-10-28,6.067,6.059,4.871,4.748,1.196,1.311
1997-10-29,5.999,6.014,4.841,4.727,1.158,1.287
1997-10-30,5.933,5.958,4.825,4.7,1.108,1.259
1997-10-31,5.927,5.944,4.832,4.698,1.095,1.246
1997-11-03,5.998,5.991,4.856,4.728,1.141,1.263
1997-11-04,6.035,6.03,4.88,4.749,1.155,1.281
1997-11-05,6.021,6.033,4.899,4.751,1.121,1.282
1997-11-06,5.971,5.999,4.889,4.737,1.082,1.262
1997-11-07,5.967,5.992,4.906,4.736,1.061,1.256
1997-11-10,5.969,5.997,4.926,4.743,1.043,1.253
1997-11-12,5.96,5.981,4.909,4.735,1.051,1.246
1997-11-13,5.939,5.962,4.897,4.724,1.042,1.237
1997-11-14,5.93,5.954,4.905,4.719,1.026,1.234
1997-11-17,5.911,5.939,4.901,4.71,1.01,1.228
1997-11-18,5.907,5.932,4.908,4.711,0.999,1.221
1997-11-19,5.859,5.899,4.915,4.694,0.944,1.204
1997-11-20,5.883,5.909,4.932,4.699,0.95,1.21
1997-11-21,5.87,5.888,4.896,4.685,0.975,1.203
1997-11-24,5.905,5.917,4.925,4.702,0.98,1.215
1997-11-25,5.891,5.916,4.937,4.705,0.954,1.211
1997-11-26,5.886,5.918,4.961,4.703,0.925,1.215
1997-11-28,5.875,5.913,4.981,4.695,0.893,1.218
1997-12-01,5.897,5.912,4.945,4.693,0.952,1.218
1997-12-02,5.891,5.906,4.952,4.689,0.939,1.217
1997-12-03,5.862,5.881,4.949,4.676,0.913,1.205
1997-12-04,5.874,5.877,4.938,4.675,0.935,1.202
1997-12-05,5.933,5.935,4.997,4.708,0.936,1.227
1997-12-08,5.981,5.984,5.016,4.738,0.965,1.246
1997-12-09,5.972,5.981,5,4.734,0.973,1.248
1997-12-10,5.938,5.945,4.953,4.71,0.984,1.235
1997-12-11,5.87,5.887,4.913,4.677,0.957,1.209
1997-12-12,5.783,5.816,4.898,4.64,0.885,1.177
1997-12-15,5.825,5.831,4.917,4.65,0.908,1.181
1997-12-16,5.81,5.824,4.92,4.648,0.89,1.176
1997-12-17,5.84,5.844,4.932,4.661,0.908,1.183
1997-12-18,5.782,5.809,4.926,4.644,0.857,1.164
1997-12-19,5.766,5.78,4.905,4.639,0.862,1.142
1997-12-22,5.731,5.763,4.944,4.642,0.787,1.12
1997-12-23,5.748,5.763,4.941,4.651,0.807,1.112
1997-12-24,5.77,5.774,4.936,4.655,0.834,1.119
1997-12-26,5.756,5.777,4.956,4.652,0.8,1.125
1997-12-29,5.772,5.788,4.949,4.659,0.822,1.129
1997-12-30,5.817,5.822,4.95,4.679,0.867,1.143
1997-12-31,5.771,5.794,4.92,4.661,0.85,1.133
1998-01-02,5.677,5.724,4.892,4.622,0.786,1.102
1998-01-05,5.551,5.599,4.792,4.552,0.759,1.047
1998-01-06,5.543,5.558,4.755,4.53,0.788,1.028
1998-01-07,5.612,5.596,4.746,4.549,0.866,1.047
1998-01-08,5.561,5.549,4.655,4.518,0.906,1.03
1998-01-09,5.512,5.486,4.557,4.48,0.955,1.006
1998-01-12,5.496,5.486,4.6,4.478,0.896,1.008
1998-01-13,5.519,5.514,4.628,4.499,0.891,1.015
1998-01-14,5.557,5.551,4.649,4.521,0.908,1.029
1998-01-15,5.573,5.569,4.648,4.528,0.925,1.04
1998-01-16,5.627,5.622,4.677,4.556,0.95,1.066
1998-01-20,5.642,5.647,4.691,4.567,0.951,1.08
1998-01-21,5.613,5.628,4.668,4.557,0.945,1.071
1998-01-22,5.652,5.632,4.613,4.559,1.039,1.073
1998-01-23,5.788,5.745,4.673,4.618,1.115,1.127
1998-01-26,5.716,5.728,4.681,4.61,1.036,1.118
1998-01-27,5.761,5.773,4.742,4.637,1.019,1.135
1998-01-28,5.756,5.774,4.739,4.64,1.017,1.134
1998-01-29,5.633,5.676,4.681,4.59,0.952,1.087
1998-01-30,5.614,5.633,4.651,4.569,0.963,1.064
1998-02-02,5.657,5.656,4.666,4.584,0.991,1.072
1998-02-03,5.657,5.657,4.65,4.589,1.007,1.067
1998-02-04,5.663,5.654,4.631,4.58,1.032,1.074
1998-02-05,5.737,5.708,4.643,4.604,1.094,1.104
1998-02-06,5.716,5.72,4.669,4.61,1.047,1.109
1998-02-09,5.743,5.745,4.693,4.62,1.05,1.125
1998-02-10,5.723,5.736,4.692,4.618,1.03,1.118
1998-02-11,5.649,5.687,4.7,4.595,0.949,1.092
1998-02-12,5.658,5.676,4.694,4.591,0.964,1.086
1998-02-13,5.626,5.647,4.675,4.578,0.951,1.069
1998-02-17,5.578,5.607,4.674,4.556,0.904,1.051
1998-02-18,5.622,5.63,4.688,4.57,0.933,1.06
1998-02-19,5.643,5.648,4.697,4.581,0.946,1.067
1998-02-20,5.664,5.668,4.706,4.59,0.959,1.077
1998-02-23,5.7,5.705,4.741,4.612,0.959,1.093
1998-02-24,5.817,5.806,4.813,4.661,1.005,1.145
1998-02-25,5.721,5.77,4.81,4.643,0.911,1.126
1998-02-26,5.744,5.776,4.829,4.648,0.914,1.128
1998-02-27,5.72,5.755,4.819,4.638,0.9,1.117
1998-03-02,5.82,5.816,4.831,4.667,0.989,1.149
1998-03-03,5.878,5.872,4.849,4.688,1.028,1.184
1998-03-04,5.851,5.873,4.855,4.68,0.996,1.193
1998-03-05,5.892,5.892,4.833,4.683,1.059,1.21
1998-03-06,5.836,5.858,4.813,4.661,1.023,1.197
1998-03-09,5.782,5.813,4.805,4.637,0.977,1.176
1998-03-10,5.777,5.799,4.809,4.625,0.968,1.174
1998-03-11,5.737,5.765,4.795,4.605,0.942,1.16
1998-03-12,5.666,5.705,4.786,4.573,0.881,1.132
1998-03-13,5.687,5.701,4.784,4.571,0.904,1.13
1998-03-16,5.661,5.676,4.772,4.559,0.89,1.117
1998-03-17,5.678,5.683,4.776,4.567,0.902,1.116
1998-03-18,5.695,5.697,4.786,4.577,0.909,1.119
1998-03-19,5.694,5.702,4.796,4.582,0.898,1.119
1998-03-20,5.68,5.694,4.798,4.58,0.881,1.114
1998-03-23,5.675,5.689,4.802,4.577,0.873,1.112
1998-03-24,5.672,5.688,4.816,4.574,0.856,1.114
1998-03-25,5.722,5.732,4.852,4.593,0.87,1.139
1998-03-26,5.752,5.77,4.884,4.611,0.868,1.159
1998-03-27,5.756,5.782,4.898,4.615,0.859,1.167
1998-03-30,5.796,5.809,4.903,4.629,0.893,1.181
1998-03-31,5.749,5.773,4.863,4.61,0.886,1.163
1998-04-01,5.7,5.726,4.837,4.583,0.862,1.143
1998-04-02,5.652,5.68,4.816,4.558,0.837,1.122
1998-04-03,5.576,5.599,4.755,4.516,0.821,1.083
1998-04-06,5.609,5.614,4.784,4.526,0.825,1.088
1998-04-07,5.628,5.63,4.786,4.532,0.842,1.098
1998-04-08,5.681,5.67,4.786,4.55,0.894,1.12
1998-04-09,5.672,5.682,4.811,4.555,0.861,1.127
1998-04-13,5.74,5.742,4.852,4.593,0.888,1.148
1998-04-14,5.71,5.724,4.827,4.587,0.883,1.136
1998-04-15,5.705,5.706,4.789,4.575,0.916,1.131
1998-04-16,5.696,5.69,4.77,4.563,0.926,1.127
1998-04-17,5.702,5.691,4.769,4.561,0.933,1.13
1998-04-20,5.755,5.73,4.778,4.578,0.977,1.151
1998-04-21,5.79,5.767,4.793,4.596,0.996,1.172
1998-04-22,5.795,5.777,4.786,4.601,1.008,1.177
1998-04-23,5.8,5.786,4.796,4.605,1.004,1.181
1998-04-24,5.772,5.771,4.8,4.598,0.972,1.173
1998-04-27,5.911,5.871,4.851,4.647,1.06,1.224
1998-04-28,5.919,5.894,4.839,4.657,1.08,1.237
1998-04-29,5.927,5.907,4.845,4.662,1.082,1.245
1998-04-30,5.808,5.811,4.779,4.609,1.029,1.203
1998-05-01,5.782,5.781,4.79,4.594,0.992,1.187
1998-05-04,5.78,5.774,4.799,4.592,0.981,1.182
1998-05-05,5.815,5.795,4.806,4.609,1.009,1.186
1998-05-06,5.783,5.767,4.774,4.6,1.009,1.168
1998-05-07,5.798,5.77,4.765,4.605,1.033,1.166
1998-05-08,5.823,5.799,4.793,4.623,1.03,1.177
1998-05-11,5.892,5.86,4.824,4.653,1.068,1.206
1998-05-12,5.799,5.811,4.817,4.63,0.982,1.181
1998-05-13,5.768,5.782,4.819,4.617,0.949,1.165
1998-05-14,5.8,5.798,4.832,4.629,0.969,1.169
1998-05-15,5.79,5.798,4.851,4.63,0.939,1.168
1998-05-18,5.734,5.761,4.859,4.613,0.874,1.148
1998-05-19,5.775,5.77,4.82,4.622,0.955,1.148
1998-05-20,5.721,5.739,4.824,4.608,0.897,1.131
1998-05-21,5.748,5.765,4.879,4.625,0.868,1.14
1998-05-22,5.726,5.754,4.887,4.618,0.839,1.135
1998-05-26,5.695,5.716,4.838,4.595,0.856,1.121
1998-05-27,5.684,5.689,4.806,4.575,0.878,1.113
1998-05-28,5.679,5.691,4.84,4.571,0.839,1.12
1998-05-29,5.695,5.687,4.811,4.563,0.884,1.123
1998-06-01,5.668,5.665,4.802,4.546,0.867,1.119
1998-06-02,5.691,5.68,4.814,4.556,0.878,1.124
1998-06-03,5.693,5.69,4.837,4.566,0.856,1.124
1998-06-04,5.717,5.708,4.836,4.575,0.882,1.133
1998-06-05,5.696,5.702,4.859,4.573,0.836,1.129
1998-06-08,5.694,5.698,4.862,4.573,0.833,1.125
1998-06-09,5.697,5.698,4.863,4.577,0.834,1.12
1998-06-10,5.617,5.641,4.86,4.55,0.758,1.091
1998-06-11,5.549,5.564,4.799,4.51,0.75,1.054
1998-06-12,5.543,5.539,4.771,4.498,0.772,1.041
1998-06-15,5.501,5.51,4.776,4.485,0.725,1.026
1998-06-16,5.565,5.558,4.813,4.514,0.752,1.044
1998-06-17,5.66,5.636,4.841,4.557,0.819,1.079
1998-06-18,5.62,5.625,4.831,4.55,0.789,1.074
1998-06-19,5.591,5.598,4.808,4.535,0.783,1.063
1998-06-22,5.586,5.592,4.825,4.53,0.761,1.063
1998-06-23,5.553,5.572,4.822,4.516,0.732,1.056
1998-06-24,5.576,5.576,4.82,4.511,0.757,1.065
1998-06-25,5.578,5.583,4.83,4.508,0.749,1.074
1998-06-26,5.546,5.568,4.851,4.495,0.695,1.073
1998-06-29,5.58,5.577,4.84,4.497,0.74,1.08
1998-06-30,5.541,5.552,4.827,4.486,0.715,1.066
1998-07-01,5.545,5.537,4.79,4.479,0.756,1.058
1998-07-02,5.501,5.513,4.808,4.466,0.693,1.048
1998-07-06,5.483,5.493,4.792,4.455,0.691,1.038
1998-07-07,5.496,5.506,4.82,4.464,0.676,1.042
1998-07-08,5.515,5.518,4.817,4.472,0.698,1.046
1998-07-09,5.489,5.5,4.798,4.463,0.691,1.036
1998-07-10,5.499,5.502,4.792,4.464,0.707,1.038
1998-07-13,5.548,5.542,4.811,4.486,0.737,1.056
1998-07-14,5.574,5.569,4.808,4.504,0.767,1.065
1998-07-15,5.57,5.573,4.802,4.507,0.768,1.066
1998-07-16,5.592,5.593,4.809,4.52,0.783,1.073
1998-07-17,5.615,5.61,4.8,4.529,0.815,1.081
1998-07-20,5.57,5.59,4.8,4.519,0.77,1.071
1998-07-21,5.528,5.564,4.82,4.504,0.709,1.06
1998-07-22,5.545,5.564,4.809,4.501,0.735,1.063
1998-07-23,5.525,5.551,4.817,4.494,0.707,1.057
1998-07-24,5.533,5.554,4.827,4.494,0.706,1.06
1998-07-27,5.556,5.566,4.817,4.5,0.738,1.066
1998-07-28,5.59,5.586,4.805,4.507,0.784,1.079
1998-07-29,5.603,5.61,4.824,4.517,0.779,1.093
1998-07-30,5.578,5.601,4.825,4.511,0.753,1.09
1998-07-31,5.574,5.597,4.828,4.51,0.746,1.087
1998-08-03,5.516,5.554,4.82,4.49,0.696,1.064
1998-08-04,5.498,5.528,4.812,4.479,0.686,1.048
1998-08-05,5.501,5.517,4.794,4.474,0.707,1.043
1998-08-06,5.511,5.522,4.781,4.474,0.73,1.048
1998-08-07,5.462,5.487,4.758,4.452,0.704,1.035
1998-08-10,5.471,5.488,4.769,4.45,0.703,1.038
1998-08-11,5.442,5.462,4.74,4.438,0.702,1.024
1998-08-12,5.455,5.469,4.748,4.443,0.707,1.026
1998-08-13,5.484,5.499,4.775,4.459,0.708,1.04
1998-08-14,5.443,5.473,4.768,4.445,0.674,1.028
1998-08-17,5.446,5.466,4.747,4.445,0.699,1.021
1998-08-18,5.453,5.472,4.757,4.451,0.695,1.021
1998-08-19,5.459,5.475,4.754,4.454,0.705,1.021
1998-08-20,5.415,5.448,4.755,4.439,0.66,1.008
1998-08-21,5.362,5.391,4.702,4.409,0.66,0.983
1998-08-24,5.351,5.364,4.662,4.401,0.689,0.963
1998-08-25,5.311,5.325,4.629,4.387,0.682,0.938
1998-08-26,5.361,5.326,4.558,4.39,0.803,0.936
1998-08-27,5.237,5.243,4.531,4.346,0.707,0.896
1998-08-28,5.222,5.216,4.511,4.326,0.711,0.89
1998-08-31,5.169,5.183,4.514,4.306,0.655,0.877
1998-09-01,5.199,5.187,4.481,4.308,0.718,0.88
1998-09-02,5.218,5.219,4.533,4.323,0.684,0.896
1998-09-03,5.162,5.183,4.515,4.3,0.647,0.884
1998-09-04,5.142,5.162,4.517,4.289,0.625,0.873
1998-09-08,5.188,5.171,4.473,4.294,0.715,0.877
1998-09-09,5.105,5.094,4.378,4.257,0.727,0.837
1998-09-10,4.964,4.943,4.213,4.177,0.751,0.766
1998-09-11,5.024,4.99,4.295,4.209,0.729,0.781
1998-09-14,5.033,5.009,4.302,4.223,0.732,0.786
1998-09-15,5.065,5.033,4.302,4.233,0.763,0.8
1998-09-16,5.027,5.021,4.323,4.222,0.703,0.799
1998-09-17,4.965,4.963,4.273,4.187,0.692,0.775
1998-09-18,4.907,4.894,4.212,4.146,0.695,0.748
1998-09-21,4.89,4.879,4.243,4.14,0.647,0.739
1998-09-22,4.92,4.903,4.285,4.159,0.635,0.744
1998-09-23,4.882,4.859,4.211,4.127,0.671,0.732
1998-09-24,4.848,4.818,4.15,4.091,0.698,0.727
1998-09-25,4.818,4.797,4.128,4.071,0.69,0.726
1998-09-28,4.829,4.806,4.123,4.07,0.706,0.736
1998-09-29,4.794,4.795,4.149,4.068,0.645,0.726
1998-09-30,4.667,4.674,4.04,3.998,0.627,0.676
1998-10-01,4.574,4.561,3.938,3.927,0.635,0.634
1998-10-02,4.546,4.536,3.975,3.907,0.572,0.629
1998-10-05,4.434,4.433,3.899,3.85,0.535,0.584
1998-10-06,4.51,4.476,3.958,3.868,0.553,0.608
1998-10-07,4.634,4.563,3.962,3.904,0.672,0.659
1998-10-08,4.875,4.736,3.954,3.96,0.921,0.776
1998-10-09,5.099,4.943,3.968,4.041,1.131,0.902
1998-10-13,5.076,4.983,3.934,4.056,1.142,0.928
1998-10-14,4.914,4.892,3.92,4.018,0.994,0.875
1998-10-15,4.925,4.883,3.933,4.028,0.992,0.855
1998-10-16,4.802,4.739,3.746,3.923,1.057,0.817
1998-10-19,4.824,4.742,3.729,3.925,1.096,0.817
1998-10-20,4.917,4.817,3.756,3.972,1.16,0.846
1998-10-21,4.922,4.857,3.812,4,1.11,0.857
1998-10-22,4.948,4.888,3.83,4.02,1.117,0.869
1998-10-23,5.013,4.951,3.884,4.051,1.129,0.9
1998-10-26,4.95,4.948,3.962,4.059,0.988,0.889
1998-10-27,4.868,4.866,3.89,4.02,0.978,0.846
1998-10-28,4.847,4.822,3.835,4.019,1.011,0.803
1998-10-29,4.803,4.774,3.813,4.013,0.989,0.762
1998-10-30,4.886,4.838,3.894,4.055,0.992,0.783
1998-11-02,5.011,4.958,3.991,4.129,1.021,0.829
1998-11-03,4.996,4.967,3.989,4.144,1.007,0.823
1998-11-04,5.097,5.069,4.115,4.204,0.982,0.866
1998-11-05,5.087,5.084,4.134,4.217,0.952,0.867
1998-11-06,5.2,5.174,4.209,4.267,0.991,0.907
1998-11-09,5.103,5.132,4.232,4.247,0.87,0.885
1998-11-10,5.057,5.078,4.204,4.214,0.853,0.865
1998-11-12,5.025,5.036,4.175,4.185,0.849,0.852
1998-11-13,5.05,5.055,4.212,4.193,0.838,0.862
1998-11-16,5.075,5.074,4.216,4.2,0.859,0.874
1998-11-17,5.104,5.091,4.199,4.198,0.905,0.893
1998-11-18,5.047,5.074,4.247,4.184,0.801,0.889
1998-11-19,5.075,5.094,4.285,4.193,0.79,0.901
1998-11-20,5.034,5.066,4.28,4.178,0.753,0.888
1998-11-23,5.076,5.073,4.239,4.19,0.837,0.884
1998-11-24,5.072,5.085,4.285,4.203,0.786,0.882
1998-11-25,5.056,5.076,4.294,4.199,0.762,0.877
1998-11-27,5.026,5.051,4.278,4.186,0.747,0.865
1998-11-30,4.92,4.963,4.234,4.143,0.686,0.82
1998-12-01,4.885,4.892,4.138,4.104,0.747,0.788
1998-12-02,4.81,4.812,4.062,4.065,0.748,0.747
1998-12-03,4.815,4.798,4.057,4.057,0.758,0.741
1998-12-04,4.873,4.854,4.128,4.086,0.745,0.768
1998-12-07,4.938,4.927,4.206,4.123,0.732,0.803
1998-12-08,4.854,4.873,4.167,4.092,0.688,0.781
1998-12-09,4.808,4.827,4.158,4.067,0.65,0.761
1998-12-10,4.771,4.782,4.122,4.047,0.649,0.735
1998-12-11,4.862,4.836,4.146,4.077,0.717,0.759
1998-12-14,4.833,4.821,4.116,4.072,0.717,0.749
1998-12-15,4.887,4.862,4.144,4.092,0.743,0.77
1998-12-16,4.842,4.832,4.101,4.074,0.741,0.758
1998-12-17,4.854,4.841,4.116,4.078,0.738,0.762
1998-12-18,4.862,4.854,4.139,4.087,0.724,0.768
1998-12-21,4.939,4.915,4.175,4.12,0.764,0.795
1998-12-22,5.007,4.969,4.17,4.147,0.837,0.822
1998-12-23,5.105,5.073,4.267,4.203,0.838,0.871
1998-12-24,5.165,5.148,4.323,4.239,0.843,0.909
1998-12-28,5.074,5.096,4.294,4.212,0.781,0.884
1998-12-29,5.001,5.029,4.265,4.18,0.736,0.849
1998-12-30,4.981,4.986,4.215,4.156,0.766,0.83
1998-12-31,4.986,4.982,4.207,4.148,0.779,0.834
1999-01-04,5.017,4.999,4.154,4.155,0.863,0.844
1999-01-05,5.061,5.038,4.178,4.172,0.883,0.866
1999-01-06,5.003,5.015,4.204,4.157,0.799,0.858
1999-01-07,5.081,5.047,4.171,4.167,0.91,0.88
1999-01-08,5.177,5.13,4.204,4.206,0.972,0.923
1999-01-11,5.221,5.18,4.212,4.232,1.009,0.948
1999-01-12,5.159,5.14,4.175,4.21,0.984,0.929
1999-01-13,5.098,5.087,4.15,4.182,0.948,0.905
1999-01-14,5.018,5.001,4.081,4.138,0.937,0.863
1999-01-15,5.049,5.022,4.115,4.149,0.935,0.872
1999-01-19,5.078,5.059,4.16,4.164,0.918,0.896
1999-01-20,5.119,5.094,4.167,4.178,0.952,0.916
1999-01-21,5.055,5.051,4.14,4.151,0.915,0.9
1999-01-22,4.981,4.992,4.135,4.121,0.846,0.871
1999-01-25,4.999,4.986,4.137,4.123,0.863,0.864
1999-01-26,5.008,4.996,4.166,4.131,0.842,0.865
1999-01-27,4.999,4.985,4.143,4.129,0.856,0.856
1999-01-28,4.968,4.963,4.151,4.121,0.817,0.843
1999-01-29,4.963,4.948,4.138,4.115,0.825,0.833
1999-02-01,5.07,5.024,4.173,4.157,0.898,0.867
1999-02-02,5.126,5.084,4.186,4.19,0.94,0.894
1999-02-03,5.157,5.125,4.227,4.207,0.93,0.918
1999-02-04,5.234,5.196,4.259,4.239,0.975,0.957
1999-02-05,5.273,5.247,4.284,4.264,0.989,0.983
1999-02-08,5.262,5.246,4.262,4.264,1,0.982
1999-02-09,5.224,5.221,4.258,4.252,0.966,0.969
1999-02-10,5.23,5.218,4.257,4.247,0.973,0.971
1999-02-11,5.243,5.235,4.287,4.254,0.956,0.981
1999-02-12,5.415,5.361,4.323,4.317,1.091,1.044
1999-02-16,5.356,5.359,4.349,4.313,1.006,1.046
1999-02-17,5.306,5.317,4.323,4.293,0.983,1.024
1999-02-18,5.371,5.354,4.349,4.312,1.022,1.043
1999-02-19,5.389,5.379,4.362,4.327,1.027,1.053
1999-02-22,5.355,5.357,4.346,4.321,1.009,1.036
1999-02-23,5.42,5.407,4.388,4.351,1.032,1.057
1999-02-24,5.497,5.48,4.423,4.39,1.075,1.09
1999-02-25,5.602,5.579,4.489,4.434,1.113,1.145
1999-02-26,5.557,5.568,4.478,4.428,1.079,1.14
1999-03-01,5.648,5.635,4.515,4.462,1.134,1.173
1999-03-02,5.593,5.61,4.506,4.449,1.087,1.161
1999-03-03,5.659,5.636,4.48,4.459,1.179,1.177
1999-03-04,5.687,5.666,4.499,4.471,1.188,1.195
1999-03-05,5.629,5.627,4.468,4.452,1.16,1.175
1999-03-08,5.603,5.599,4.447,4.44,1.155,1.159
1999-03-09,5.533,5.53,4.381,4.405,1.152,1.125
1999-03-10,5.549,5.536,4.402,4.408,1.147,1.128
1999-03-11,5.551,5.545,4.411,4.414,1.14,1.13
1999-03-12,5.514,5.514,4.383,4.399,1.131,1.115
1999-03-15,5.486,5.493,4.386,4.389,1.1,1.104
1999-03-16,5.437,5.454,4.375,4.369,1.063,1.085
1999-03-17,5.474,5.468,4.377,4.374,1.097,1.095
1999-03-18,5.456,5.452,4.352,4.362,1.104,1.091
1999-03-19,5.518,5.497,4.373,4.381,1.146,1.116
1999-03-22,5.551,5.535,4.401,4.398,1.149,1.138
1999-03-23,5.551,5.534,4.378,4.39,1.173,1.144
1999-03-24,5.511,5.509,4.367,4.376,1.144,1.133
1999-03-25,5.568,5.545,4.365,4.393,1.203,1.152
1999-03-26,5.575,5.551,4.348,4.395,1.227,1.156
1999-03-29,5.626,5.592,4.367,4.415,1.259,1.178
1999-03-30,5.558,5.555,4.345,4.394,1.213,1.161
1999-03-31,5.593,5.571,4.343,4.403,1.25,1.168
1999-04-01,5.63,5.601,4.338,4.413,1.292,1.187
1999-04-05,5.532,5.537,4.301,4.379,1.231,1.158
1999-04-06,5.456,5.47,4.289,4.348,1.167,1.123
1999-04-07,5.461,5.46,4.31,4.344,1.15,1.117
1999-04-08,5.352,5.373,4.268,4.3,1.084,1.072
1999-04-09,5.369,5.362,4.27,4.296,1.099,1.066
1999-04-12,5.357,5.354,4.277,4.286,1.08,1.068
1999-04-13,5.423,5.389,4.272,4.298,1.152,1.091
1999-04-14,5.435,5.406,4.285,4.302,1.15,1.104
1999-04-15,5.473,5.436,4.298,4.315,1.175,1.121
1999-04-16,5.516,5.48,4.327,4.337,1.189,1.144
1999-04-19,5.477,5.451,4.283,4.323,1.194,1.128
1999-04-20,5.452,5.426,4.28,4.314,1.172,1.112
1999-04-21,5.458,5.429,4.293,4.316,1.166,1.113
1999-04-22,5.551,5.5,4.33,4.354,1.22,1.147
1999-04-23,5.537,5.507,4.325,4.361,1.212,1.146
1999-04-26,5.508,5.488,4.321,4.357,1.187,1.131
1999-04-27,5.483,5.468,4.328,4.338,1.156,1.13
1999-04-28,5.507,5.491,4.359,4.359,1.147,1.132
1999-04-29,5.441,5.443,4.332,4.341,1.109,1.102
1999-04-30,5.614,5.558,4.379,4.403,1.235,1.154
1999-05-03,5.622,5.594,4.403,4.427,1.219,1.168
1999-05-04,5.676,5.641,4.407,4.456,1.269,1.186
1999-05-05,5.649,5.633,4.39,4.453,1.259,1.18
1999-05-06,5.759,5.723,4.445,4.498,1.315,1.225
1999-05-07,5.798,5.769,4.452,4.52,1.346,1.249
1999-05-10,5.769,5.762,4.441,4.515,1.328,1.247
1999-05-11,5.817,5.805,4.472,4.538,1.345,1.267
1999-05-12,5.796,5.8,4.463,4.534,1.333,1.266
1999-05-13,5.684,5.717,4.427,4.494,1.257,1.223
1999-05-14,5.883,5.844,4.487,4.559,1.396,1.285
1999-05-17,5.909,5.904,4.546,4.593,1.363,1.311
1999-05-18,5.916,5.935,4.604,4.608,1.312,1.327
1999-05-19,5.847,5.894,4.605,4.583,1.242,1.31
1999-05-20,5.869,5.895,4.6,4.579,1.269,1.316
1999-05-21,5.81,5.845,4.564,4.552,1.245,1.292
1999-05-24,5.801,5.821,4.544,4.543,1.257,1.278
1999-05-25,5.797,5.819,4.57,4.544,1.227,1.275
1999-05-26,5.853,5.859,4.602,4.565,1.251,1.294
1999-05-27,5.909,5.924,4.661,4.596,1.248,1.329
1999-06-01,6.054,6.05,4.743,4.66,1.311,1.391
1999-06-02,6.054,6.072,4.736,4.673,1.318,1.398
1999-06-03,6.049,6.066,4.721,4.667,1.328,1.399
1999-06-04,6.063,6.072,4.72,4.662,1.344,1.41
1999-06-07,6.041,6.064,4.747,4.651,1.295,1.413
1999-06-08,6.067,6.076,4.739,4.659,1.329,1.417
1999-06-09,6.095,6.101,4.767,4.67,1.328,1.431
1999-06-10,6.15,6.145,4.775,4.696,1.376,1.45
1999-06-11,6.261,6.227,4.799,4.742,1.463,1.485
1999-06-14,6.211,6.211,4.786,4.736,1.425,1.475
1999-06-15,6.205,6.203,4.776,4.736,1.429,1.467
1999-06-16,6.18,6.176,4.745,4.72,1.435,1.456
1999-06-17,6.043,6.059,4.654,4.66,1.39,1.399
1999-06-18,6.071,6.076,4.722,4.671,1.349,1.405
1999-06-21,6.14,6.124,4.726,4.697,1.414,1.426
1999-06-22,6.197,6.168,4.713,4.722,1.484,1.445
1999-06-23,6.261,6.225,4.737,4.751,1.524,1.474
1999-06-24,6.295,6.271,4.763,4.773,1.532,1.498
1999-06-25,6.269,6.265,4.765,4.775,1.504,1.49
1999-06-28,6.202,6.213,4.746,4.755,1.456,1.458
1999-06-29,6.179,6.181,4.722,4.745,1.457,1.435
1999-06-30,6.093,6.074,4.58,4.693,1.513,1.381
1999-07-01,6.129,6.085,4.601,4.693,1.528,1.392
1999-07-02,6.105,6.075,4.608,4.684,1.497,1.391
1999-07-06,6.148,6.112,4.65,4.696,1.498,1.417
1999-07-07,6.173,6.142,4.671,4.699,1.502,1.443
1999-07-08,6.095,6.096,4.653,4.67,1.441,1.426
1999-07-09,6.094,6.086,4.661,4.663,1.433,1.422
1999-07-13,5.967,5.986,4.616,4.615,1.351,1.371
1999-07-14,5.996,5.989,4.64,4.617,1.356,1.372
1999-07-15,5.988,5.979,4.627,4.611,1.361,1.369
1999-07-16,5.957,5.946,4.593,4.592,1.364,1.353
1999-07-19,5.948,5.927,4.574,4.582,1.374,1.345
1999-07-20,5.938,5.911,4.554,4.572,1.384,1.339
1999-07-22,6.074,6.011,4.591,4.618,1.483,1.393
1999-07-23,6.127,6.079,4.62,4.652,1.507,1.428
1999-07-26,6.135,6.109,4.651,4.672,1.484,1.438
1999-07-27,6.091,6.084,4.639,4.662,1.452,1.422
1999-07-28,6.084,6.079,4.658,4.663,1.425,1.416
1999-07-29,6.157,6.14,4.72,4.695,1.438,1.445
1999-07-30,6.202,6.18,4.715,4.717,1.487,1.463
1999-08-02,6.211,6.197,4.717,4.73,1.494,1.466
1999-08-03,6.226,6.217,4.758,4.751,1.468,1.467
1999-08-04,6.233,6.216,4.729,4.751,1.504,1.465
1999-08-05,6.182,6.169,4.669,4.727,1.514,1.442
1999-08-06,6.321,6.284,4.778,4.787,1.543,1.497
1999-08-09,6.411,6.383,4.842,4.845,1.569,1.538
1999-08-10,6.445,6.42,4.837,4.87,1.608,1.55
1999-08-11,6.406,6.396,4.808,4.859,1.598,1.537
1999-08-12,6.45,6.408,4.766,4.859,1.683,1.55
1999-08-13,6.321,6.321,4.722,4.809,1.599,1.512
1999-08-16,6.326,6.3,4.703,4.798,1.623,1.502
1999-08-17,6.238,6.225,4.662,4.769,1.575,1.457
1999-08-18,6.223,6.195,4.665,4.752,1.558,1.443
1999-08-19,6.252,6.207,4.665,4.757,1.588,1.45
1999-08-20,6.231,6.202,4.683,4.759,1.548,1.443
1999-08-23,6.217,6.2,4.705,4.769,1.512,1.432
1999-08-24,6.183,6.163,4.659,4.76,1.524,1.403
1999-08-25,6.068,6.066,4.609,4.714,1.459,1.352
1999-08-26,6.078,6.066,4.649,4.715,1.429,1.35
1999-08-27,6.177,6.138,4.685,4.755,1.493,1.383
1999-08-30,6.295,6.236,4.715,4.806,1.58,1.43
1999-08-31,6.324,6.274,4.714,4.827,1.61,1.447
1999-09-01,6.337,6.287,4.705,4.834,1.632,1.453
1999-09-02,6.391,6.323,4.69,4.848,1.701,1.475
1999-09-03,6.263,6.239,4.639,4.805,1.624,1.434
1999-09-07,6.335,6.272,4.645,4.816,1.689,1.456
1999-09-08,6.317,6.265,4.632,4.81,1.685,1.455
1999-09-09,6.363,6.297,4.648,4.823,1.715,1.474
1999-09-10,6.286,6.245,4.616,4.791,1.67,1.454
1999-09-13,6.313,6.253,4.612,4.794,1.701,1.459
1999-09-14,6.38,6.3,4.614,4.819,1.766,1.481
1999-09-15,6.351,6.284,4.587,4.806,1.764,1.478
1999-09-16,6.292,6.243,4.582,4.779,1.71,1.464
1999-09-17,6.25,6.21,4.592,4.759,1.658,1.452
1999-09-20,6.293,6.235,4.614,4.769,1.679,1.466
1999-09-21,6.318,6.255,4.616,4.783,1.702,1.472
1999-09-22,6.309,6.249,4.604,4.784,1.704,1.465
1999-09-23,6.223,6.193,4.607,4.759,1.616,1.435
1999-09-24,6.125,6.099,4.554,4.711,1.571,1.388
1999-09-27,6.198,6.136,4.584,4.73,1.615,1.405
1999-09-28,6.277,6.194,4.588,4.76,1.689,1.435
1999-09-29,6.36,6.278,4.632,4.799,1.727,1.479
1999-09-30,6.271,6.235,4.611,4.78,1.659,1.455
1999-10-01,6.395,6.316,4.633,4.822,1.762,1.495
1999-10-04,6.34,6.29,4.608,4.806,1.732,1.484
1999-10-05,6.426,6.352,4.65,4.841,1.775,1.512
1999-10-06,6.419,6.375,4.713,4.848,1.706,1.527
1999-10-07,6.421,6.382,4.731,4.851,1.69,1.531
1999-10-08,6.43,6.375,4.696,4.845,1.733,1.53
1999-10-12,6.455,6.395,4.715,4.857,1.74,1.538
1999-10-13,6.522,6.446,4.724,4.89,1.799,1.555
1999-10-14,6.581,6.501,4.744,4.924,1.837,1.577
1999-10-15,6.507,6.449,4.685,4.904,1.822,1.546
1999-10-18,6.533,6.465,4.7,4.919,1.832,1.546
1999-10-19,6.588,6.514,4.72,4.954,1.868,1.561
1999-10-20,6.586,6.531,4.739,4.967,1.847,1.564
1999-10-21,6.62,6.55,4.715,4.98,1.904,1.57
1999-10-22,6.611,6.557,4.74,4.981,1.871,1.576
1999-10-25,6.613,6.566,4.766,4.983,1.846,1.583
1999-10-26,6.63,6.578,4.769,4.995,1.86,1.583
1999-10-27,6.558,6.53,4.766,4.974,1.792,1.556
1999-10-28,6.465,6.453,4.749,4.936,1.716,1.517
1999-10-29,6.336,6.345,4.726,4.883,1.61,1.461
1999-11-01,6.374,6.346,4.74,4.886,1.634,1.46
1999-11-02,6.335,6.318,4.741,4.875,1.595,1.443
1999-11-03,6.323,6.296,4.722,4.866,1.601,1.43
1999-11-04,6.266,6.247,4.702,4.842,1.564,1.405
1999-11-05,6.212,6.202,4.706,4.824,1.506,1.379
1999-11-08,6.218,6.202,4.737,4.829,1.481,1.372
1999-11-09,6.229,6.212,4.76,4.838,1.468,1.374
1999-11-10,6.258,6.235,4.78,4.852,1.478,1.383
1999-11-12,6.199,6.188,4.741,4.832,1.458,1.356
1999-11-15,6.184,6.176,4.78,4.832,1.403,1.343
1999-11-16,6.197,6.189,4.822,4.842,1.375,1.347
1999-11-17,6.292,6.249,4.823,4.869,1.468,1.38
1999-11-18,6.341,6.286,4.792,4.885,1.549,1.401
1999-11-19,6.334,6.299,4.819,4.889,1.515,1.41
1999-11-22,6.367,6.325,4.822,4.9,1.545,1.424
1999-11-23,6.369,6.329,4.81,4.905,1.559,1.424
1999-11-24,6.372,6.331,4.804,4.91,1.567,1.421
1999-11-26,6.405,6.356,4.817,4.924,1.588,1.431
1999-11-29,6.485,6.42,4.844,4.96,1.641,1.461
1999-11-30,6.452,6.404,4.818,4.952,1.634,1.452
1999-12-01,6.5,6.43,4.806,4.964,1.694,1.467
1999-12-02,6.52,6.453,4.824,4.972,1.695,1.481
1999-12-03,6.45,6.404,4.797,4.946,1.653,1.458
1999-12-06,6.424,6.377,4.788,4.932,1.637,1.445
1999-12-07,6.38,6.335,4.767,4.911,1.613,1.424
1999-12-08,6.419,6.352,4.779,4.919,1.641,1.433
1999-12-09,6.397,6.342,4.791,4.917,1.606,1.425
1999-12-10,6.313,6.283,4.782,4.892,1.531,1.391
1999-12-13,6.334,6.289,4.806,4.906,1.528,1.384
1999-12-14,6.458,6.38,4.848,4.956,1.61,1.423
1999-12-15,6.507,6.427,4.845,4.979,1.662,1.448
1999-12-16,6.585,6.492,4.849,5.014,1.736,1.478
1999-12-17,6.585,6.511,4.879,5.028,1.706,1.483
1999-12-20,6.665,6.57,4.889,5.068,1.776,1.502
1999-12-21,6.687,6.597,4.886,5.089,1.8,1.508
1999-12-22,6.686,6.609,4.905,5.096,1.781,1.514
1999-12-23,6.709,6.629,4.91,5.099,1.799,1.531
1999-12-27,6.686,6.624,4.92,5.093,1.766,1.531
1999-12-28,6.716,6.646,4.925,5.097,1.792,1.549
1999-12-29,6.684,6.626,4.907,5.071,1.777,1.555
1999-12-30,6.673,6.612,4.899,5.055,1.774,1.557
1999-12-31,6.724,6.655,4.944,5.078,1.781,1.576
2000-01-03,6.814,6.742,5.019,5.128,1.794,1.614
2000-01-04,6.735,6.685,4.957,5.101,1.777,1.583
2000-01-05,6.847,6.757,5.002,5.137,1.845,1.62
2000-01-06,6.774,6.723,5.002,5.116,1.772,1.607
2000-01-07,6.732,6.683,4.983,5.091,1.749,1.591
2000-01-10,6.764,6.706,5.029,5.1,1.735,1.606
2000-01-11,6.852,6.776,5.063,5.133,1.789,1.642
2000-01-12,6.894,6.823,5.09,5.157,1.804,1.666
2000-01-13,6.784,6.752,5.07,5.118,1.713,1.634
2000-01-14,6.814,6.766,5.111,5.123,1.703,1.642
2000-01-18,6.862,6.806,5.149,5.139,1.712,1.666
2000-01-19,6.829,6.793,5.148,5.13,1.68,1.663
2000-01-20,6.868,6.82,5.173,5.153,1.695,1.667
2000-01-21,6.856,6.816,5.181,5.154,1.674,1.662
2000-01-24,6.771,6.756,5.152,5.128,1.619,1.628
2000-01-25,6.785,6.744,5.144,5.128,1.641,1.616
2000-01-26,6.743,6.731,5.204,5.125,1.539,1.605
2000-01-27,6.706,6.724,5.285,5.123,1.421,1.601
2000-01-28,6.653,6.702,5.356,5.116,1.297,1.585
2000-01-31,6.702,6.719,5.362,5.13,1.34,1.589
2000-02-01,6.675,6.692,5.357,5.121,1.318,1.571
2000-02-02,6.656,6.674,5.391,5.11,1.265,1.564
2000-02-03,6.572,6.589,5.329,5.062,1.244,1.527
2000-02-04,6.593,6.603,5.404,5.07,1.19,1.534
2000-02-07,6.693,6.677,5.468,5.102,1.225,1.575
2000-02-08,6.601,6.643,5.507,5.087,1.094,1.556
2000-02-09,6.693,6.671,5.455,5.099,1.238,1.572
2000-02-10,6.779,6.727,5.437,5.126,1.342,1.601
2000-02-11,6.736,6.715,5.419,5.119,1.317,1.595
2000-02-14,6.646,6.655,5.407,5.09,1.239,1.565
2000-02-15,6.677,6.668,5.42,5.104,1.257,1.564
2000-02-16,6.695,6.676,5.411,5.112,1.284,1.565
2000-02-17,6.688,6.696,5.482,5.124,1.205,1.571
2000-02-18,6.594,6.63,5.466,5.094,1.128,1.536
2000-02-22,6.485,6.526,5.417,5.047,1.068,1.479
2000-02-23,6.555,6.565,5.477,5.071,1.079,1.494
2000-02-24,6.508,6.516,5.408,5.05,1.1,1.466
2000-02-25,6.541,6.505,5.325,5.046,1.216,1.458
2000-02-28,6.542,6.52,5.355,5.058,1.186,1.462
2000-02-29,6.556,6.558,5.424,5.077,1.132,1.481
2000-03-01,6.546,6.549,5.376,5.071,1.17,1.478
2000-03-02,6.523,6.543,5.419,5.067,1.104,1.476
2000-03-03,6.498,6.528,5.443,5.061,1.055,1.468
2000-03-06,6.538,6.552,5.447,5.074,1.091,1.477
2000-03-07,6.541,6.539,5.394,5.072,1.147,1.467
2000-03-08,6.55,6.542,5.381,5.077,1.169,1.465
2000-03-09,6.526,6.524,5.36,5.069,1.166,1.455
2000-03-10,6.568,6.559,5.391,5.091,1.176,1.468
2000-03-13,6.547,6.544,5.366,5.087,1.181,1.456
2000-03-14,6.489,6.498,5.352,5.069,1.137,1.43
2000-03-15,6.446,6.466,5.374,5.053,1.072,1.413
2000-03-16,6.412,6.43,5.365,5.036,1.047,1.394
2000-03-17,6.353,6.384,5.372,5.016,0.981,1.368
2000-03-20,6.344,6.366,5.389,5.01,0.955,1.356
2000-03-21,6.293,6.326,5.398,4.991,0.894,1.336
2000-03-22,6.304,6.312,5.381,4.984,0.923,1.329
2000-03-23,6.259,6.281,5.386,4.967,0.874,1.314
2000-03-24,6.357,6.355,5.461,5.003,0.895,1.353
2000-03-27,6.353,6.365,5.47,5.002,0.883,1.363
2000-03-28,6.332,6.335,5.422,4.986,0.91,1.349
2000-03-29,6.338,6.329,5.41,4.983,0.928,1.346
2000-03-30,6.225,6.24,5.364,4.939,0.86,1.301
2000-03-31,6.181,6.194,5.379,4.918,0.803,1.276
2000-04-03,6.165,6.16,5.351,4.9,0.814,1.259
2000-04-04,6.086,6.069,5.241,4.856,0.845,1.213
2000-04-05,6.089,6.062,5.261,4.857,0.829,1.205
2000-04-06,6.092,6.078,5.312,4.867,0.78,1.212
2000-04-07,6.029,6.042,5.32,4.85,0.709,1.192
2000-04-10,6.02,5.999,5.241,4.83,0.779,1.169
2000-04-11,6.122,6.062,5.263,4.86,0.859,1.202
2000-04-12,6.205,6.14,5.295,4.895,0.909,1.245
2000-04-13,6.158,6.131,5.283,4.888,0.875,1.243
2000-04-14,6.094,6.066,5.208,4.855,0.886,1.21
2000-04-17,6.259,6.173,5.243,4.907,1.016,1.265
2000-04-18,6.266,6.216,5.259,4.928,1.008,1.288
2000-04-19,6.174,6.179,5.277,4.91,0.896,1.269
2000-04-20,6.163,6.163,5.284,4.899,0.879,1.263
2000-04-24,6.189,6.162,5.244,4.897,0.946,1.265
2000-04-25,6.29,6.259,5.359,4.942,0.931,1.316
2000-04-26,6.295,6.282,5.362,4.948,0.933,1.333
2000-04-27,6.36,6.351,5.451,4.977,0.908,1.374
2000-04-28,6.335,6.36,5.511,4.981,0.823,1.378
2000-05-01,6.369,6.375,5.537,4.989,0.832,1.387
2000-05-02,6.43,6.402,5.511,5.008,0.919,1.394
2000-05-03,6.529,6.465,5.508,5.042,1.021,1.423
2000-05-04,6.604,6.524,5.481,5.071,1.123,1.453
2000-05-05,6.637,6.58,5.538,5.104,1.099,1.476
2000-05-08,6.707,6.641,5.553,5.145,1.154,1.496
2000-05-09,6.662,6.625,5.548,5.149,1.114,1.475
2000-05-10,6.587,6.568,5.53,5.129,1.057,1.438
2000-05-11,6.561,6.535,5.523,5.119,1.037,1.416
2000-05-12,6.657,6.599,5.577,5.156,1.081,1.443
2000-05-15,6.604,6.575,5.574,5.146,1.029,1.429
2000-05-16,6.561,6.547,5.593,5.138,0.968,1.409
2000-05-17,6.623,6.569,5.577,5.14,1.046,1.429
2000-05-18,6.719,6.638,5.586,5.158,1.133,1.48
2000-05-19,6.674,6.613,5.544,5.135,1.13,1.478
2000-05-22,6.604,6.558,5.513,5.103,1.091,1.454
2000-05-23,6.602,6.55,5.527,5.106,1.075,1.443
2000-05-24,6.635,6.571,5.54,5.115,1.095,1.457
2000-05-25,6.532,6.503,5.534,5.074,0.997,1.429
2000-05-26,6.466,6.434,5.488,5.035,0.978,1.399
2000-05-30,6.519,6.458,5.512,5.041,1.007,1.417
2000-05-31,6.427,6.389,5.477,4.995,0.949,1.393
2000-06-01,6.342,6.302,5.441,4.951,0.901,1.352
2000-06-02,6.301,6.242,5.391,4.928,0.909,1.314
2000-06-05,6.27,6.209,5.385,4.919,0.885,1.29
2000-06-06,6.278,6.218,5.413,4.937,0.865,1.28
2000-06-07,6.252,6.206,5.422,4.934,0.83,1.272
2000-06-08,6.244,6.202,5.437,4.931,0.807,1.271
2000-06-09,6.249,6.204,5.44,4.932,0.809,1.272
2000-06-12,6.221,6.176,5.411,4.914,0.811,1.262
2000-06-13,6.188,6.161,5.457,4.906,0.731,1.255
2000-06-14,6.21,6.141,5.342,4.893,0.868,1.248
2000-06-15,6.218,6.146,5.323,4.896,0.894,1.25
2000-06-16,6.163,6.104,5.285,4.875,0.878,1.229
2000-06-19,6.183,6.112,5.285,4.879,0.899,1.233
2000-06-20,6.196,6.133,5.31,4.887,0.885,1.246
2000-06-21,6.274,6.202,5.351,4.92,0.923,1.282
2000-06-22,6.27,6.218,5.367,4.926,0.903,1.292
2000-06-23,6.333,6.269,5.386,4.951,0.947,1.317
2000-06-26,6.265,6.223,5.339,4.929,0.926,1.294
2000-06-27,6.247,6.205,5.352,4.922,0.895,1.283
2000-06-28,6.275,6.211,5.335,4.925,0.939,1.286
2000-06-29,6.193,6.152,5.308,4.899,0.885,1.252
2000-06-30,6.196,6.134,5.275,4.897,0.921,1.238
2000-07-03,6.16,6.099,5.255,4.886,0.905,1.213
2000-07-05,6.141,6.082,5.245,4.886,0.896,1.196
2000-07-06,6.206,6.136,5.287,4.92,0.919,1.216
2000-07-07,6.149,6.1,5.228,4.908,0.921,1.192
2000-07-10,6.166,6.116,5.251,4.923,0.915,1.193
2000-07-11,6.173,6.136,5.286,4.938,0.887,1.197
2000-07-12,6.187,6.16,5.326,4.958,0.861,1.202
2000-07-13,6.105,6.108,5.308,4.939,0.796,1.169
2000-07-14,6.194,6.173,5.37,4.973,0.824,1.201
2000-07-17,6.265,6.238,5.383,5.004,0.882,1.234
2000-07-18,6.253,6.245,5.378,5.007,0.876,1.238
2000-07-19,6.266,6.255,5.376,5.014,0.89,1.241
2000-07-20,6.111,6.137,5.31,4.958,0.801,1.179
2000-07-21,6.086,6.101,5.326,4.938,0.76,1.162
2000-07-24,6.105,6.113,5.357,4.945,0.747,1.168
2000-07-25,6.102,6.111,5.347,4.948,0.755,1.164
2000-07-26,6.104,6.108,5.336,4.947,0.768,1.161
2000-07-27,6.059,6.08,5.348,4.937,0.712,1.144
2000-07-28,6.102,6.098,5.338,4.946,0.764,1.152
2000-07-31,6.107,6.103,5.336,4.953,0.771,1.15
2000-08-01,6.064,6.067,5.311,4.942,0.753,1.125
2000-08-02,6.047,6.042,5.288,4.934,0.759,1.108
2000-08-03,6.018,6.02,5.289,4.924,0.729,1.096
2000-08-04,5.982,5.982,5.262,4.906,0.72,1.076
2000-08-07,6.022,6.013,5.296,4.923,0.726,1.091
2000-08-08,5.988,5.992,5.262,4.915,0.726,1.077
2000-08-09,5.975,5.982,5.272,4.912,0.703,1.07
2000-08-10,5.938,5.95,5.246,4.897,0.693,1.054
2000-08-11,5.991,5.988,5.282,4.919,0.71,1.069
2000-08-14,5.955,5.979,5.314,4.914,0.641,1.065
2000-08-15,5.978,5.994,5.332,4.921,0.646,1.072
2000-08-16,6.009,6.014,5.329,4.929,0.68,1.085
2000-08-17,5.985,6.006,5.345,4.923,0.64,1.083
2000-08-18,5.942,5.972,5.338,4.905,0.604,1.068
2000-08-21,5.961,5.973,5.328,4.905,0.633,1.068
2000-08-22,5.964,5.966,5.305,4.903,0.659,1.062
2000-08-23,5.91,5.923,5.277,4.886,0.633,1.038
2000-08-24,5.897,5.903,5.276,4.878,0.621,1.025
2000-08-25,5.896,5.9,5.274,4.879,0.622,1.021
2000-08-28,5.929,5.932,5.304,4.898,0.625,1.035
2000-08-29,5.99,5.976,5.29,4.919,0.7,1.056
2000-08-30,5.982,5.982,5.293,4.924,0.688,1.059
2000-08-31,5.909,5.924,5.243,4.896,0.666,1.027
2000-09-01,5.865,5.868,5.187,4.868,0.678,1
2000-09-05,5.872,5.866,5.181,4.865,0.691,1.001
2000-09-06,5.927,5.901,5.174,4.88,0.753,1.021
2000-09-07,5.958,5.936,5.187,4.895,0.771,1.042
2000-09-08,5.931,5.924,5.176,4.883,0.755,1.041
2000-09-11,5.968,5.95,5.178,4.89,0.79,1.06
2000-09-12,5.979,5.963,5.171,4.891,0.808,1.072
2000-09-13,5.942,5.935,5.138,4.874,0.804,1.061
2000-09-14,6.009,5.967,5.112,4.892,0.897,1.075
2000-09-15,6.056,5.992,5.051,4.907,1.005,1.085
2000-09-18,6.087,6.017,5.018,4.922,1.069,1.095
2000-09-19,6.076,6.027,5.014,4.933,1.061,1.094
2000-09-20,6.111,6.066,5.046,4.955,1.065,1.111
2000-09-21,6.074,6.054,5.062,4.95,1.012,1.104
2000-09-22,6.043,6.031,5.051,4.941,0.992,1.09
2000-09-25,6.04,6.025,5.056,4.94,0.984,1.085
2000-09-26,6.007,5.996,5.05,4.928,0.957,1.068
2000-09-27,6.035,5.997,5.013,4.933,1.022,1.064
2000-09-28,6.011,5.994,5.04,4.938,0.971,1.056
2000-09-29,6.005,5.975,5.008,4.931,0.997,1.044
2000-10-02,6.039,5.989,4.98,4.939,1.059,1.051
2000-10-03,6.066,6.017,4.993,4.956,1.073,1.061
2000-10-04,6.075,6.041,5.025,4.97,1.05,1.072
2000-10-05,6.042,6.024,5.027,4.963,1.015,1.061
2000-10-06,5.99,5.986,5.044,4.945,0.946,1.041
2000-10-10,5.96,5.957,5.051,4.931,0.908,1.026
2000-10-11,5.937,5.925,5.016,4.916,0.921,1.009
2000-10-12,5.912,5.88,4.936,4.89,0.975,0.99
2000-10-13,5.912,5.878,4.941,4.888,0.972,0.991
2000-10-16,5.921,5.898,4.965,4.902,0.956,0.996
2000-10-17,5.858,5.85,4.941,4.885,0.917,0.964
2000-10-18,5.85,5.833,4.93,4.882,0.919,0.951
2000-10-19,5.834,5.831,4.967,4.886,0.867,0.945
2000-10-20,5.796,5.806,4.981,4.875,0.816,0.931
2000-10-23,5.737,5.76,4.985,4.857,0.753,0.903
2000-10-24,5.78,5.776,5.001,4.868,0.779,0.908
2000-10-25,5.829,5.814,5.023,4.891,0.805,0.923
2000-10-26,5.825,5.821,5.037,4.893,0.788,0.928
2000-10-27,5.836,5.837,5.066,4.899,0.77,0.938
2000-10-30,5.857,5.857,5.082,4.908,0.775,0.948
2000-10-31,5.898,5.879,5.071,4.918,0.827,0.961
2000-11-01,5.88,5.867,5.039,4.912,0.841,0.955
2000-11-02,5.874,5.863,5.027,4.911,0.847,0.952
2000-11-03,5.968,5.936,5.058,4.949,0.909,0.988
2000-11-06,5.998,5.981,5.078,4.974,0.921,1.007
2000-11-07,5.996,5.993,5.088,4.98,0.908,1.013
2000-11-08,5.978,5.987,5.098,4.977,0.881,1.01
2000-11-09,5.939,5.947,5.052,4.957,0.887,0.99
2000-11-10,5.948,5.938,5.028,4.952,0.919,0.986
2000-11-13,5.911,5.911,5.012,4.94,0.9,0.971
2000-11-14,5.875,5.892,5.038,4.93,0.837,0.962
2000-11-15,5.834,5.859,5.041,4.915,0.793,0.944
2000-11-16,5.803,5.825,5.026,4.896,0.777,0.929
2000-11-17,5.833,5.835,5.02,4.899,0.813,0.935
2000-11-20,5.816,5.822,5.003,4.894,0.812,0.928
2000-11-21,5.779,5.804,5.018,4.885,0.761,0.919
2000-11-22,5.716,5.759,5.02,4.863,0.696,0.896
2000-11-24,5.713,5.748,5.046,4.857,0.668,0.891
2000-11-27,5.743,5.755,5.026,4.858,0.717,0.898
2000-11-28,5.692,5.711,4.984,4.831,0.708,0.88
2000-11-29,5.665,5.672,4.934,4.806,0.731,0.866
2000-11-30,5.596,5.604,4.878,4.769,0.718,0.836
2000-12-01,5.635,5.628,4.906,4.78,0.729,0.848
2000-12-04,5.653,5.638,4.879,4.779,0.774,0.859
2000-12-05,5.57,5.577,4.831,4.741,0.738,0.836
2000-12-06,5.476,5.496,4.784,4.699,0.691,0.797
2000-12-07,5.47,5.484,4.799,4.695,0.67,0.789
2000-12-08,5.509,5.515,4.824,4.708,0.685,0.807
2000-12-11,5.516,5.525,4.823,4.712,0.692,0.813
2000-12-12,5.505,5.519,4.824,4.706,0.681,0.812
2000-12-13,5.434,5.456,4.773,4.675,0.661,0.782
2000-12-14,5.382,5.404,4.749,4.649,0.632,0.755
2000-12-15,5.358,5.366,4.717,4.628,0.641,0.738
2000-12-18,5.34,5.333,4.66,4.606,0.68,0.727
2000-12-19,5.356,5.344,4.664,4.607,0.693,0.737
2000-12-20,5.29,5.281,4.584,4.565,0.707,0.715
2000-12-21,5.246,5.232,4.543,4.504,0.703,0.728
2000-12-22,5.231,5.215,4.511,4.465,0.721,0.75
2000-12-26,5.268,5.244,4.523,4.502,0.745,0.742
2000-12-27,5.327,5.298,4.563,4.536,0.765,0.763
2000-12-28,5.348,5.338,4.604,4.57,0.744,0.768
2000-12-29,5.343,5.33,4.566,4.572,0.777,0.757
2001-01-02,5.168,5.179,4.421,4.5,0.748,0.679
2001-01-03,5.371,5.316,4.513,4.553,0.858,0.762
2001-01-04,5.284,5.277,4.397,4.502,0.887,0.775
2001-01-05,5.201,5.2,4.251,4.428,0.95,0.772
2001-01-08,5.207,5.21,4.237,4.424,0.97,0.787
2001-01-09,5.231,5.264,4.31,4.451,0.92,0.813
2001-01-10,5.325,5.35,4.366,4.496,0.959,0.854
2001-01-11,5.384,5.396,4.336,4.521,1.047,0.875
2001-01-12,5.471,5.485,4.413,4.568,1.058,0.917
2001-01-16,5.452,5.485,4.401,4.571,1.051,0.914
2001-01-17,5.384,5.427,4.364,4.544,1.02,0.882
2001-01-18,5.314,5.344,4.29,4.497,1.024,0.847
2001-01-19,5.401,5.4,4.319,4.519,1.082,0.881
2001-01-22,5.445,5.446,4.316,4.538,1.129,0.908
2001-01-23,5.497,5.508,4.354,4.567,1.143,0.941
2001-01-24,5.521,5.545,4.381,4.586,1.14,0.959
2001-01-25,5.478,5.523,4.363,4.575,1.116,0.948
2001-01-26,5.488,5.519,4.342,4.564,1.146,0.955
2001-01-29,5.515,5.537,4.33,4.565,1.185,0.973
2001-01-30,5.421,5.473,4.284,4.52,1.137,0.953
2001-01-31,5.374,5.421,4.255,4.482,1.12,0.939
2001-02-01,5.269,5.346,4.253,4.44,1.016,0.905
2001-02-02,5.334,5.387,4.3,4.465,1.034,0.922
2001-02-05,5.325,5.39,4.329,4.471,0.996,0.92
2001-02-06,5.363,5.416,4.352,4.483,1.011,0.933
2001-02-07,5.357,5.409,4.334,4.479,1.024,0.93
2001-02-08,5.363,5.415,4.347,4.482,1.016,0.933
2001-02-09,5.289,5.352,4.299,4.449,0.99,0.903
2001-02-12,5.33,5.365,4.298,4.456,1.032,0.909
2001-02-13,5.352,5.388,4.305,4.468,1.047,0.92
2001-02-14,5.382,5.425,4.329,4.487,1.054,0.938
2001-02-15,5.461,5.489,4.397,4.518,1.063,0.971
2001-02-16,5.399,5.433,4.312,4.484,1.087,0.949
2001-02-20,5.386,5.419,4.314,4.477,1.072,0.942
2001-02-21,5.415,5.439,4.312,4.484,1.103,0.955
2001-02-22,5.434,5.446,4.262,4.485,1.172,0.961
2001-02-23,5.382,5.408,4.205,4.454,1.177,0.953
2001-02-26,5.33,5.373,4.18,4.427,1.15,0.946
2001-02-27,5.218,5.304,4.184,4.389,1.035,0.916
2001-02-28,5.21,5.267,4.129,4.373,1.082,0.893
2001-03-01,5.152,5.221,4.135,4.352,1.017,0.869
2001-03-02,5.26,5.283,4.154,4.383,1.107,0.9
2001-03-05,5.263,5.308,4.191,4.392,1.073,0.915
2001-03-06,5.281,5.318,4.175,4.393,1.105,0.925
2001-03-07,5.209,5.267,4.141,4.358,1.068,0.909
2001-03-08,5.185,5.239,4.131,4.338,1.054,0.901
2001-03-09,5.223,5.27,4.177,4.353,1.046,0.917
2001-03-12,5.206,5.255,4.147,4.339,1.058,0.916
2001-03-13,5.225,5.268,4.166,4.341,1.059,0.927
2001-03-14,5.137,5.189,4.082,4.29,1.055,0.899
2001-03-15,5.125,5.151,4.005,4.264,1.12,0.886
2001-03-16,5.085,5.132,4.016,4.253,1.069,0.879
2001-03-19,5.126,5.165,4.041,4.269,1.085,0.897
2001-03-20,5.094,5.135,3.987,4.249,1.107,0.886
2001-03-21,5.095,5.118,3.929,4.228,1.166,0.891
2001-03-22,5.049,5.08,3.895,4.199,1.154,0.881
2001-03-23,5.116,5.13,3.938,4.221,1.178,0.909
2001-03-26,5.179,5.18,3.938,4.241,1.241,0.939
2001-03-27,5.318,5.304,4.01,4.3,1.308,1.004
2001-03-28,5.309,5.311,3.97,4.298,1.339,1.013
2001-03-29,5.311,5.315,3.959,4.295,1.352,1.021
2001-03-30,5.264,5.279,3.899,4.274,1.365,1.005
2001-04-02,5.313,5.305,3.866,4.283,1.447,1.021
2001-04-03,5.282,5.279,3.811,4.263,1.471,1.016
2001-04-04,5.269,5.271,3.81,4.253,1.459,1.018
2001-04-05,5.306,5.311,3.836,4.27,1.469,1.04
2001-04-06,5.2,5.235,3.789,4.218,1.411,1.017
2001-04-09,5.243,5.251,3.785,4.218,1.458,1.034
2001-04-10,5.394,5.367,3.819,4.27,1.575,1.097
2001-04-11,5.403,5.415,3.904,4.301,1.499,1.114
2001-04-12,5.449,5.461,3.944,4.321,1.505,1.14
2001-04-16,5.56,5.553,3.993,4.374,1.567,1.179
2001-04-17,5.49,5.509,3.97,4.352,1.519,1.158
2001-04-18,5.424,5.426,3.869,4.292,1.555,1.134
2001-04-19,5.559,5.516,3.882,4.324,1.677,1.192
2001-04-20,5.571,5.552,3.863,4.324,1.708,1.228
2001-04-23,5.489,5.501,3.794,4.289,1.694,1.212
2001-04-24,5.512,5.511,3.777,4.293,1.735,1.218
2001-04-25,5.568,5.574,3.837,4.329,1.731,1.245
2001-04-26,5.483,5.522,3.818,4.305,1.664,1.217
2001-04-27,5.62,5.622,3.895,4.357,1.725,1.266
2001-04-30,5.616,5.65,3.927,4.379,1.689,1.272
2001-05-01,5.574,5.614,3.895,4.362,1.679,1.252
2001-05-02,5.548,5.602,3.937,4.355,1.611,1.247
2001-05-03,5.467,5.532,3.896,4.316,1.571,1.216
2001-05-04,5.46,5.493,3.839,4.285,1.621,1.208
2001-05-07,5.469,5.488,3.804,4.275,1.666,1.213
2001-05-08,5.497,5.503,3.777,4.276,1.72,1.226
2001-05-09,5.444,5.477,3.771,4.261,1.673,1.216
2001-05-10,5.555,5.563,3.825,4.304,1.729,1.259
2001-05-11,5.739,5.733,3.93,4.388,1.809,1.345
2001-05-14,5.703,5.731,3.889,4.381,1.814,1.349
2001-05-15,5.748,5.755,3.868,4.383,1.88,1.373
2001-05-16,5.735,5.754,3.849,4.372,1.886,1.382
2001-05-17,5.705,5.757,3.904,4.369,1.801,1.388
2001-05-18,5.677,5.743,3.942,4.361,1.735,1.382
2001-05-21,5.671,5.73,3.954,4.357,1.717,1.373
2001-05-22,5.691,5.725,3.931,4.354,1.761,1.371
2001-05-23,5.697,5.716,3.899,4.347,1.798,1.368
2001-05-24,5.781,5.788,3.944,4.385,1.837,1.403
2001-05-25,5.782,5.801,3.925,4.388,1.857,1.412
2001-05-29,5.8,5.825,3.935,4.402,1.866,1.423
2001-05-30,5.787,5.825,3.937,4.399,1.85,1.426
2001-05-31,5.69,5.741,3.863,4.354,1.827,1.387
2001-06-01,5.642,5.706,3.892,4.339,1.75,1.367
2001-06-04,5.617,5.681,3.908,4.33,1.709,1.351
2001-06-05,5.577,5.629,3.847,4.303,1.73,1.325
2001-06-06,5.565,5.614,3.859,4.295,1.707,1.318
2001-06-07,5.622,5.649,3.864,4.313,1.758,1.336
2001-06-08,5.641,5.684,3.904,4.33,1.736,1.354
2001-06-11,5.591,5.649,3.874,4.311,1.717,1.338
2001-06-12,5.546,5.606,3.851,4.287,1.695,1.319
2001-06-13,5.557,5.599,3.83,4.281,1.727,1.318
2001-06-14,5.533,5.573,3.792,4.269,1.741,1.304
2001-06-15,5.557,5.571,3.741,4.267,1.816,1.305
2001-06-18,5.555,5.571,3.721,4.264,1.835,1.307
2001-06-19,5.531,5.563,3.726,4.259,1.805,1.304
2001-06-20,5.508,5.552,3.732,4.251,1.776,1.3
2001-06-21,5.487,5.541,3.735,4.247,1.751,1.294
2001-06-22,5.419,5.483,3.704,4.214,1.715,1.268
2001-06-25,5.436,5.487,3.716,4.218,1.721,1.27
2001-06-26,5.513,5.55,3.752,4.248,1.762,1.302
2001-06-27,5.514,5.589,3.845,4.27,1.67,1.318
2001-06-28,5.611,5.665,3.903,4.317,1.707,1.349
2001-06-29,5.694,5.722,3.888,4.347,1.806,1.374
2001-07-02,5.639,5.68,3.828,4.328,1.812,1.352
2001-07-03,5.675,5.701,3.852,4.341,1.823,1.36
2001-07-05,5.719,5.734,3.858,4.357,1.86,1.377
2001-07-06,5.676,5.709,3.836,4.342,1.839,1.367
2001-07-09,5.629,5.682,3.84,4.331,1.789,1.351
2001-07-10,5.581,5.638,3.811,4.31,1.77,1.328
2001-07-11,5.588,5.629,3.785,4.303,1.803,1.326
2001-07-12,5.546,5.609,3.8,4.294,1.746,1.315
2001-07-13,5.54,5.608,3.825,4.295,1.715,1.312
2001-07-16,5.481,5.56,3.812,4.276,1.67,1.285
2001-07-17,5.475,5.549,3.828,4.269,1.648,1.28
2001-07-18,5.376,5.46,3.767,4.22,1.609,1.241
2001-07-19,5.388,5.457,3.779,4.217,1.609,1.239
2001-07-20,5.408,5.468,3.771,4.221,1.637,1.247
2001-07-23,5.382,5.455,3.773,4.217,1.609,1.238
2001-07-24,5.362,5.436,3.765,4.208,1.597,1.228
2001-07-25,5.436,5.485,3.784,4.232,1.652,1.253
2001-07-26,5.429,5.481,3.748,4.23,1.68,1.251
2001-07-27,5.375,5.434,3.699,4.208,1.676,1.226
2001-07-30,5.35,5.412,3.698,4.2,1.652,1.212
2001-07-31,5.314,5.376,3.663,4.183,1.651,1.193
2001-08-01,5.346,5.402,3.691,4.196,1.655,1.206
2001-08-02,5.41,5.461,3.717,4.224,1.693,1.237
2001-08-03,5.433,5.493,3.73,4.238,1.703,1.255
2001-08-06,5.436,5.495,3.701,4.238,1.735,1.257
2001-08-07,5.446,5.503,3.695,4.241,1.75,1.261
2001-08-08,5.335,5.416,3.639,4.197,1.696,1.219
2001-08-09,5.375,5.434,3.663,4.203,1.712,1.23
2001-08-10,5.344,5.412,3.627,4.19,1.717,1.222
2001-08-13,5.326,5.388,3.595,4.18,1.731,1.209
2001-08-14,5.33,5.394,3.601,4.183,1.729,1.211
2001-08-15,5.347,5.42,3.637,4.196,1.711,1.224
2001-08-16,5.306,5.385,3.612,4.174,1.694,1.21
2001-08-17,5.214,5.305,3.571,4.132,1.643,1.173
2001-08-20,5.263,5.335,3.618,4.15,1.645,1.185
2001-08-21,5.236,5.309,3.592,4.134,1.644,1.175
2001-08-22,5.238,5.319,3.635,4.137,1.603,1.182
2001-08-23,5.22,5.301,3.624,4.128,1.596,1.174
2001-08-24,5.262,5.326,3.637,4.141,1.626,1.185
2001-08-27,5.279,5.342,3.64,4.151,1.638,1.191
2001-08-28,5.192,5.276,3.605,4.116,1.587,1.16
2001-08-29,5.131,5.217,3.582,4.088,1.55,1.13
2001-08-30,5.142,5.204,3.567,4.077,1.575,1.127
2001-08-31,5.178,5.236,3.578,4.092,1.6,1.143
2001-09-04,5.321,5.367,3.677,4.163,1.644,1.204
2001-09-05,5.308,5.373,3.661,4.164,1.647,1.209
2001-09-06,5.216,5.289,3.575,4.118,1.641,1.171
2001-09-07,5.153,5.219,3.523,4.074,1.63,1.145
2001-09-10,5.202,5.239,3.498,4.082,1.705,1.157
2001-09-13,5.041,5.029,3.092,3.937,1.949,1.092
2001-09-14,5.008,4.99,3.038,3.895,1.97,1.095
2001-09-17,5.044,5.043,3.043,3.906,2.001,1.137
2001-09-18,5.173,5.126,2.958,3.931,2.215,1.196
2001-09-19,5.145,5.106,2.837,3.888,2.308,1.218
2001-09-20,5.215,5.184,2.858,3.914,2.357,1.27
2001-09-21,5.16,5.178,2.882,3.904,2.278,1.275
2001-09-24,5.175,5.201,2.93,3.92,2.245,1.282
2001-09-25,5.169,5.19,2.901,3.918,2.268,1.272
2001-09-26,5.091,5.138,2.899,3.893,2.192,1.245
2001-09-27,5.015,5.081,2.905,3.866,2.111,1.215
2001-09-28,5.033,5.098,2.963,3.877,2.07,1.221
2001-10-01,4.981,5.061,2.965,3.859,2.015,1.202
2001-10-02,4.96,5.029,2.946,3.834,2.015,1.196
2001-10-03,4.935,5.009,2.935,3.816,2,1.194
2001-10-04,4.939,5.005,2.933,3.806,2.006,1.199
2001-10-05,4.94,4.991,2.884,3.794,2.057,1.197
2001-10-09,5.031,5.056,2.899,3.825,2.132,1.232
2001-10-10,5,5.062,2.923,3.826,2.077,1.236
2001-10-11,5.087,5.13,2.957,3.862,2.129,1.268
2001-10-12,5.088,5.131,2.927,3.862,2.161,1.269
2001-10-15,5.023,5.087,2.902,3.84,2.122,1.247
2001-10-16,4.992,5.056,2.886,3.823,2.106,1.233
2001-10-17,4.971,5.048,2.925,3.818,2.046,1.23
2001-10-18,4.975,5.04,2.919,3.811,2.056,1.229
2001-10-19,5.014,5.068,2.927,3.821,2.087,1.247
2001-10-22,5.015,5.083,2.951,3.828,2.064,1.255
2001-10-23,5.031,5.097,2.954,3.832,2.077,1.265
2001-10-24,4.964,5.05,2.942,3.806,2.022,1.245
2001-10-25,4.919,5.002,2.914,3.779,2.006,1.223
2001-10-26,4.905,4.984,2.897,3.77,2.008,1.214
2001-10-29,4.871,4.946,2.854,3.748,2.017,1.198
2001-10-30,4.816,4.893,2.799,3.717,2.017,1.176
2001-10-31,4.688,4.804,2.788,3.673,1.9,1.131
2001-11-01,4.641,4.761,2.808,3.654,1.833,1.107
2001-11-02,4.798,4.84,2.801,3.687,1.998,1.152
2001-11-05,4.724,4.815,2.801,3.673,1.923,1.142
2001-11-06,4.702,4.778,2.743,3.64,1.959,1.137
2001-11-07,4.595,4.701,2.715,3.59,1.879,1.111
2001-11-08,4.687,4.763,2.765,3.617,1.922,1.145
2001-11-09,4.722,4.803,2.794,3.634,1.928,1.17
2001-11-13,4.784,4.861,2.833,3.659,1.951,1.202
2001-11-14,4.901,4.97,2.907,3.711,1.995,1.259
2001-11-15,5.146,5.188,3.042,3.817,2.104,1.371
2001-11-16,5.278,5.33,3.112,3.883,2.166,1.447
2001-11-19,5.169,5.261,3.052,3.844,2.116,1.417
2001-11-20,5.258,5.306,3.043,3.864,2.215,1.442
2001-11-21,5.377,5.42,3.112,3.919,2.265,1.502
2001-11-23,5.44,5.497,3.142,3.952,2.298,1.545
2001-11-26,5.456,5.523,3.15,3.962,2.307,1.56
2001-11-27,5.414,5.477,3.102,3.934,2.312,1.543
2001-11-28,5.394,5.464,3.092,3.92,2.303,1.544
2001-11-29,5.234,5.317,2.948,3.839,2.285,1.478
2001-11-30,5.238,5.294,2.925,3.825,2.313,1.469
2001-12-03,5.189,5.264,2.92,3.811,2.269,1.452
2001-12-04,5.134,5.224,2.913,3.791,2.22,1.434
2001-12-05,5.347,5.396,3.044,3.875,2.303,1.521
2001-12-06,5.48,5.531,3.109,3.936,2.371,1.595
2001-12-07,5.667,5.672,3.095,3.991,2.572,1.681
2001-12-10,5.633,5.682,3.077,3.988,2.556,1.693
2001-12-11,5.599,5.652,3.001,3.968,2.598,1.685
2001-12-12,5.475,5.576,2.993,3.93,2.482,1.645
2001-12-13,5.568,5.644,3.053,3.966,2.515,1.678
2001-12-14,5.675,5.746,3.126,4.018,2.549,1.728
2001-12-17,5.681,5.776,3.156,4.033,2.526,1.743
2001-12-18,5.58,5.707,3.129,3.997,2.451,1.71
2001-12-19,5.482,5.627,3.119,3.956,2.362,1.671
2001-12-20,5.489,5.62,3.152,3.951,2.337,1.669
2001-12-21,5.524,5.638,3.164,3.959,2.359,1.679
2001-12-24,5.59,5.683,3.175,3.981,2.416,1.702
2001-12-26,5.63,5.726,3.216,4.003,2.415,1.723
2001-12-27,5.55,5.664,3.165,3.972,2.385,1.692
2001-12-28,5.589,5.671,3.151,3.975,2.438,1.696
2001-12-31,5.498,5.606,3.104,3.946,2.394,1.661
2002-01-02,5.635,5.706,3.171,3.997,2.463,1.71
2002-01-03,5.589,5.69,3.142,3.987,2.447,1.703
2002-01-04,5.63,5.712,3.136,3.997,2.494,1.715
2002-01-07,5.51,5.631,3.103,3.954,2.407,1.676
2002-01-08,5.513,5.618,3.106,3.948,2.408,1.671
2002-01-09,5.508,5.611,3.1,3.944,2.408,1.667
2002-01-10,5.381,5.517,3.058,3.9,2.323,1.617
2002-01-11,5.327,5.43,2.959,3.851,2.368,1.579
2002-01-14,5.338,5.426,2.94,3.848,2.397,1.578
2002-01-15,5.276,5.4,2.968,3.838,2.308,1.562
2002-01-16,5.289,5.403,2.967,3.842,2.322,1.561
2002-01-17,5.377,5.481,3.052,3.883,2.325,1.597
2002-01-18,5.317,5.446,3.043,3.865,2.274,1.581
2002-01-22,5.351,5.463,3.055,3.878,2.296,1.585
2002-01-23,5.455,5.534,3.07,3.915,2.385,1.619
2002-01-24,5.448,5.559,3.117,3.929,2.33,1.63
2002-01-25,5.477,5.585,3.157,3.941,2.32,1.645
2002-01-28,5.488,5.596,3.18,3.946,2.308,1.65
2002-01-29,5.382,5.5,3.098,3.899,2.284,1.601
2002-01-30,5.39,5.488,3.1,3.897,2.289,1.591
2002-01-31,5.436,5.529,3.147,3.92,2.289,1.609
2002-02-01,5.392,5.495,3.125,3.904,2.267,1.59
2002-02-04,5.314,5.422,3.085,3.87,2.229,1.552
2002-02-05,5.294,5.391,3.073,3.858,2.22,1.533
2002-02-06,5.354,5.42,3.063,3.871,2.292,1.549
2002-02-07,5.384,5.449,3.057,3.884,2.327,1.564
2002-02-08,5.34,5.423,3.033,3.872,2.308,1.552
2002-02-11,5.365,5.433,3.018,3.878,2.347,1.555
2002-02-12,5.432,5.49,3.039,3.908,2.393,1.582
2002-02-13,5.474,5.534,3.055,3.93,2.419,1.604
2002-02-14,5.393,5.495,3.07,3.909,2.323,1.585
2002-02-15,5.315,5.419,3.029,3.871,2.285,1.547
2002-02-19,5.341,5.421,3.03,3.873,2.311,1.548
2002-02-20,5.333,5.418,3.036,3.875,2.298,1.544
2002-02-21,5.317,5.408,3.046,3.871,2.271,1.537
2002-02-22,5.276,5.374,3.028,3.855,2.249,1.519
2002-02-25,5.291,5.38,3.048,3.86,2.243,1.52
2002-02-26,5.371,5.438,3.076,3.889,2.295,1.549
2002-02-27,5.291,5.376,3.008,3.859,2.284,1.517
2002-02-28,5.331,5.4,3.022,3.871,2.309,1.529
2002-03-01,5.434,5.488,3.092,3.913,2.342,1.575
2002-03-04,5.457,5.528,3.131,3.93,2.325,1.598
2002-03-05,5.447,5.531,3.147,3.931,2.3,1.601
2002-03-06,5.496,5.556,3.131,3.939,2.365,1.617
2002-03-07,5.652,5.696,3.237,4.004,2.416,1.692
2002-03-08,5.75,5.806,3.303,4.056,2.447,1.751
2002-03-11,5.753,5.823,3.316,4.061,2.437,1.762
2002-03-12,5.746,5.812,3.299,4.056,2.447,1.757
2002-03-13,5.713,5.773,3.252,4.034,2.461,1.739
2002-03-14,5.84,5.867,3.308,4.082,2.532,1.785
2002-03-15,5.769,5.844,3.333,4.071,2.436,1.774
2002-03-18,5.734,5.816,3.352,4.057,2.383,1.759
2002-03-19,5.749,5.807,3.334,4.051,2.415,1.756
2002-03-20,5.823,5.863,3.37,4.077,2.453,1.786
2002-03-21,5.808,5.87,3.398,4.077,2.409,1.793
2002-03-22,5.825,5.88,3.409,4.079,2.416,1.801
2002-03-25,5.809,5.877,3.45,4.074,2.359,1.803
2002-03-26,5.747,5.817,3.42,4.042,2.327,1.775
2002-03-27,5.75,5.799,3.41,4.031,2.34,1.768
2002-03-28,5.827,5.851,3.424,4.054,2.403,1.797
2002-04-01,5.827,5.867,3.442,4.059,2.385,1.808
2002-04-02,5.744,5.803,3.399,4.028,2.345,1.775
2002-04-03,5.689,5.74,3.354,3.998,2.335,1.741
2002-04-04,5.662,5.719,3.362,3.989,2.3,1.73
2002-04-05,5.6,5.658,3.31,3.958,2.29,1.7
2002-04-08,5.644,5.676,3.307,3.966,2.337,1.71
2002-04-09,5.604,5.654,3.293,3.955,2.311,1.699
2002-04-10,5.631,5.665,3.278,3.958,2.353,1.708
2002-04-11,5.603,5.651,3.268,3.95,2.335,1.7
2002-04-12,5.565,5.611,3.22,3.931,2.345,1.681
2002-04-15,5.533,5.582,3.212,3.917,2.321,1.665
2002-04-16,5.575,5.614,3.238,3.936,2.337,1.677
2002-04-17,5.636,5.65,3.2,3.953,2.437,1.697
2002-04-18,5.609,5.652,3.216,3.953,2.393,1.7
2002-04-19,5.591,5.645,3.207,3.95,2.384,1.696
2002-04-22,5.575,5.636,3.203,3.944,2.372,1.692
2002-04-23,5.562,5.633,3.224,3.945,2.338,1.689
2002-04-24,5.485,5.568,3.185,3.913,2.3,1.655
2002-04-25,5.475,5.544,3.176,3.904,2.299,1.64
2002-04-26,5.443,5.518,3.166,3.895,2.277,1.623
2002-04-29,5.484,5.55,3.197,3.915,2.287,1.635
2002-04-30,5.465,5.548,3.205,3.916,2.26,1.632
2002-05-01,5.431,5.514,3.163,3.901,2.267,1.613
2002-05-02,5.478,5.544,3.182,3.917,2.296,1.627
2002-05-03,5.422,5.505,3.154,3.897,2.267,1.607
2002-05-06,5.445,5.518,3.169,3.904,2.276,1.614
2002-05-07,5.441,5.508,3.124,3.9,2.317,1.608
2002-05-08,5.58,5.625,3.191,3.958,2.389,1.667
2002-05-09,5.545,5.616,3.161,3.953,2.384,1.663
2002-05-10,5.491,5.565,3.118,3.928,2.373,1.637
2002-05-13,5.586,5.627,3.135,3.96,2.451,1.667
2002-05-14,5.673,5.708,3.161,4.001,2.512,1.706
2002-05-15,5.635,5.689,3.136,3.99,2.499,1.699
2002-05-16,5.574,5.635,3.101,3.962,2.473,1.673
2002-05-17,5.642,5.682,3.142,3.987,2.5,1.696
2002-05-20,5.572,5.632,3.111,3.961,2.46,1.671
2002-05-21,5.524,5.586,3.103,3.939,2.421,1.647
2002-05-22,5.473,5.533,3.075,3.913,2.399,1.62
2002-05-23,5.507,5.545,3.079,3.92,2.428,1.626
2002-05-24,5.504,5.548,3.085,3.921,2.419,1.627
2002-05-28,5.503,5.545,3.081,3.921,2.422,1.624
2002-05-29,5.446,5.496,3.052,3.898,2.394,1.598
2002-05-30,5.39,5.443,3.033,3.872,2.356,1.57
2002-05-31,5.419,5.452,3.023,3.878,2.396,1.574
2002-06-03,5.409,5.441,3.007,3.874,2.402,1.567
2002-06-04,5.389,5.417,2.975,3.865,2.414,1.551
2002-06-05,5.435,5.447,2.977,3.881,2.458,1.565
2002-06-06,5.39,5.423,2.97,3.87,2.42,1.553
2002-06-07,5.454,5.469,2.991,3.892,2.464,1.576
2002-06-10,5.41,5.456,3.001,3.886,2.409,1.57
2002-06-11,5.353,5.413,2.995,3.865,2.358,1.548
2002-06-12,5.318,5.375,2.973,3.847,2.344,1.528
2002-06-13,5.275,5.334,2.955,3.826,2.32,1.509
2002-06-14,5.171,5.249,2.923,3.784,2.247,1.465
2002-06-17,5.236,5.277,2.927,3.801,2.309,1.476
2002-06-18,5.223,5.275,2.92,3.802,2.303,1.473
2002-06-19,5.118,5.19,2.859,3.76,2.259,1.429
2002-06-20,5.201,5.245,2.913,3.79,2.288,1.454
2002-06-21,5.137,5.21,2.904,3.774,2.233,1.436
2002-06-24,5.209,5.256,2.923,3.797,2.286,1.459
2002-06-25,5.224,5.274,2.917,3.806,2.308,1.468
2002-06-26,5.099,5.178,2.848,3.757,2.251,1.421
2002-06-27,5.208,5.243,2.866,3.79,2.341,1.453
2002-06-28,5.228,5.277,2.874,3.806,2.354,1.471
2002-07-01,5.21,5.274,2.87,3.805,2.34,1.468
2002-07-02,5.13,5.21,2.832,3.777,2.298,1.433
2002-07-03,5.137,5.207,2.839,3.778,2.297,1.429
2002-07-05,5.251,5.303,2.901,3.826,2.349,1.478
2002-07-08,5.203,5.281,2.865,3.815,2.338,1.465
2002-07-09,5.14,5.221,2.813,3.787,2.327,1.433
2002-07-10,5.024,5.116,2.752,3.74,2.272,1.375
2002-07-11,5.02,5.1,2.763,3.738,2.256,1.363
2002-07-12,4.989,5.071,2.74,3.727,2.249,1.344
2002-07-15,5.029,5.089,2.726,3.738,2.303,1.351
2002-07-16,5.125,5.17,2.745,3.78,2.379,1.39
2002-07-17,5.073,5.15,2.729,3.771,2.343,1.378
2002-07-18,5.02,5.103,2.689,3.75,2.331,1.352
2002-07-19,4.966,5.053,2.666,3.728,2.299,1.325
2002-07-22,4.874,4.966,2.601,3.69,2.273,1.276
2002-07-23,4.848,4.916,2.551,3.67,2.297,1.246
2002-07-24,4.876,4.928,2.544,3.679,2.332,1.25
2002-07-25,4.826,4.873,2.468,3.655,2.357,1.218
2002-07-26,4.838,4.861,2.419,3.653,2.419,1.208
2002-07-29,5.005,5.015,2.541,3.733,2.464,1.282
2002-07-30,5.024,5.07,2.575,3.76,2.449,1.309
2002-07-31,4.891,4.962,2.478,3.708,2.414,1.254
2002-08-01,4.874,4.909,2.395,3.683,2.479,1.226
2002-08-02,4.731,4.782,2.296,3.621,2.435,1.161
2002-08-05,4.7,4.724,2.232,3.598,2.468,1.127
2002-08-06,4.825,4.833,2.324,3.654,2.501,1.179
2002-08-07,4.765,4.787,2.222,3.628,2.543,1.158
2002-08-08,4.814,4.841,2.296,3.656,2.518,1.185
2002-08-09,4.684,4.771,2.308,3.622,2.376,1.149
2002-08-12,4.628,4.716,2.323,3.599,2.305,1.117
2002-08-13,4.541,4.625,2.282,3.553,2.259,1.072
2002-08-14,4.492,4.603,2.392,3.541,2.1,1.062
2002-08-15,4.595,4.661,2.423,3.565,2.172,1.096
2002-08-16,4.744,4.772,2.469,3.614,2.275,1.158
2002-08-19,4.717,4.776,2.48,3.614,2.237,1.162
2002-08-20,4.61,4.677,2.392,3.563,2.219,1.114
2002-08-21,4.633,4.676,2.399,3.564,2.233,1.112
2002-08-22,4.715,4.739,2.439,3.595,2.276,1.143
2002-08-23,4.642,4.697,2.423,3.575,2.219,1.122
2002-08-26,4.611,4.664,2.412,3.562,2.199,1.103
2002-08-27,4.7,4.718,2.432,3.59,2.268,1.128
2002-08-28,4.627,4.676,2.417,3.569,2.211,1.107
2002-08-29,4.568,4.616,2.375,3.541,2.193,1.076
2002-08-30,4.546,4.583,2.362,3.527,2.184,1.056
2002-09-03,4.386,4.441,2.266,3.458,2.12,0.984
2002-09-04,4.362,4.396,2.27,3.436,2.093,0.96
2002-09-05,4.32,4.342,2.221,3.409,2.099,0.933
2002-09-06,4.451,4.442,2.302,3.462,2.149,0.98
2002-09-09,4.45,4.466,2.323,3.477,2.127,0.989
2002-09-10,4.412,4.442,2.327,3.466,2.085,0.977
2002-09-11,4.479,4.489,2.365,3.488,2.114,1.001
2002-09-12,4.388,4.427,2.338,3.457,2.05,0.97
2002-09-13,4.32,4.364,2.329,3.427,1.991,0.938
2002-09-16,4.299,4.336,2.34,3.415,1.958,0.921
2002-09-17,4.273,4.298,2.305,3.397,1.968,0.901
2002-09-18,4.258,4.276,2.302,3.385,1.956,0.891
2002-09-19,4.207,4.216,2.242,3.353,1.965,0.863
2002-09-20,4.215,4.208,2.229,3.349,1.986,0.858
2002-09-23,4.124,4.136,2.174,3.316,1.95,0.821
2002-09-24,4.11,4.109,2.173,3.303,1.938,0.806
2002-09-25,4.215,4.176,2.2,3.336,2.015,0.84
2002-09-26,4.222,4.2,2.234,3.344,1.989,0.855
2002-09-27,4.143,4.133,2.159,3.31,1.984,0.824
2002-09-30,4.095,4.068,2.057,3.275,2.037,0.793
2002-10-01,4.188,4.138,2.092,3.311,2.096,0.827
2002-10-02,4.168,4.145,2.093,3.314,2.074,0.831
2002-10-03,4.169,4.15,2.081,3.316,2.088,0.834
2002-10-04,4.148,4.145,2.087,3.318,2.061,0.827
2002-10-07,4.105,4.109,2.067,3.305,2.038,0.803
2002-10-08,4.114,4.111,2.089,3.308,2.025,0.804
2002-10-09,4.063,4.066,2.061,3.283,2.002,0.783
2002-10-10,4.127,4.1,2.067,3.3,2.059,0.8
2002-10-11,4.281,4.224,2.125,3.36,2.157,0.865
2002-10-15,4.507,4.442,2.262,3.471,2.245,0.972
2002-10-16,4.513,4.481,2.244,3.488,2.268,0.994
2002-10-17,4.616,4.57,2.273,3.53,2.344,1.04
2002-10-18,4.589,4.572,2.258,3.53,2.331,1.042
2002-10-21,4.668,4.653,2.344,3.571,2.325,1.082
2002-10-22,4.708,4.689,2.326,3.587,2.382,1.102
2002-10-23,4.684,4.68,2.322,3.58,2.362,1.1
2002-10-24,4.603,4.609,2.261,3.543,2.341,1.067
2002-10-25,4.555,4.55,2.206,3.513,2.349,1.037
2002-10-28,4.541,4.511,2.123,3.491,2.418,1.019
2002-10-29,4.414,4.411,2.05,3.437,2.364,0.974
2002-10-30,4.433,4.403,2.025,3.432,2.408,0.97
2002-10-31,4.377,4.364,1.986,3.41,2.391,0.954
2002-11-01,4.444,4.427,2.055,3.438,2.389,0.99
2002-11-04,4.497,4.487,2.081,3.464,2.416,1.024
2002-11-05,4.529,4.52,2.072,3.477,2.457,1.044
2002-11-06,4.499,4.523,2.113,3.458,2.386,1.066
2002-11-07,4.293,4.396,2.121,3.383,2.172,1.013
2002-11-08,4.254,4.339,2.158,3.347,2.096,0.993
2002-11-12,4.252,4.297,2.112,3.321,2.14,0.976
2002-11-13,4.233,4.267,2.103,3.302,2.13,0.966
2002-11-14,4.423,4.399,2.171,3.363,2.252,1.036
2002-11-15,4.449,4.447,2.186,3.382,2.263,1.065
2002-11-18,4.415,4.434,2.19,3.373,2.224,1.061
2002-11-19,4.376,4.406,2.204,3.356,2.172,1.05
2002-11-20,4.491,4.483,2.248,3.391,2.243,1.093
2002-11-21,4.562,4.549,2.27,3.419,2.292,1.131
2002-11-22,4.599,4.6,2.305,3.44,2.294,1.16
2002-11-25,4.605,4.611,2.3,3.444,2.306,1.167
2002-11-26,4.489,4.521,2.25,3.398,2.239,1.123
2002-11-27,4.725,4.667,2.282,3.47,2.442,1.198
2002-11-29,4.659,4.656,2.284,3.462,2.375,1.194
2002-12-02,4.657,4.668,2.331,3.469,2.327,1.2
2002-12-03,4.671,4.684,2.341,3.476,2.33,1.208
2002-12-04,4.614,4.641,2.296,3.455,2.318,1.185
2002-12-05,4.557,4.588,2.273,3.431,2.284,1.158
2002-12-06,4.533,4.545,2.208,3.411,2.324,1.134
2002-12-09,4.486,4.505,2.189,3.397,2.297,1.108
2002-12-10,4.47,4.489,2.203,3.391,2.267,1.098
2002-12-11,4.415,4.442,2.182,3.369,2.233,1.073
2002-12-12,4.418,4.434,2.186,3.366,2.232,1.067
2002-12-13,4.483,4.473,2.181,3.386,2.302,1.086
2002-12-16,4.559,4.539,2.195,3.42,2.364,1.118
2002-12-17,4.544,4.535,2.16,3.418,2.385,1.117
2002-12-18,4.482,4.481,2.107,3.393,2.375,1.088
2002-12-19,4.378,4.387,2.046,3.35,2.331,1.037
2002-12-20,4.38,4.379,2.068,3.349,2.312,1.03
2002-12-23,4.394,4.391,2.083,3.356,2.311,1.035
2002-12-24,4.36,4.369,2.08,3.346,2.28,1.022
2002-12-26,4.329,4.341,2.066,3.334,2.263,1.007
2002-12-27,4.232,4.259,2.016,3.294,2.216,0.965
2002-12-30,4.216,4.229,1.992,3.285,2.224,0.943
2002-12-31,4.232,4.232,1.993,3.291,2.239,0.942
2003-01-02,4.476,4.427,2.105,3.385,2.371,1.042
2003-01-03,4.452,4.456,2.105,3.397,2.347,1.059
2003-01-06,4.491,4.498,2.14,3.415,2.351,1.083
2003-01-07,4.451,4.47,2.108,3.398,2.343,1.072
2003-01-08,4.404,4.436,2.112,3.38,2.292,1.056
2003-01-09,4.597,4.586,2.213,3.451,2.384,1.135
2003-01-10,4.575,4.597,2.193,3.454,2.383,1.143
2003-01-13,4.561,4.592,2.171,3.453,2.39,1.139
2003-01-14,4.51,4.547,2.133,3.431,2.377,1.116
2003-01-15,4.492,4.531,2.149,3.424,2.343,1.107
2003-01-16,4.491,4.529,2.156,3.422,2.335,1.108
2003-01-17,4.43,4.485,2.146,3.4,2.284,1.085
2003-01-21,4.395,4.44,2.101,3.38,2.294,1.061
2003-01-22,4.332,4.382,2.074,3.351,2.258,1.031
2003-01-23,4.366,4.391,2.084,3.355,2.281,1.035
2003-01-24,4.313,4.354,2.078,3.337,2.235,1.018
2003-01-27,4.362,4.382,2.096,3.35,2.266,1.032
2003-01-28,4.373,4.398,2.112,3.358,2.261,1.04
2003-01-29,4.437,4.453,2.141,3.383,2.296,1.07
2003-01-30,4.387,4.428,2.13,3.37,2.257,1.058
2003-01-31,4.361,4.412,2.153,3.362,2.208,1.051
2003-02-03,4.377,4.423,2.179,3.367,2.198,1.056
2003-02-04,4.327,4.384,2.162,3.346,2.165,1.038
2003-02-05,4.406,4.436,2.191,3.372,2.215,1.065
2003-02-06,4.347,4.403,2.17,3.355,2.177,1.048
2003-02-07,4.323,4.374,2.151,3.341,2.172,1.033
2003-02-10,4.373,4.407,2.164,3.359,2.209,1.049
2003-02-11,4.359,4.402,2.151,3.357,2.208,1.046
2003-02-12,4.31,4.356,2.101,3.337,2.209,1.02
2003-02-13,4.254,4.298,2.061,3.311,2.193,0.988
2003-02-14,4.328,4.34,2.067,3.333,2.261,1.007
2003-02-18,4.309,4.344,2.089,3.336,2.219,1.008
2003-02-19,4.245,4.295,2.072,3.313,2.173,0.983
2003-02-20,4.21,4.251,2.046,3.293,2.164,0.958
2003-02-21,4.261,4.276,2.055,3.306,2.206,0.97
2003-02-24,4.222,4.249,2.036,3.295,2.186,0.954
2003-02-25,4.169,4.204,2.026,3.274,2.143,0.93
2003-02-26,4.131,4.17,2.029,3.259,2.102,0.911
2003-02-27,4.115,4.15,2.032,3.25,2.083,0.9
2003-02-28,4.063,4.102,2.007,3.227,2.056,0.875
2003-03-03,4.037,4.067,1.987,3.212,2.05,0.855
2003-03-04,4.013,4.035,1.966,3.197,2.047,0.838
2003-03-05,3.986,4.002,1.946,3.18,2.04,0.822
2003-03-06,4.026,4.026,1.958,3.192,2.068,0.834
2003-03-07,3.982,3.993,1.926,3.17,2.056,0.823
2003-03-10,3.939,3.95,1.881,3.143,2.058,0.807
2003-03-11,3.947,3.961,1.908,3.147,2.04,0.814
2003-03-12,3.944,3.976,1.957,3.153,1.987,0.823
2003-03-13,4.095,4.102,2.053,3.213,2.042,0.889
2003-03-14,4.07,4.102,2.044,3.21,2.026,0.892
2003-03-17,4.173,4.176,2.071,3.245,2.102,0.931
2003-03-18,4.261,4.264,2.128,3.286,2.133,0.979
2003-03-19,4.327,4.33,2.147,3.315,2.18,1.015
2003-03-20,4.366,4.377,2.159,3.337,2.207,1.04
2003-03-21,4.468,4.468,2.197,3.38,2.271,1.088
2003-03-24,4.347,4.393,2.144,3.344,2.203,1.049
2003-03-25,4.341,4.375,2.133,3.337,2.208,1.038
2003-03-26,4.332,4.359,2.116,3.331,2.216,1.028
2003-03-27,4.32,4.34,2.088,3.322,2.232,1.018
2003-03-28,4.29,4.308,2.044,3.307,2.245,1.001
2003-03-31,4.197,4.237,2.006,3.274,2.191,0.963
2003-04-01,4.204,4.222,1.991,3.267,2.212,0.955
2003-04-02,4.308,4.308,2.054,3.309,2.254,0.999
2003-04-03,4.298,4.316,2.035,3.31,2.263,1.005
2003-04-04,4.325,4.339,2.035,3.321,2.29,1.018
2003-04-07,4.384,4.411,2.111,3.36,2.273,1.051
2003-04-08,4.301,4.357,2.074,3.334,2.227,1.022
2003-04-09,4.276,4.321,2.052,3.316,2.224,1.004
2003-04-10,4.292,4.328,2.054,3.322,2.239,1.007
2003-04-11,4.334,4.366,2.093,3.343,2.241,1.024
2003-04-14,4.37,4.408,2.138,3.365,2.232,1.043
2003-04-15,4.306,4.366,2.124,3.344,2.183,1.022
2003-04-16,4.289,4.343,2.129,3.331,2.16,1.012
2003-04-17,4.305,4.356,2.165,3.336,2.14,1.02
2003-04-21,4.326,4.372,2.182,3.343,2.144,1.029
2003-04-22,4.339,4.376,2.164,3.344,2.175,1.032
2003-04-23,4.341,4.38,2.17,3.344,2.171,1.035
2003-04-24,4.248,4.306,2.133,3.307,2.114,0.999
2003-04-25,4.236,4.27,2.085,3.289,2.151,0.981
2003-04-28,4.24,4.274,2.1,3.292,2.14,0.982
2003-04-29,4.274,4.303,2.123,3.307,2.151,0.996
2003-04-30,4.211,4.247,2.061,3.279,2.15,0.968
2003-05-01,4.199,4.225,2.036,3.267,2.164,0.958
2003-05-02,4.26,4.274,2.067,3.293,2.193,0.981
2003-05-05,4.227,4.262,2.067,3.289,2.159,0.973
2003-05-06,4.148,4.185,1.989,3.251,2.159,0.934
2003-05-07,4.019,4.086,1.969,3.205,2.05,0.881
2003-05-08,4.012,4.046,1.942,3.187,2.07,0.859
2003-05-09,3.988,4.018,1.953,3.174,2.035,0.844
2003-05-12,3.931,3.972,1.968,3.152,1.963,0.821
2003-05-13,3.922,3.951,1.958,3.14,1.964,0.811
2003-05-14,3.818,3.86,1.921,3.093,1.897,0.768
2003-05-15,3.82,3.855,1.972,3.087,1.848,0.768
2003-05-16,3.768,3.793,1.915,3.054,1.852,0.74
2003-05-19,3.751,3.762,1.89,3.037,1.861,0.725
2003-05-20,3.668,3.695,1.878,3.004,1.791,0.691
2003-05-21,3.668,3.694,1.93,3.005,1.738,0.689
2003-05-22,3.62,3.653,1.925,2.986,1.695,0.667
2003-05-23,3.619,3.642,1.939,2.981,1.681,0.661
2003-05-27,3.712,3.678,1.883,3,1.83,0.678
2003-05-28,3.732,3.695,1.853,3.012,1.879,0.683
2003-05-29,3.634,3.631,1.83,2.982,1.804,0.649
2003-05-30,3.658,3.638,1.839,2.987,1.819,0.651
2003-06-02,3.726,3.685,1.852,3.014,1.874,0.671
2003-06-03,3.632,3.614,1.781,2.976,1.851,0.637
2003-06-04,3.586,3.568,1.759,2.953,1.827,0.616
2003-06-05,3.633,3.605,1.798,2.968,1.835,0.636
2003-06-06,3.665,3.639,1.816,2.984,1.848,0.655
2003-06-09,3.583,3.58,1.772,2.953,1.811,0.627
2003-06-10,3.487,3.496,1.734,2.907,1.753,0.589
2003-06-11,3.5,3.495,1.76,2.902,1.74,0.593
2003-06-12,3.464,3.459,1.728,2.879,1.736,0.58
2003-06-13,3.401,3.41,1.722,2.847,1.679,0.562
2003-06-16,3.463,3.454,1.771,2.865,1.692,0.59
2003-06-17,3.551,3.536,1.845,2.902,1.705,0.634
2003-06-18,3.655,3.623,1.861,2.939,1.794,0.683
2003-06-19,3.65,3.617,1.775,2.927,1.875,0.69
2003-06-20,3.698,3.662,1.791,2.947,1.907,0.715
2003-06-23,3.617,3.615,1.759,2.926,1.858,0.689
2003-06-24,3.579,3.576,1.748,2.907,1.832,0.669
2003-06-25,3.672,3.656,1.832,2.954,1.84,0.702
2003-06-26,3.813,3.783,1.928,3.016,1.885,0.767
2003-06-27,3.875,3.833,1.88,3.036,1.994,0.797
2003-06-30,3.827,3.81,1.863,3.027,1.964,0.784
2003-07-01,3.854,3.821,1.846,3.032,2.008,0.789
2003-07-02,3.855,3.823,1.83,3.032,2.025,0.79
2003-07-03,3.97,3.904,1.843,3.072,2.127,0.832
2003-07-07,4.039,3.983,1.873,3.113,2.166,0.87
2003-07-08,4.051,4.022,1.894,3.133,2.157,0.889
2003-07-09,4.025,4.014,1.881,3.128,2.144,0.886
2003-07-10,4.005,3.991,1.847,3.117,2.158,0.874
2003-07-11,3.968,3.953,1.808,3.1,2.16,0.853
2003-07-14,4.043,4.005,1.829,3.128,2.214,0.877
2003-07-15,4.244,4.175,1.925,3.211,2.319,0.964
2003-07-16,4.272,4.248,1.965,3.243,2.307,1.004
2003-07-17,4.287,4.278,1.967,3.255,2.32,1.023
2003-07-18,4.312,4.314,1.993,3.271,2.319,1.043
2003-07-21,4.401,4.394,2.032,3.31,2.369,1.083
2003-07-22,4.482,4.469,2.043,3.345,2.438,1.123
2003-07-23,4.438,4.455,2.014,3.339,2.424,1.116
2003-07-24,4.528,4.508,1.99,3.366,2.538,1.142
2003-07-25,4.559,4.547,1.995,3.387,2.563,1.161
2003-07-28,4.647,4.638,2.055,3.434,2.593,1.204
2003-07-29,4.758,4.749,2.103,3.489,2.655,1.26
2003-07-30,4.707,4.737,2.07,3.484,2.637,1.253
2003-07-31,4.859,4.842,2.062,3.534,2.797,1.307
2003-08-01,4.855,4.874,2.1,3.548,2.755,1.326
2003-08-04,4.772,4.798,2.02,3.512,2.752,1.286
2003-08-05,4.873,4.877,2.1,3.549,2.773,1.328
2003-08-06,4.694,4.768,2.096,3.494,2.597,1.275
2003-08-07,4.625,4.692,2.087,3.456,2.538,1.236
2003-08-08,4.618,4.657,2.061,3.439,2.557,1.218
2003-08-11,4.723,4.721,2.082,3.471,2.641,1.25
2003-08-12,4.722,4.722,2.056,3.47,2.666,1.252
2003-08-13,4.939,4.886,2.107,3.549,2.832,1.337
2003-08-14,4.92,4.916,2.099,3.562,2.821,1.354
2003-08-15,4.918,4.927,2.113,3.564,2.805,1.363
2003-08-18,4.85,4.89,2.106,3.547,2.745,1.343
2003-08-19,4.734,4.797,2.097,3.503,2.637,1.294
2003-08-20,4.807,4.829,2.126,3.518,2.682,1.311
2003-08-21,4.885,4.919,2.233,3.56,2.652,1.359
2003-08-22,4.831,4.894,2.222,3.545,2.608,1.349
2003-08-25,4.881,4.925,2.249,3.56,2.632,1.365
2003-08-26,4.853,4.904,2.25,3.549,2.603,1.356
2003-08-27,4.89,4.937,2.285,3.562,2.605,1.374
2003-08-28,4.765,4.841,2.231,3.515,2.534,1.326
2003-08-29,4.796,4.849,2.264,3.518,2.533,1.331
2003-09-02,4.961,4.973,2.325,3.576,2.637,1.397
2003-09-03,4.959,4.995,2.306,3.584,2.653,1.411
2003-09-04,4.866,4.922,2.234,3.549,2.632,1.373
2003-09-05,4.697,4.761,2.11,3.475,2.587,1.286
2003-09-08,4.743,4.768,2.13,3.484,2.613,1.284
2003-09-09,4.71,4.743,2.104,3.476,2.606,1.267
2003-09-10,4.606,4.66,2.053,3.439,2.553,1.221
2003-09-11,4.67,4.694,2.08,3.458,2.59,1.236
2003-09-12,4.608,4.648,2.041,3.438,2.567,1.21
2003-09-15,4.612,4.633,2.015,3.433,2.596,1.2
2003-09-16,4.63,4.635,1.984,3.435,2.645,1.2
2003-09-17,4.516,4.569,1.996,3.405,2.52,1.164
2003-09-18,4.512,4.561,2.031,3.401,2.481,1.159
2003-09-19,4.497,4.554,2.071,3.396,2.426,1.158
2003-09-22,4.585,4.6,2.071,3.418,2.514,1.182
2003-09-23,4.552,4.586,2.066,3.409,2.485,1.177
2003-09-24,4.471,4.528,2.059,3.38,2.412,1.148
2003-09-25,4.431,4.484,2.053,3.358,2.378,1.126
2003-09-26,4.342,4.402,2.016,3.319,2.326,1.083
2003-09-29,4.395,4.415,2.018,3.328,2.376,1.087
2003-09-30,4.264,4.31,1.955,3.278,2.309,1.032
2003-10-01,4.267,4.286,1.942,3.268,2.325,1.017
2003-10-02,4.345,4.336,1.957,3.293,2.388,1.043
2003-10-03,4.535,4.508,2.054,3.375,2.481,1.133
2003-10-06,4.489,4.507,2.023,3.371,2.466,1.137
2003-10-07,4.592,4.587,2.051,3.407,2.541,1.18
2003-10-08,4.593,4.601,2.024,3.412,2.569,1.188
2003-10-09,4.645,4.644,2.029,3.432,2.617,1.213
2003-10-10,4.597,4.628,2.042,3.423,2.555,1.204
2003-10-14,4.7,4.694,2.045,3.456,2.655,1.238
2003-10-15,4.745,4.753,2.083,3.483,2.662,1.27
2003-10-16,4.795,4.83,2.175,3.516,2.62,1.314
2003-10-17,4.725,4.786,2.165,3.49,2.559,1.295
2003-10-20,4.714,4.765,2.172,3.479,2.543,1.285
2003-10-21,4.69,4.737,2.165,3.464,2.525,1.273
2003-10-22,4.59,4.65,2.132,3.423,2.457,1.228
2003-10-23,4.648,4.664,2.126,3.43,2.522,1.234
2003-10-24,4.532,4.579,2.096,3.39,2.436,1.189
2003-10-27,4.591,4.61,2.138,3.408,2.453,1.202
2003-10-28,4.517,4.547,2.079,3.377,2.438,1.17
2003-10-29,4.603,4.602,2.117,3.405,2.486,1.198
2003-10-30,4.659,4.669,2.174,3.436,2.485,1.234
2003-10-31,4.623,4.66,2.17,3.429,2.453,1.23
2003-11-03,4.691,4.711,2.207,3.452,2.484,1.258
2003-11-04,4.623,4.672,2.193,3.431,2.43,1.241
2003-11-05,4.669,4.705,2.231,3.446,2.438,1.259
2003-11-06,4.748,4.771,2.267,3.476,2.481,1.296
2003-11-07,4.772,4.808,2.301,3.49,2.471,1.318
2003-11-10,4.785,4.824,2.312,3.495,2.473,1.329
2003-11-12,4.735,4.785,2.287,3.473,2.447,1.312
2003-11-13,4.595,4.658,2.212,3.41,2.383,1.248
2003-11-14,4.513,4.563,2.17,3.367,2.343,1.196
2003-11-17,4.477,4.508,2.135,3.344,2.343,1.164
2003-11-18,4.452,4.484,2.145,3.336,2.307,1.149
2003-11-19,4.521,4.536,2.19,3.36,2.33,1.176
2003-11-20,4.449,4.487,2.158,3.334,2.291,1.152
2003-11-21,4.436,4.472,2.179,3.326,2.257,1.146
2003-11-24,4.517,4.532,2.218,3.356,2.298,1.176
2003-11-25,4.477,4.51,2.208,3.343,2.268,1.167
2003-11-26,4.541,4.559,2.245,3.365,2.296,1.194
2003-11-28,4.63,4.641,2.298,3.4,2.333,1.24
2003-12-01,4.701,4.714,2.35,3.433,2.351,1.282
2003-12-02,4.684,4.709,2.326,3.426,2.357,1.283
2003-12-03,4.711,4.729,2.335,3.433,2.376,1.296
2003-12-04,4.674,4.704,2.319,3.419,2.355,1.285
2003-12-05,4.511,4.566,2.238,3.352,2.272,1.214
2003-12-08,4.571,4.583,2.249,3.364,2.322,1.22
2003-12-09,4.607,4.617,2.267,3.382,2.339,1.236
2003-12-10,4.585,4.605,2.246,3.377,2.339,1.229
2003-12-11,4.538,4.556,2.184,3.352,2.354,1.204
2003-12-12,4.533,4.553,2.201,3.352,2.331,1.201
2003-12-15,4.56,4.576,2.214,3.365,2.346,1.212
2003-12-16,4.519,4.546,2.183,3.351,2.337,1.195
2003-12-17,4.467,4.511,2.194,3.334,2.273,1.177
2003-12-18,4.42,4.479,2.221,3.317,2.199,1.162
2003-12-19,4.422,4.465,2.209,3.308,2.213,1.157
2003-12-22,4.447,4.479,2.212,3.317,2.235,1.162
2003-12-23,4.544,4.56,2.27,3.355,2.274,1.205
2003-12-24,4.463,4.506,2.221,3.328,2.242,1.178
2003-12-26,4.428,4.468,2.2,3.309,2.228,1.159
2003-12-29,4.518,4.518,2.199,3.337,2.318,1.181
2003-12-30,4.557,4.56,2.207,3.361,2.35,1.199
2003-12-31,4.538,4.559,2.194,3.363,2.343,1.196
2004-01-02,4.654,4.653,2.244,3.408,2.409,1.245
2004-01-05,4.682,4.696,2.252,3.428,2.43,1.268
2004-01-06,4.56,4.611,2.204,3.387,2.356,1.224
2004-01-07,4.525,4.573,2.206,3.37,2.319,1.204
2004-01-08,4.532,4.567,2.195,3.365,2.337,1.202
2004-01-09,4.374,4.429,2.094,3.298,2.28,1.131
2004-01-12,4.367,4.398,2.095,3.287,2.272,1.111
2004-01-13,4.312,4.346,2.057,3.264,2.255,1.081
2004-01-14,4.269,4.313,2.07,3.25,2.199,1.063
2004-01-15,4.244,4.298,2.112,3.242,2.132,1.056
2004-01-16,4.298,4.332,2.149,3.258,2.149,1.074
2004-01-20,4.33,4.357,2.146,3.269,2.184,1.087
2004-01-21,4.31,4.346,2.13,3.262,2.18,1.083
2004-01-22,4.251,4.295,2.105,3.237,2.146,1.058
2004-01-23,4.354,4.363,2.144,3.27,2.209,1.093
2004-01-26,4.419,4.428,2.167,3.302,2.252,1.126
2004-01-27,4.374,4.403,2.133,3.291,2.241,1.113
2004-01-28,4.477,4.498,2.228,3.338,2.249,1.16
2004-01-29,4.482,4.519,2.229,3.347,2.253,1.172
2004-01-30,4.428,4.482,2.22,3.327,2.207,1.155
2004-02-02,4.446,4.484,2.225,3.329,2.221,1.155
2004-02-03,4.401,4.443,2.191,3.309,2.21,1.134
2004-02-04,4.415,4.45,2.211,3.313,2.205,1.137
2004-02-05,4.447,4.486,2.252,3.33,2.195,1.156
2004-02-06,4.377,4.431,2.204,3.302,2.172,1.128
2004-02-09,4.357,4.398,2.177,3.289,2.18,1.109
2004-02-10,4.391,4.423,2.209,3.302,2.182,1.121
2004-02-11,4.311,4.356,2.151,3.269,2.159,1.087
2004-02-12,4.351,4.368,2.144,3.276,2.207,1.093
2004-02-13,4.307,4.337,2.121,3.26,2.186,1.077
2004-02-17,4.304,4.333,2.127,3.261,2.177,1.072
2004-02-18,4.317,4.343,2.133,3.267,2.184,1.076
2004-02-19,4.31,4.337,2.13,3.265,2.18,1.073
2004-02-20,4.366,4.384,2.161,3.288,2.205,1.097
2004-02-23,4.32,4.355,2.13,3.276,2.19,1.079
2004-02-24,4.3,4.338,2.135,3.27,2.166,1.068
2004-02-25,4.286,4.318,2.114,3.262,2.172,1.056
2004-02-26,4.315,4.337,2.121,3.272,2.194,1.065
2004-02-27,4.256,4.312,2.165,3.26,2.091,1.052
2004-03-01,4.264,4.304,2.124,3.258,2.14,1.046
2004-03-02,4.317,4.344,2.153,3.278,2.164,1.066
2004-03-03,4.334,4.364,2.155,3.286,2.179,1.078
2004-03-04,4.299,4.341,2.147,3.274,2.152,1.067
2004-03-05,4.102,4.181,2.069,3.196,2.033,0.985
2004-03-08,4.042,4.093,2.023,3.158,2.019,0.935
2004-03-09,3.988,4.031,2.002,3.131,1.986,0.9
2004-03-10,3.995,4.022,2.01,3.128,1.985,0.894
2004-03-11,4.019,4.035,2.018,3.135,2,0.899
2004-03-12,4.03,4.046,2.028,3.141,2.003,0.905
2004-03-15,4.03,4.051,2.039,3.144,1.991,0.907
2004-03-16,3.953,3.989,2,3.114,1.953,0.875
2004-03-17,3.956,3.978,2.012,3.107,1.944,0.871
2004-03-18,4.008,4.018,2.047,3.123,1.961,0.894
2004-03-19,4.044,4.052,2.058,3.138,1.986,0.914
2004-03-22,3.981,4.011,2.028,3.12,1.953,0.891
2004-03-23,3.971,3.996,2.03,3.113,1.94,0.883
2004-03-24,3.971,3.99,2.025,3.109,1.946,0.881
2004-03-25,4.002,4.006,2.02,3.116,1.982,0.89
2004-03-26,4.109,4.095,2.056,3.159,2.053,0.936
2004-03-29,4.164,4.157,2.071,3.19,2.093,0.967
2004-03-30,4.171,4.178,2.071,3.2,2.1,0.979
2004-03-31,4.118,4.137,2.031,3.18,2.087,0.958
2004-04-01,4.168,4.172,2.063,3.195,2.105,0.977
2004-04-02,4.416,4.384,2.207,3.294,2.21,1.09
2004-04-05,4.506,4.495,2.234,3.343,2.272,1.152
2004-04-06,4.456,4.477,2.201,3.329,2.255,1.149
2004-04-07,4.463,4.476,2.188,3.327,2.275,1.149
2004-04-08,4.486,4.5,2.222,3.336,2.265,1.165
2004-04-12,4.526,4.537,2.238,3.353,2.289,1.184
2004-04-13,4.635,4.631,2.286,3.397,2.348,1.233
2004-04-14,4.685,4.698,2.328,3.43,2.357,1.268
2004-04-15,4.703,4.72,2.337,3.437,2.366,1.282
2004-04-16,4.659,4.684,2.298,3.416,2.361,1.268
2004-04-19,4.68,4.701,2.327,3.425,2.354,1.276
2004-04-20,4.714,4.732,2.347,3.441,2.367,1.29
2004-04-21,4.734,4.774,2.424,3.463,2.31,1.312
2004-04-22,4.677,4.727,2.395,3.436,2.282,1.291
2004-04-23,4.762,4.792,2.47,3.467,2.292,1.325
2004-04-26,4.747,4.788,2.473,3.463,2.274,1.325
2004-04-27,4.718,4.751,2.44,3.443,2.279,1.309
2004-04-28,4.781,4.798,2.488,3.462,2.292,1.336
2004-04-29,4.842,4.851,2.507,3.483,2.334,1.368
2004-04-30,4.808,4.837,2.503,3.474,2.305,1.363
2004-05-03,4.81,4.835,2.508,3.475,2.302,1.36
2004-05-04,4.85,4.856,2.503,3.485,2.347,1.371
2004-05-05,4.887,4.894,2.528,3.501,2.359,1.393
2004-05-06,4.915,4.922,2.525,3.515,2.39,1.407
2004-05-07,5.083,5.088,2.692,3.601,2.391,1.487
2004-05-10,5.096,5.114,2.673,3.616,2.423,1.498
2004-05-11,5.08,5.104,2.667,3.609,2.413,1.495
2004-05-12,5.111,5.117,2.655,3.612,2.456,1.505
2004-05-13,5.154,5.154,2.674,3.625,2.481,1.529
2004-05-14,5.086,5.103,2.634,3.598,2.453,1.505
2004-05-17,4.994,5.02,2.595,3.563,2.399,1.457
2004-05-18,5.026,5.035,2.633,3.573,2.393,1.461
2004-05-19,5.08,5.077,2.65,3.594,2.43,1.483
2004-05-20,5.016,5.034,2.626,3.572,2.39,1.462
2004-05-21,5.05,5.058,2.669,3.583,2.381,1.475
2004-05-24,5.036,5.051,2.666,3.583,2.37,1.468
2004-05-25,5.017,5.035,2.671,3.577,2.346,1.458
2004-05-26,4.961,4.979,2.625,3.551,2.336,1.428
2004-05-27,4.89,4.91,2.591,3.518,2.299,1.391
2004-05-28,4.945,4.945,2.635,3.538,2.311,1.407
2004-06-01,5.002,4.991,2.644,3.567,2.358,1.424
2004-06-02,5.026,5.025,2.685,3.587,2.341,1.438
2004-06-03,5.002,5.013,2.681,3.582,2.321,1.431
2004-06-04,5.068,5.066,2.729,3.611,2.338,1.455
2004-06-07,5.059,5.064,2.718,3.615,2.34,1.449
2004-06-08,5.057,5.066,2.729,3.621,2.329,1.445
2004-06-09,5.097,5.098,2.753,3.64,2.344,1.458
2004-06-10,5.077,5.092,2.775,3.641,2.302,1.451
2004-06-14,5.153,5.157,2.852,3.685,2.301,1.472
2004-06-15,4.953,5.001,2.775,3.607,2.177,1.394
2004-06-16,5.002,5.004,2.806,3.606,2.195,1.398
2004-06-17,4.965,4.974,2.798,3.587,2.167,1.387
2004-06-18,4.982,4.976,2.8,3.586,2.182,1.39
2004-06-21,4.965,4.958,2.783,3.581,2.182,1.377
2004-06-22,4.979,4.962,2.785,3.584,2.195,1.378
2004-06-23,4.964,4.95,2.777,3.576,2.186,1.374
2004-06-24,4.913,4.908,2.753,3.555,2.16,1.353
2004-06-25,4.919,4.9,2.75,3.553,2.169,1.348
2004-06-28,5.014,4.982,2.818,3.6,2.196,1.382
2004-06-29,4.964,4.955,2.799,3.589,2.165,1.366
2004-06-30,4.877,4.87,2.737,3.545,2.14,1.325
2004-07-01,4.833,4.814,2.689,3.511,2.144,1.303
2004-07-02,4.733,4.725,2.633,3.469,2.101,1.256
2004-07-06,4.748,4.725,2.654,3.478,2.095,1.248
2004-07-07,4.749,4.726,2.654,3.479,2.095,1.247
2004-07-08,4.739,4.717,2.637,3.473,2.102,1.244
2004-07-09,4.737,4.715,2.634,3.472,2.103,1.243
2004-07-12,4.716,4.702,2.629,3.472,2.086,1.23
2004-07-13,4.748,4.725,2.65,3.487,2.098,1.238
2004-07-14,4.752,4.737,2.667,3.494,2.085,1.243
2004-07-15,4.748,4.742,2.684,3.496,2.064,1.247
2004-07-16,4.635,4.648,2.621,3.45,2.014,1.198
2004-07-19,4.63,4.631,2.647,3.444,1.983,1.186
2004-07-20,4.721,4.701,2.708,3.479,2.014,1.222
2004-07-21,4.749,4.738,2.733,3.495,2.016,1.243
2004-07-22,4.732,4.726,2.73,3.487,2.002,1.239
2004-07-23,4.703,4.703,2.735,3.475,1.968,1.228
2004-07-26,4.741,4.73,2.763,3.495,1.978,1.235
2004-07-27,4.87,4.826,2.802,3.544,2.068,1.282
2004-07-28,4.861,4.832,2.773,3.547,2.088,1.285
2004-07-29,4.849,4.825,2.768,3.543,2.081,1.282
2004-07-30,4.747,4.752,2.737,3.508,2.009,1.244
2004-08-02,4.724,4.718,2.722,3.499,2.003,1.219
2004-08-03,4.693,4.691,2.722,3.489,1.971,1.202
2004-08-04,4.695,4.685,2.718,3.488,1.977,1.198
2004-08-05,4.667,4.665,2.712,3.478,1.955,1.187
2004-08-06,4.49,4.499,2.567,3.396,1.923,1.103
2004-08-09,4.518,4.5,2.605,3.405,1.913,1.095
2004-08-10,4.558,4.548,2.668,3.433,1.889,1.115
2004-08-11,4.548,4.541,2.646,3.427,1.902,1.114
2004-08-12,4.522,4.518,2.625,3.414,1.898,1.104
2004-08-13,4.479,4.479,2.607,3.394,1.872,1.085
2004-08-16,4.521,4.499,2.61,3.41,1.91,1.089
2004-08-17,4.469,4.461,2.582,3.394,1.887,1.066
2004-08-18,4.487,4.47,2.6,3.4,1.887,1.069
2004-08-19,4.483,4.462,2.564,3.398,1.919,1.065
2004-08-20,4.495,4.482,2.602,3.409,1.893,1.073
2004-08-23,4.541,4.521,2.617,3.433,1.924,1.087
2004-08-24,4.544,4.529,2.619,3.44,1.925,1.088
2004-08-25,4.52,4.52,2.632,3.437,1.888,1.083
2004-08-26,4.486,4.485,2.618,3.42,1.868,1.064
2004-08-27,4.486,4.481,2.631,3.42,1.855,1.061
2004-08-30,4.45,4.452,2.611,3.412,1.839,1.04
2004-08-31,4.382,4.39,2.57,3.383,1.811,1.006
2004-09-01,4.378,4.371,2.561,3.375,1.816,0.996
2004-09-02,4.447,4.422,2.597,3.402,1.851,1.02
2004-09-03,4.536,4.519,2.69,3.453,1.846,1.066
2004-09-07,4.489,4.499,2.673,3.446,1.817,1.052
2004-09-08,4.415,4.426,2.627,3.412,1.788,1.014
2004-09-09,4.447,4.428,2.626,3.413,1.821,1.015
2004-09-10,4.424,4.415,2.629,3.408,1.795,1.007
2004-09-13,4.388,4.39,2.634,3.398,1.755,0.993
2004-09-14,4.376,4.368,2.615,3.387,1.761,0.981
2004-09-15,4.406,4.389,2.636,3.398,1.77,0.991
2004-09-16,4.313,4.319,2.595,3.365,1.718,0.954
2004-09-17,4.358,4.35,2.646,3.384,1.712,0.966
2004-09-20,4.299,4.3,2.599,3.364,1.7,0.936
2004-09-21,4.263,4.278,2.645,3.355,1.618,0.922
2004-09-22,4.208,4.234,2.655,3.334,1.552,0.9
2004-09-23,4.235,4.245,2.704,3.339,1.531,0.906
2004-09-24,4.246,4.259,2.734,3.346,1.512,0.913
2004-09-27,4.208,4.222,2.712,3.329,1.496,0.894
2004-09-28,4.23,4.214,2.687,3.323,1.543,0.891
2004-09-29,4.31,4.276,2.724,3.351,1.586,0.925
2004-09-30,4.35,4.311,2.714,3.365,1.636,0.946
2004-10-01,4.424,4.369,2.721,3.391,1.703,0.978
2004-10-04,4.403,4.375,2.728,3.395,1.675,0.98
2004-10-05,4.404,4.376,2.726,3.395,1.678,0.981
2004-10-06,4.452,4.418,2.758,3.415,1.694,1.003
2004-10-07,4.486,4.449,2.765,3.428,1.72,1.021
2004-10-08,4.379,4.365,2.691,3.386,1.688,0.979
2004-10-12,4.344,4.321,2.677,3.368,1.667,0.953
2004-10-13,4.323,4.292,2.653,3.356,1.67,0.935
2004-10-14,4.263,4.243,2.627,3.337,1.636,0.906
2004-10-15,4.294,4.267,2.668,3.351,1.626,0.915
2004-10-18,4.293,4.273,2.673,3.361,1.619,0.912
2004-10-19,4.293,4.278,2.695,3.368,1.597,0.91
2004-10-20,4.226,4.228,2.675,3.346,1.551,0.882
2004-10-21,4.231,4.224,2.713,3.347,1.517,0.877
2004-10-22,4.218,4.208,2.697,3.341,1.521,0.867
2004-10-25,4.201,4.19,2.686,3.338,1.515,0.852
2004-10-26,4.217,4.197,2.691,3.346,1.525,0.851
2004-10-27,4.314,4.279,2.745,3.389,1.57,0.89
2004-10-28,4.306,4.281,2.716,3.39,1.59,0.891
2004-10-29,4.261,4.25,2.706,3.375,1.555,0.875
2004-11-01,4.319,4.292,2.737,3.405,1.583,0.887
2004-11-02,4.308,4.287,2.723,3.405,1.585,0.882
2004-11-03,4.3,4.28,2.719,3.403,1.581,0.878
2004-11-04,4.297,4.29,2.758,3.409,1.539,0.881
2004-11-05,4.409,4.387,2.826,3.46,1.583,0.927
2004-11-08,4.432,4.412,2.817,3.477,1.615,0.935
2004-11-09,4.429,4.412,2.816,3.478,1.613,0.934
2004-11-10,4.46,4.43,2.816,3.487,1.644,0.943
2004-11-12,4.402,4.41,2.863,3.477,1.539,0.933
2004-11-15,4.395,4.4,2.883,3.475,1.511,0.925
2004-11-16,4.407,4.415,2.981,3.483,1.426,0.931
2004-11-17,4.332,4.353,2.948,3.453,1.384,0.901
2004-11-18,4.301,4.315,2.899,3.434,1.402,0.881
2004-11-19,4.392,4.371,2.948,3.461,1.444,0.911
2004-11-22,4.356,4.361,2.969,3.46,1.387,0.901
2004-11-23,4.365,4.362,2.991,3.46,1.374,0.902
2004-11-24,4.368,4.369,3.016,3.461,1.353,0.908
2004-11-26,4.418,4.396,3.026,3.472,1.392,0.924
2004-11-29,4.515,4.469,3.044,3.51,1.471,0.959
2004-11-30,4.55,4.495,2.993,3.523,1.557,0.972
2004-12-01,4.564,4.514,2.995,3.531,1.569,0.983
2004-12-02,4.586,4.545,3.005,3.547,1.581,0.998
2004-12-03,4.459,4.453,2.941,3.502,1.518,0.95
2004-12-06,4.423,4.415,2.957,3.491,1.466,0.924
2004-12-07,4.413,4.405,2.97,3.489,1.444,0.916
2004-12-08,4.309,4.329,2.959,3.453,1.35,0.875
2004-12-09,4.343,4.329,2.951,3.454,1.392,0.874
2004-12-10,4.329,4.317,2.954,3.45,1.375,0.867
2004-12-13,4.32,4.312,2.97,3.45,1.35,0.862
2004-12-14,4.303,4.293,2.973,3.439,1.329,0.854
2004-12-15,4.242,4.244,2.974,3.413,1.268,0.831
2004-12-16,4.356,4.309,2.994,3.442,1.363,0.867
2004-12-17,4.38,4.339,2.996,3.454,1.383,0.885
2004-12-20,4.37,4.342,3.009,3.458,1.361,0.885
2004-12-21,4.343,4.321,3.008,3.447,1.335,0.874
2004-12-22,4.375,4.328,2.992,3.449,1.383,0.879
2004-12-23,4.392,4.336,2.987,3.451,1.405,0.885
2004-12-27,4.47,4.399,3.019,3.49,1.45,0.91
2004-12-28,4.471,4.416,3.023,3.5,1.448,0.916
2004-12-29,4.498,4.445,3.039,3.512,1.459,0.933
2004-12-30,4.44,4.41,3.025,3.493,1.415,0.917
2004-12-31,4.391,4.377,3.055,3.476,1.336,0.901
2005-01-03,4.387,4.371,3.078,3.481,1.309,0.89
2005-01-04,4.449,4.421,3.127,3.509,1.322,0.913
2005-01-05,4.435,4.423,3.149,3.509,1.287,0.914
2005-01-06,4.434,4.412,3.129,3.501,1.305,0.911
2005-01-07,4.437,4.42,3.166,3.504,1.272,0.917
2005-01-10,4.427,4.42,3.191,3.507,1.236,0.913
2005-01-11,4.388,4.393,3.203,3.494,1.184,0.899
2005-01-12,4.378,4.373,3.198,3.482,1.18,0.891
2005-01-13,4.328,4.33,3.184,3.461,1.144,0.869
2005-01-14,4.349,4.342,3.226,3.468,1.123,0.874
2005-01-18,4.322,4.332,3.262,3.465,1.06,0.866
2005-01-19,4.313,4.32,3.27,3.457,1.044,0.862
2005-01-20,4.3,4.29,3.219,3.44,1.081,0.849
2005-01-21,4.285,4.263,3.189,3.426,1.096,0.837
2005-01-24,4.257,4.25,3.205,3.423,1.052,0.827
2005-01-25,4.33,4.293,3.219,3.446,1.11,0.847
2005-01-26,4.327,4.308,3.241,3.454,1.086,0.853
2005-01-27,4.342,4.321,3.272,3.462,1.07,0.859
2005-01-28,4.271,4.274,3.259,3.441,1.012,0.834
2005-01-31,4.256,4.261,3.283,3.443,0.973,0.818
2005-02-01,4.264,4.257,3.288,3.444,0.975,0.813
2005-02-02,4.257,4.26,3.324,3.445,0.932,0.815
2005-02-03,4.277,4.278,3.348,3.451,0.929,0.827
2005-02-04,4.185,4.211,3.325,3.416,0.86,0.795
2005-02-07,4.156,4.181,3.35,3.404,0.806,0.777
2005-02-08,4.127,4.157,3.373,3.393,0.754,0.764
2005-02-09,4.088,4.095,3.297,3.363,0.791,0.733
2005-02-10,4.174,4.139,3.303,3.385,0.871,0.754
2005-02-11,4.205,4.178,3.324,3.406,0.881,0.772
2005-02-14,4.182,4.177,3.351,3.41,0.831,0.768
2005-02-15,4.202,4.186,3.357,3.416,0.845,0.77
2005-02-16,4.253,4.233,3.405,3.438,0.848,0.796
2005-02-17,4.289,4.257,3.372,3.447,0.917,0.809
2005-02-18,4.369,4.327,3.412,3.484,0.957,0.843
2005-02-22,4.393,4.36,3.418,3.507,0.974,0.853
2005-02-23,4.377,4.361,3.417,3.511,0.96,0.85
2005-02-24,4.39,4.379,3.461,3.522,0.928,0.858
2005-02-25,4.371,4.376,3.472,3.524,0.899,0.852
2005-02-28,4.458,4.441,3.515,3.561,0.943,0.88
2005-03-01,4.478,4.466,3.518,3.573,0.96,0.892
2005-03-02,4.492,4.473,3.49,3.576,1.002,0.897
2005-03-03,4.497,4.486,3.504,3.583,0.992,0.903
2005-03-04,4.419,4.443,3.518,3.563,0.9,0.88
2005-03-07,4.399,4.429,3.558,3.558,0.841,0.871
2005-03-08,4.472,4.47,3.563,3.577,0.909,0.893
2005-03-09,4.623,4.58,3.582,3.629,1.041,0.951
2005-03-10,4.564,4.572,3.578,3.623,0.986,0.948
2005-03-11,4.646,4.636,3.629,3.654,1.017,0.982
2005-03-14,4.62,4.633,3.628,3.656,0.991,0.977
2005-03-15,4.651,4.65,3.627,3.665,1.024,0.985
2005-03-16,4.626,4.629,3.6,3.655,1.027,0.974
2005-03-17,4.58,4.591,3.584,3.637,0.996,0.954
2005-03-18,4.623,4.613,3.594,3.65,1.03,0.963
2005-03-21,4.64,4.628,3.594,3.662,1.046,0.966
2005-03-22,4.719,4.71,3.684,3.706,1.035,1.004
2005-03-23,4.712,4.715,3.668,3.705,1.044,1.011
2005-03-24,4.702,4.711,3.687,3.701,1.016,1.011
2005-03-28,4.736,4.734,3.708,3.712,1.028,1.023
2005-03-29,4.694,4.705,3.687,3.695,1.007,1.009
2005-03-30,4.65,4.668,3.689,3.675,0.961,0.993
2005-03-31,4.589,4.599,3.629,3.638,0.96,0.961
2005-04-01,4.548,4.548,3.601,3.614,0.946,0.934
2005-04-04,4.562,4.545,3.612,3.614,0.951,0.931
2005-04-05,4.579,4.555,3.601,3.619,0.978,0.936
2005-04-06,4.547,4.526,3.563,3.603,0.984,0.923
2005-04-07,4.588,4.555,3.584,3.617,1.004,0.938
2005-04-08,4.589,4.574,3.621,3.627,0.968,0.947
2005-04-11,4.548,4.546,3.61,3.614,0.939,0.932
2005-04-12,4.47,4.479,3.592,3.582,0.879,0.897
2005-04-13,4.477,4.456,3.561,3.572,0.916,0.884
2005-04-14,4.468,4.43,3.505,3.561,0.963,0.868
2005-04-15,4.381,4.364,3.474,3.532,0.907,0.832
2005-04-18,4.359,4.345,3.495,3.534,0.864,0.811
2005-04-19,4.311,4.301,3.483,3.519,0.828,0.781
2005-04-20,4.32,4.3,3.479,3.521,0.841,0.779
2005-04-21,4.405,4.375,3.545,3.557,0.86,0.818
2005-04-22,4.348,4.352,3.541,3.549,0.807,0.804
2005-04-25,4.335,4.345,3.566,3.548,0.769,0.796
2005-04-26,4.36,4.356,3.569,3.554,0.791,0.803
2005-04-27,4.323,4.327,3.556,3.537,0.766,0.79
2005-04-28,4.26,4.267,3.517,3.506,0.742,0.761
2005-04-29,4.279,4.281,3.565,3.513,0.714,0.767
2005-05-02,4.274,4.271,3.55,3.512,0.724,0.759
2005-05-03,4.278,4.275,3.568,3.513,0.71,0.762
2005-05-04,4.278,4.26,3.524,3.502,0.754,0.757
2005-05-05,4.261,4.233,3.484,3.484,0.778,0.749
2005-05-06,4.341,4.313,3.58,3.524,0.761,0.79
2005-05-09,4.35,4.341,3.613,3.54,0.737,0.801
2005-05-10,4.295,4.295,3.58,3.516,0.715,0.779
2005-05-11,4.276,4.268,3.573,3.501,0.703,0.768
2005-05-12,4.259,4.24,3.543,3.486,0.715,0.754
2005-05-13,4.22,4.204,3.525,3.464,0.695,0.74
2005-05-16,4.226,4.203,3.529,3.468,0.697,0.735
2005-05-17,4.211,4.191,3.528,3.463,0.683,0.728
2005-05-18,4.162,4.151,3.513,3.443,0.649,0.708
2005-05-19,4.199,4.18,3.561,3.456,0.638,0.724
2005-05-20,4.213,4.2,3.589,3.466,0.624,0.734
2005-05-23,4.148,4.157,3.583,3.45,0.566,0.707
2005-05-24,4.113,4.111,3.556,3.428,0.557,0.682
2005-05-25,4.158,4.128,3.556,3.439,0.602,0.69
2005-05-26,4.163,4.137,3.57,3.442,0.594,0.696
2005-05-27,4.16,4.138,3.566,3.442,0.594,0.696
2005-05-31,4.073,4.08,3.571,3.418,0.501,0.663
2005-06-01,3.979,3.984,3.5,3.372,0.479,0.612
2005-06-02,3.965,3.962,3.525,3.363,0.44,0.6
2005-06-03,4.052,4.022,3.561,3.394,0.491,0.628
2005-06-06,4.031,4.025,3.579,3.397,0.452,0.627
2005-06-07,3.979,3.989,3.575,3.381,0.404,0.608
2005-06-08,4.009,4.005,3.594,3.389,0.415,0.616
2005-06-09,4.031,4.024,3.614,3.395,0.417,0.629
2005-06-10,4.111,4.087,3.648,3.423,0.462,0.664
2005-06-13,4.158,4.129,3.649,3.445,0.509,0.683
2005-06-14,4.196,4.16,3.638,3.46,0.557,0.7
2005-06-15,4.194,4.169,3.644,3.463,0.55,0.706
2005-06-16,4.152,4.145,3.645,3.448,0.507,0.696
2005-06-17,4.153,4.143,3.666,3.447,0.487,0.696
2005-06-20,4.176,4.155,3.66,3.457,0.516,0.699
2005-06-21,4.116,4.116,3.655,3.44,0.46,0.676
2005-06-22,4.014,4.023,3.614,3.398,0.4,0.625
2005-06-23,4.024,4.012,3.631,3.397,0.393,0.615
2005-06-24,3.979,3.975,3.614,3.383,0.365,0.592
2005-06-27,3.963,3.958,3.614,3.385,0.349,0.573
2005-06-28,4.029,4.008,3.655,3.414,0.374,0.593
2005-06-29,4.051,4.03,3.65,3.426,0.401,0.605
2005-06-30,3.992,3.998,3.648,3.411,0.345,0.587
2005-07-01,4.103,4.078,3.708,3.453,0.395,0.625
2005-07-05,4.173,4.143,3.729,3.489,0.444,0.654
2005-07-06,4.138,4.13,3.717,3.482,0.421,0.647
2005-07-07,4.106,4.099,3.701,3.463,0.405,0.635
2005-07-08,4.162,4.14,3.726,3.483,0.436,0.657
2005-07-11,4.169,4.153,3.732,3.493,0.437,0.66
2005-07-12,4.205,4.184,3.756,3.51,0.449,0.674
2005-07-13,4.229,4.203,3.757,3.52,0.472,0.684
2005-07-14,4.249,4.223,3.764,3.53,0.484,0.693
2005-07-15,4.236,4.225,3.785,3.532,0.451,0.693
2005-07-18,4.281,4.254,3.788,3.552,0.493,0.702
2005-07-19,4.253,4.24,3.779,3.549,0.473,0.691
2005-07-20,4.226,4.224,3.79,3.543,0.436,0.681
2005-07-21,4.333,4.298,3.836,3.583,0.496,0.715
2005-07-22,4.277,4.276,3.832,3.577,0.445,0.699
2005-07-25,4.292,4.288,3.85,3.593,0.442,0.695
2005-07-26,4.288,4.288,3.858,3.597,0.43,0.691
2005-07-27,4.309,4.307,3.881,3.606,0.427,0.701
2005-07-28,4.235,4.259,3.871,3.582,0.364,0.678
2005-07-29,4.322,4.312,3.907,3.608,0.415,0.704
2005-08-01,4.363,4.35,3.91,3.632,0.452,0.718
2005-08-02,4.383,4.369,3.904,3.644,0.479,0.725
2005-08-03,4.344,4.344,3.89,3.631,0.454,0.713
2005-08-04,4.371,4.357,3.889,3.638,0.482,0.719
2005-08-05,4.437,4.419,3.944,3.671,0.493,0.748
2005-08-08,4.457,4.458,3.995,3.695,0.462,0.763
2005-08-09,4.44,4.447,3.976,3.689,0.464,0.758
2005-08-10,4.433,4.435,3.961,3.682,0.471,0.753
2005-08-11,4.377,4.389,3.936,3.66,0.441,0.729
2005-08-12,4.297,4.322,3.927,3.63,0.37,0.692
2005-08-15,4.329,4.331,3.948,3.638,0.381,0.692
2005-08-16,4.285,4.292,3.914,3.621,0.371,0.671
2005-08-17,4.337,4.321,3.924,3.635,0.413,0.686
2005-08-18,4.268,4.275,3.897,3.611,0.37,0.664
2005-08-19,4.266,4.266,3.895,3.608,0.371,0.657
2005-08-22,4.268,4.266,3.904,3.611,0.364,0.655
2005-08-23,4.252,4.253,3.904,3.606,0.348,0.647
2005-08-24,4.246,4.247,3.907,3.603,0.339,0.643
2005-08-25,4.235,4.237,3.915,3.599,0.32,0.638
2005-08-26,4.247,4.25,3.943,3.606,0.304,0.644
2005-08-29,4.242,4.248,3.948,3.606,0.294,0.643
2005-08-30,4.206,4.213,3.918,3.587,0.289,0.626
2005-08-31,4.071,4.089,3.811,3.526,0.26,0.563
2005-09-01,4.08,4.061,3.775,3.508,0.304,0.553
2005-09-02,4.093,4.067,3.753,3.509,0.34,0.558
2005-09-06,4.149,4.121,3.772,3.542,0.377,0.579
2005-09-07,4.21,4.178,3.784,3.573,0.427,0.606
2005-09-08,4.203,4.193,3.793,3.58,0.409,0.613
2005-09-09,4.183,4.186,3.803,3.577,0.38,0.609
2005-09-12,4.239,4.223,3.824,3.599,0.414,0.625
2005-09-13,4.2,4.196,3.797,3.584,0.403,0.612
2005-09-14,4.233,4.215,3.806,3.59,0.428,0.625
2005-09-15,4.286,4.253,3.805,3.608,0.481,0.645
2005-09-16,4.336,4.307,3.836,3.637,0.5,0.67
2005-09-19,4.326,4.306,3.82,3.645,0.506,0.661
2005-09-20,4.322,4.32,3.866,3.66,0.456,0.661
2005-09-21,4.254,4.271,3.858,3.626,0.395,0.645
2005-09-22,4.25,4.247,3.835,3.611,0.415,0.636
2005-09-23,4.316,4.297,3.88,3.633,0.436,0.664
2005-09-26,4.37,4.344,3.886,3.659,0.485,0.685
2005-09-27,4.378,4.357,3.891,3.663,0.487,0.694
2005-09-28,4.34,4.333,3.901,3.648,0.438,0.685
2005-09-29,4.377,4.351,3.919,3.658,0.458,0.693
2005-09-30,4.425,4.393,3.99,3.681,0.435,0.712
2005-10-03,4.456,4.432,4.004,3.706,0.452,0.726
2005-10-04,4.445,4.428,4.006,3.707,0.439,0.72
2005-10-05,4.429,4.412,4.005,3.697,0.424,0.715
2005-10-06,4.438,4.413,4.007,3.698,0.431,0.715
2005-10-07,4.421,4.404,4.009,3.694,0.412,0.709
2005-10-11,4.454,4.431,4.038,3.719,0.416,0.712
2005-10-12,4.507,4.47,4.046,3.741,0.461,0.729
2005-10-13,4.543,4.501,4.036,3.761,0.506,0.741
2005-10-14,4.549,4.521,4.059,3.774,0.49,0.748
2005-10-17,4.565,4.543,4.071,3.796,0.494,0.748
2005-10-18,4.558,4.54,4.061,3.799,0.497,0.741
2005-10-19,4.537,4.526,4.052,3.796,0.485,0.73
2005-10-20,4.529,4.525,4.075,3.798,0.454,0.727
2005-10-21,4.453,4.47,4.055,3.773,0.398,0.697
2005-10-24,4.519,4.504,4.074,3.797,0.445,0.707
2005-10-25,4.602,4.578,4.113,3.836,0.488,0.742
2005-10-26,4.668,4.642,4.128,3.866,0.54,0.776
2005-10-27,4.635,4.63,4.12,3.857,0.515,0.773
2005-10-28,4.645,4.64,4.127,3.863,0.519,0.777
2005-10-31,4.638,4.635,4.124,3.866,0.514,0.769
2005-11-01,4.658,4.642,4.125,3.871,0.533,0.771
2005-11-02,4.69,4.667,4.141,3.882,0.549,0.785
2005-11-03,4.739,4.707,4.148,3.9,0.591,0.806
2005-11-04,4.765,4.732,4.15,3.914,0.615,0.818
2005-11-07,4.748,4.739,4.225,3.919,0.522,0.82
2005-11-08,4.672,4.684,4.202,3.894,0.471,0.79
2005-11-09,4.742,4.725,4.23,3.917,0.512,0.808
2005-11-10,4.669,4.674,4.195,3.892,0.474,0.782
2005-11-14,4.718,4.707,4.239,3.913,0.478,0.794
2005-11-15,4.67,4.677,4.229,3.899,0.441,0.777
2005-11-16,4.599,4.609,4.178,3.866,0.421,0.743
2005-11-17,4.567,4.57,4.179,3.848,0.388,0.721
2005-11-18,4.586,4.576,4.145,3.852,0.441,0.724
2005-11-21,4.555,4.552,4.129,3.84,0.426,0.712
2005-11-22,4.531,4.516,4.071,3.817,0.46,0.7
2005-11-23,4.578,4.549,4.086,3.834,0.492,0.715
2005-11-25,4.534,4.519,4.07,3.819,0.464,0.7
2005-11-28,4.506,4.496,4.07,3.812,0.436,0.684
2005-11-29,4.579,4.549,4.109,3.839,0.471,0.71
2005-11-30,4.599,4.572,4.113,3.848,0.486,0.725
2005-12-01,4.616,4.596,4.152,3.859,0.464,0.738
2005-12-02,4.618,4.601,4.146,3.861,0.472,0.74
2005-12-05,4.66,4.636,4.176,3.882,0.483,0.754
2005-12-06,4.574,4.582,4.152,3.858,0.422,0.724
2005-12-07,4.608,4.591,4.151,3.862,0.456,0.729
2005-12-08,4.546,4.543,4.114,3.833,0.433,0.711
2005-12-09,4.616,4.593,4.154,3.853,0.462,0.74
2005-12-12,4.634,4.618,4.162,3.864,0.473,0.754
2005-12-13,4.623,4.608,4.147,3.858,0.475,0.75
2005-12-14,4.528,4.537,4.123,3.821,0.406,0.716
2005-12-15,4.547,4.537,4.137,3.822,0.41,0.715
2005-12-16,4.521,4.517,4.134,3.812,0.387,0.705
2005-12-19,4.513,4.511,4.149,3.815,0.364,0.696
2005-12-20,4.529,4.523,4.173,3.822,0.357,0.701
2005-12-21,4.549,4.54,4.183,3.831,0.367,0.709
2005-12-22,4.49,4.496,4.169,3.808,0.321,0.689
2005-12-23,4.433,4.438,4.14,3.78,0.293,0.658
2005-12-27,4.388,4.4,4.156,3.763,0.232,0.636
2005-12-28,4.426,4.415,4.175,3.769,0.251,0.646
2005-12-29,4.412,4.412,4.181,3.769,0.231,0.643
2005-12-30,4.431,4.426,4.205,3.782,0.226,0.644
2006-01-03,4.42,4.407,4.169,3.783,0.251,0.624
2006-01-04,4.404,4.39,4.152,3.782,0.252,0.607
2006-01-05,4.41,4.395,4.161,3.791,0.248,0.604
2006-01-06,4.43,4.419,4.178,3.808,0.253,0.612
2006-01-09,4.435,4.429,4.177,3.817,0.259,0.612
2006-01-10,4.485,4.47,4.192,3.843,0.292,0.627
2006-01-11,4.515,4.506,4.211,3.865,0.304,0.641
2006-01-12,4.477,4.482,4.196,3.857,0.281,0.625
2006-01-13,4.408,4.43,4.183,3.835,0.226,0.595
2006-01-17,4.385,4.406,4.183,3.832,0.202,0.575
2006-01-18,4.397,4.407,4.18,3.835,0.217,0.572
2006-01-19,4.432,4.437,4.204,3.851,0.227,0.586
2006-01-20,4.418,4.436,4.204,3.851,0.215,0.585
2006-01-23,4.415,4.431,4.198,3.852,0.217,0.579
2006-01-24,4.445,4.453,4.207,3.866,0.238,0.587
2006-01-25,4.535,4.53,4.245,3.907,0.29,0.623
2006-01-26,4.576,4.574,4.253,3.93,0.323,0.644
2006-01-27,4.568,4.585,4.268,3.936,0.3,0.649
2006-01-30,4.587,4.603,4.28,3.95,0.306,0.653
2006-01-31,4.572,4.601,4.298,3.949,0.274,0.651
2006-02-01,4.599,4.628,4.337,3.962,0.263,0.666
2006-02-02,4.598,4.633,4.349,3.964,0.248,0.669
2006-02-03,4.557,4.611,4.374,3.953,0.182,0.658
2006-02-06,4.56,4.609,4.391,3.953,0.169,0.656
2006-02-07,4.591,4.616,4.372,3.957,0.219,0.659
2006-02-08,4.614,4.637,4.391,3.967,0.223,0.67
2006-02-09,4.595,4.632,4.403,3.965,0.192,0.667
2006-02-10,4.638,4.662,4.43,3.98,0.208,0.682
2006-02-13,4.63,4.657,4.413,3.98,0.217,0.677
2006-02-14,4.662,4.678,4.418,3.992,0.244,0.686
2006-02-15,4.65,4.676,4.425,3.99,0.225,0.687
2006-02-16,4.643,4.67,4.419,3.986,0.224,0.684
2006-02-17,4.58,4.626,4.414,3.964,0.167,0.662
2006-02-21,4.602,4.64,4.45,3.973,0.152,0.667
2006-02-22,4.562,4.611,4.445,3.959,0.117,0.652
2006-02-23,4.598,4.632,4.47,3.971,0.127,0.662
2006-02-24,4.617,4.647,4.476,3.979,0.141,0.669
2006-02-27,4.639,4.665,4.479,3.99,0.16,0.675
2006-02-28,4.592,4.632,4.453,3.975,0.139,0.657
2006-03-01,4.632,4.647,4.445,3.983,0.187,0.664
2006-03-02,4.692,4.696,4.46,4.007,0.231,0.688
2006-03-03,4.737,4.74,4.466,4.029,0.271,0.712
2006-03-06,4.797,4.792,4.462,4.054,0.335,0.738
2006-03-07,4.795,4.808,4.471,4.061,0.324,0.747
2006-03-08,4.793,4.807,4.448,4.06,0.346,0.747
2006-03-09,4.79,4.806,4.446,4.06,0.343,0.746
2006-03-10,4.813,4.825,4.454,4.071,0.358,0.754
2006-03-13,4.824,4.839,4.457,4.08,0.367,0.759
2006-03-14,4.757,4.78,4.402,4.052,0.355,0.728
2006-03-15,4.782,4.785,4.399,4.059,0.383,0.726
2006-03-16,4.706,4.722,4.348,4.03,0.358,0.692
2006-03-17,4.737,4.733,4.352,4.039,0.386,0.695
2006-03-20,4.717,4.728,4.356,4.042,0.362,0.686
2006-03-21,4.767,4.775,4.4,4.069,0.367,0.706
2006-03-22,4.756,4.781,4.416,4.073,0.34,0.708
2006-03-23,4.788,4.804,4.43,4.082,0.358,0.722
2006-03-24,4.719,4.757,4.404,4.056,0.316,0.7
2006-03-27,4.751,4.769,4.402,4.06,0.349,0.708
2006-03-28,4.828,4.836,4.457,4.093,0.371,0.743
2006-03-29,4.859,4.867,4.444,4.106,0.414,0.761
2006-03-30,4.907,4.907,4.45,4.122,0.457,0.784
2006-03-31,4.908,4.912,4.437,4.123,0.471,0.789
2006-04-03,4.927,4.932,4.456,4.136,0.471,0.796
2006-04-04,4.923,4.926,4.437,4.135,0.486,0.791
2006-04-05,4.895,4.903,4.418,4.124,0.477,0.778
2006-04-06,4.947,4.934,4.421,4.142,0.526,0.793
2006-04-07,5.011,4.993,4.45,4.171,0.561,0.821
2006-04-10,5.013,5.008,4.444,4.181,0.569,0.827
2006-04-11,4.979,4.986,4.429,4.171,0.55,0.815
2006-04-12,5.021,5.013,4.445,4.186,0.576,0.827
2006-04-13,5.088,5.069,4.475,4.215,0.613,0.855
2006-04-17,5.052,5.052,4.45,4.208,0.602,0.844
2006-04-18,5.031,5.021,4.402,4.195,0.629,0.826
2006-04-19,5.083,5.052,4.396,4.212,0.687,0.84
2006-04-20,5.086,5.07,4.412,4.222,0.673,0.848
2006-04-21,5.048,5.059,4.431,4.218,0.616,0.841
2006-04-24,5.024,5.038,4.437,4.211,0.588,0.827
2006-04-25,5.108,5.094,4.457,4.242,0.651,0.852
2006-04-26,5.141,5.136,4.483,4.264,0.658,0.872
2006-04-27,5.12,5.112,4.43,4.252,0.69,0.861
2006-04-28,5.106,5.093,4.394,4.242,0.712,0.851
2006-05-01,5.171,5.147,4.423,4.274,0.748,0.873
2006-05-02,5.15,5.148,4.426,4.277,0.725,0.871
2006-05-03,5.189,5.178,4.44,4.294,0.749,0.884
2006-05-04,5.189,5.191,4.461,4.301,0.729,0.891
2006-05-05,5.15,5.163,4.444,4.288,0.706,0.875
2006-05-08,5.148,5.164,4.469,4.292,0.68,0.871
2006-05-09,5.154,5.164,4.47,4.296,0.685,0.869
2006-05-10,5.146,5.164,4.49,4.296,0.657,0.868
2006-05-11,5.184,5.181,4.466,4.3,0.718,0.881
2006-05-12,5.233,5.219,4.467,4.317,0.766,0.902
2006-05-15,5.201,5.205,4.452,4.312,0.749,0.893
2006-05-16,5.148,5.163,4.43,4.29,0.718,0.873
2006-05-17,5.211,5.198,4.441,4.307,0.769,0.891
2006-05-18,5.116,5.14,4.421,4.279,0.695,0.861
2006-05-19,5.086,5.115,4.454,4.267,0.632,0.848
2006-05-22,5.079,5.094,4.436,4.258,0.644,0.836
2006-05-23,5.104,5.108,4.448,4.266,0.656,0.842
2006-05-24,5.074,5.081,4.418,4.251,0.657,0.83
2006-05-25,5.116,5.108,4.446,4.264,0.67,0.845
2006-05-26,5.102,5.101,4.432,4.262,0.67,0.84
2006-05-30,5.132,5.128,4.459,4.276,0.673,0.852
2006-05-31,5.162,5.163,4.49,4.295,0.672,0.868
2006-06-01,5.154,5.16,4.492,4.292,0.663,0.869
2006-06-02,5.041,5.064,4.42,4.242,0.621,0.822
2006-06-05,5.062,5.069,4.463,4.246,0.599,0.822
2006-06-06,5.038,5.056,4.479,4.242,0.56,0.814
2006-06-07,5.059,5.066,4.496,4.247,0.563,0.819
2006-06-08,5.028,5.043,4.495,4.236,0.533,0.807
2006-06-09,5.008,5.023,4.502,4.227,0.505,0.797
2006-06-12,5.016,5.025,4.515,4.234,0.501,0.791
2006-06-13,4.994,5.004,4.51,4.224,0.484,0.78
2006-06-14,5.074,5.066,4.571,4.256,0.503,0.811
2006-06-15,5.12,5.109,4.576,4.271,0.544,0.838
2006-06-16,5.151,5.139,4.586,4.284,0.565,0.855
2006-06-19,5.165,5.157,4.601,4.297,0.564,0.86
2006-06-20,5.17,5.163,4.61,4.301,0.561,0.862
2006-06-21,5.172,5.165,4.616,4.301,0.556,0.864
2006-06-22,5.215,5.196,4.633,4.315,0.582,0.881
2006-06-23,5.248,5.228,4.647,4.333,0.601,0.895
2006-06-26,5.267,5.247,4.651,4.349,0.615,0.898
2006-06-27,5.226,5.222,4.649,4.341,0.576,0.88
2006-06-28,5.263,5.245,4.659,4.352,0.604,0.892
2006-06-29,5.23,5.215,4.615,4.336,0.614,0.878
2006-06-30,5.168,5.16,4.584,4.31,0.584,0.851
2006-07-03,5.17,5.158,4.6,4.317,0.57,0.841
2006-07-05,5.244,5.215,4.64,4.345,0.604,0.87
2006-07-06,5.214,5.199,4.616,4.336,0.599,0.863
2006-07-07,5.156,5.155,4.606,4.314,0.55,0.841
2006-07-10,5.15,5.141,4.608,4.312,0.542,0.829
2006-07-11,5.12,5.117,4.603,4.302,0.516,0.816
2006-07-12,5.115,5.114,4.643,4.301,0.472,0.812
2006-07-13,5.09,5.087,4.613,4.288,0.477,0.799
2006-07-14,5.08,5.072,4.589,4.281,0.492,0.791
2006-07-17,5.084,5.08,4.604,4.29,0.48,0.789
2006-07-18,5.144,5.13,4.637,4.32,0.507,0.811
2006-07-19,5.07,5.079,4.59,4.294,0.48,0.785
2006-07-20,5.04,5.042,4.56,4.274,0.48,0.767
2006-07-21,5.059,5.051,4.573,4.28,0.486,0.772
2006-07-24,5.056,5.054,4.576,4.282,0.48,0.772
2006-07-25,5.074,5.072,4.59,4.293,0.483,0.779
2006-07-26,5.048,5.051,4.562,4.282,0.485,0.77
2006-07-27,5.058,5.052,4.552,4.281,0.506,0.771
2006-07-28,5.003,5.01,4.512,4.258,0.491,0.752
2006-07-31,5.006,5.002,4.492,4.256,0.513,0.745
2006-08-01,4.996,4.997,4.492,4.257,0.504,0.74
2006-08-02,4.973,4.981,4.488,4.251,0.485,0.73
2006-08-03,4.963,4.979,4.513,4.252,0.449,0.727
2006-08-04,4.912,4.932,4.473,4.229,0.439,0.704
2006-08-07,4.923,4.939,4.5,4.235,0.424,0.704
2006-08-08,4.938,4.938,4.467,4.234,0.471,0.704
2006-08-09,4.955,4.949,4.458,4.237,0.496,0.712
2006-08-10,4.955,4.956,4.461,4.239,0.494,0.717
2006-08-11,4.992,4.992,4.495,4.258,0.497,0.735
2006-08-14,5.019,5.026,4.526,4.278,0.494,0.748
2006-08-15,4.957,4.978,4.489,4.254,0.468,0.724
2006-08-16,4.897,4.917,4.445,4.222,0.452,0.695
2006-08-17,4.894,4.908,4.459,4.22,0.435,0.688
2006-08-18,4.864,4.879,4.438,4.208,0.426,0.671
2006-08-21,4.851,4.862,4.436,4.202,0.415,0.66
2006-08-22,4.848,4.856,4.439,4.2,0.409,0.657
2006-08-23,4.848,4.858,4.447,4.2,0.401,0.658
2006-08-24,4.838,4.852,4.455,4.196,0.383,0.655
2006-08-25,4.828,4.84,4.446,4.191,0.383,0.648
2006-08-28,4.833,4.843,4.459,4.193,0.374,0.65
2006-08-29,4.83,4.839,4.456,4.189,0.374,0.65
2006-08-30,4.811,4.821,4.438,4.177,0.373,0.644
2006-08-31,4.785,4.796,4.422,4.163,0.363,0.632
2006-09-01,4.781,4.787,4.418,4.157,0.363,0.63
2006-09-05,4.836,4.826,4.416,4.175,0.42,0.651
2006-09-06,4.858,4.85,4.416,4.183,0.441,0.666
2006-09-07,4.844,4.85,4.419,4.182,0.425,0.668
2006-09-08,4.827,4.834,4.402,4.17,0.425,0.664
2006-09-11,4.85,4.851,4.415,4.177,0.435,0.674
2006-09-12,4.818,4.831,4.411,4.165,0.407,0.666
2006-09-13,4.807,4.815,4.403,4.154,0.404,0.661
2006-09-14,4.829,4.834,4.428,4.164,0.401,0.669
2006-09-15,4.837,4.845,4.444,4.17,0.393,0.675
2006-09-18,4.847,4.855,4.451,4.174,0.397,0.681
2006-09-19,4.774,4.794,4.405,4.143,0.37,0.65
2006-09-20,4.771,4.781,4.417,4.137,0.354,0.644
2006-09-21,4.696,4.707,4.351,4.099,0.345,0.609
2006-09-22,4.649,4.66,4.343,4.076,0.306,0.584
2006-09-25,4.601,4.615,4.325,4.053,0.276,0.562
2006-09-26,4.626,4.631,4.354,4.06,0.272,0.571
2006-09-27,4.639,4.639,4.346,4.062,0.294,0.577
2006-09-28,4.662,4.658,4.351,4.07,0.311,0.588
2006-09-29,4.676,4.677,4.377,4.08,0.299,0.598
2006-10-02,4.662,4.663,4.355,4.073,0.306,0.59
2006-10-03,4.658,4.662,4.364,4.074,0.294,0.588
2006-10-04,4.615,4.623,4.323,4.058,0.292,0.565
2006-10-05,4.654,4.652,4.349,4.075,0.305,0.576
2006-10-06,4.74,4.728,4.398,4.114,0.342,0.615
2006-10-10,4.788,4.788,4.427,4.146,0.361,0.642
2006-10-11,4.814,4.821,4.448,4.164,0.365,0.657
2006-10-12,4.809,4.824,4.447,4.17,0.363,0.654
2006-10-13,4.835,4.843,4.458,4.18,0.377,0.663
2006-10-16,4.818,4.835,4.45,4.179,0.368,0.655
2006-10-17,4.802,4.818,4.436,4.174,0.366,0.644
2006-10-18,4.791,4.809,4.441,4.17,0.349,0.638
2006-10-19,4.812,4.824,4.453,4.18,0.359,0.644
2006-10-20,4.81,4.828,4.461,4.181,0.349,0.647
2006-10-23,4.85,4.862,4.483,4.2,0.367,0.662
2006-10-24,4.851,4.87,4.486,4.206,0.364,0.664
2006-10-25,4.797,4.829,4.461,4.186,0.336,0.643
2006-10-26,4.752,4.78,4.429,4.164,0.323,0.616
2006-10-27,4.711,4.734,4.4,4.142,0.31,0.591
2006-10-30,4.708,4.726,4.42,4.14,0.287,0.586
2006-10-31,4.641,4.673,4.384,4.113,0.258,0.56
2006-11-01,4.599,4.624,4.353,4.088,0.246,0.535
2006-11-02,4.635,4.645,4.384,4.101,0.25,0.544
2006-11-03,4.743,4.746,4.445,4.152,0.298,0.594
2006-11-06,4.732,4.757,4.445,4.156,0.287,0.6
2006-11-07,4.685,4.717,4.415,4.135,0.271,0.581
2006-11-08,4.659,4.688,4.406,4.122,0.253,0.566
2006-11-09,4.659,4.679,4.398,4.118,0.261,0.56
2006-11-10,4.618,4.647,4.394,4.104,0.224,0.543
2006-11-13,4.635,4.655,4.407,4.108,0.228,0.547
2006-11-14,4.592,4.625,4.4,4.092,0.192,0.533
2006-11-15,4.629,4.654,4.442,4.106,0.187,0.549
2006-11-16,4.673,4.693,4.468,4.123,0.205,0.571
2006-11-17,4.626,4.652,4.409,4.1,0.217,0.551
2006-11-20,4.615,4.638,4.41,4.093,0.205,0.545
2006-11-21,4.594,4.621,4.405,4.084,0.189,0.536
2006-11-22,4.582,4.609,4.399,4.078,0.184,0.531
2006-11-24,4.57,4.591,4.386,4.067,0.184,0.524
2006-11-27,4.558,4.578,4.381,4.061,0.177,0.517
2006-11-28,4.538,4.554,4.357,4.05,0.181,0.504
2006-11-29,4.55,4.561,4.362,4.054,0.188,0.508
2006-11-30,4.494,4.518,4.339,4.032,0.155,0.486
2006-12-01,4.47,4.479,4.307,4.013,0.163,0.466
2006-12-04,4.473,4.479,4.305,4.013,0.168,0.466
2006-12-05,4.487,4.493,4.3,4.02,0.187,0.474
2006-12-06,4.519,4.533,4.344,4.039,0.175,0.493
2006-12-07,4.521,4.544,4.348,4.044,0.173,0.5
2006-12-08,4.592,4.604,4.38,4.072,0.212,0.533
2006-12-11,4.555,4.585,4.36,4.058,0.195,0.527
2006-12-12,4.521,4.546,4.327,4.037,0.194,0.509
2006-12-13,4.61,4.607,4.364,4.065,0.247,0.541
2006-12-14,4.626,4.635,4.377,4.077,0.248,0.557
2006-12-15,4.627,4.636,4.373,4.074,0.254,0.563
2006-12-18,4.622,4.633,4.371,4.073,0.251,0.56
2006-12-19,4.628,4.631,4.361,4.072,0.267,0.559
2006-12-20,4.627,4.632,4.365,4.073,0.262,0.559
2006-12-21,4.588,4.596,4.333,4.055,0.254,0.541
2006-12-22,4.658,4.647,4.367,4.081,0.291,0.566
2006-12-26,4.639,4.646,4.371,4.083,0.268,0.563
2006-12-27,4.682,4.685,4.403,4.101,0.279,0.584
2006-12-28,4.724,4.727,4.431,4.121,0.292,0.607
2006-12-29,4.738,4.747,4.44,4.13,0.299,0.618
2007-01-02,4.714,4.734,4.431,4.126,0.283,0.608
2007-01-03,4.694,4.714,4.415,4.117,0.279,0.597
2007-01-04,4.656,4.676,4.388,4.099,0.268,0.577
2007-01-05,4.684,4.696,4.41,4.11,0.275,0.585
2007-01-08,4.69,4.708,4.425,4.12,0.265,0.588
2007-01-09,4.683,4.707,4.428,4.122,0.255,0.585
2007-01-10,4.714,4.728,4.438,4.133,0.276,0.595
2007-01-11,4.762,4.771,4.467,4.156,0.296,0.616
2007-01-12,4.795,4.803,4.474,4.17,0.321,0.633
2007-01-16,4.776,4.795,4.464,4.167,0.311,0.629
2007-01-17,4.812,4.825,4.49,4.182,0.322,0.643
2007-01-18,4.776,4.804,4.48,4.172,0.296,0.632
2007-01-19,4.799,4.821,4.504,4.181,0.295,0.64
2007-01-22,4.778,4.807,4.496,4.174,0.282,0.632
2007-01-23,4.827,4.84,4.514,4.191,0.314,0.649
2007-01-24,4.829,4.847,4.509,4.193,0.32,0.654
2007-01-25,4.881,4.891,4.535,4.214,0.347,0.677
2007-01-26,4.902,4.914,4.532,4.224,0.37,0.69
2007-01-29,4.909,4.929,4.547,4.231,0.362,0.698
2007-01-30,4.893,4.919,4.535,4.225,0.358,0.694
2007-01-31,4.841,4.879,4.514,4.204,0.327,0.674
2007-02-01,4.852,4.882,4.53,4.206,0.322,0.676
2007-02-02,4.849,4.875,4.513,4.204,0.336,0.671
2007-02-05,4.831,4.858,4.501,4.198,0.33,0.661
2007-02-06,4.782,4.821,4.489,4.18,0.293,0.64
2007-02-07,4.766,4.796,4.47,4.17,0.296,0.625
2007-02-08,4.757,4.785,4.471,4.167,0.287,0.618
2007-02-09,4.814,4.824,4.489,4.186,0.325,0.637
2007-02-12,4.831,4.847,4.499,4.199,0.332,0.648
2007-02-13,4.842,4.862,4.505,4.206,0.338,0.656
2007-02-14,4.761,4.799,4.456,4.175,0.305,0.623
2007-02-15,4.738,4.763,4.431,4.159,0.307,0.604
2007-02-16,4.725,4.749,4.432,4.154,0.292,0.595
2007-02-20,4.716,4.739,4.426,4.152,0.29,0.586
2007-02-21,4.726,4.746,4.437,4.157,0.289,0.589
2007-02-22,4.763,4.779,4.462,4.174,0.3,0.605
2007-02-23,4.717,4.744,4.423,4.157,0.294,0.587
2007-02-26,4.667,4.699,4.404,4.138,0.262,0.561
2007-02-27,4.549,4.583,4.3,4.079,0.25,0.504
2007-02-28,4.608,4.611,4.333,4.096,0.276,0.515
2007-03-01,4.613,4.618,4.318,4.101,0.295,0.517
2007-03-02,4.575,4.592,4.295,4.087,0.28,0.505
2007-03-05,4.569,4.59,4.307,4.086,0.262,0.505
2007-03-06,4.587,4.612,4.317,4.099,0.269,0.513
2007-03-07,4.558,4.59,4.297,4.089,0.261,0.501
2007-03-08,4.566,4.592,4.291,4.089,0.275,0.502
2007-03-09,4.636,4.655,4.345,4.12,0.291,0.535
2007-03-12,4.603,4.636,4.321,4.109,0.282,0.526
2007-03-13,4.561,4.582,4.266,4.082,0.295,0.499
2007-03-14,4.588,4.592,4.26,4.086,0.328,0.505
2007-03-15,4.594,4.606,4.275,4.093,0.319,0.513
2007-03-16,4.599,4.615,4.288,4.096,0.311,0.519
2007-03-19,4.622,4.634,4.298,4.105,0.324,0.529
2007-03-20,4.604,4.62,4.284,4.097,0.32,0.522
2007-03-21,4.59,4.593,4.242,4.083,0.348,0.51
2007-03-22,4.655,4.638,4.26,4.105,0.394,0.533
2007-03-23,4.677,4.67,4.277,4.122,0.4,0.548
2007-03-26,4.658,4.661,4.267,4.117,0.391,0.544
2007-03-27,4.681,4.676,4.266,4.126,0.415,0.55
2007-03-28,4.693,4.684,4.245,4.13,0.448,0.555
2007-03-29,4.7,4.704,4.278,4.137,0.422,0.567
2007-03-30,4.716,4.72,4.276,4.143,0.44,0.577
2007-04-02,4.714,4.723,4.284,4.145,0.431,0.578
2007-04-03,4.732,4.74,4.296,4.153,0.436,0.587
2007-04-04,4.721,4.73,4.285,4.148,0.435,0.581
2007-04-05,4.748,4.747,4.292,4.156,0.455,0.591
2007-04-06,4.812,4.815,4.353,4.188,0.459,0.627
2007-04-09,4.802,4.817,4.347,4.185,0.455,0.632
2007-04-10,4.789,4.798,4.324,4.174,0.464,0.624
2007-04-11,4.794,4.802,4.345,4.175,0.449,0.627
2007-04-12,4.793,4.801,4.344,4.173,0.448,0.628
2007-04-13,4.81,4.818,4.368,4.179,0.442,0.639
2007-04-16,4.782,4.8,4.363,4.167,0.418,0.633
2007-04-17,4.74,4.754,4.329,4.144,0.411,0.611
2007-04-18,4.706,4.716,4.311,4.124,0.395,0.592
2007-04-19,4.726,4.72,4.305,4.125,0.421,0.595
2007-04-20,4.731,4.726,4.305,4.129,0.426,0.597
2007-04-23,4.704,4.707,4.294,4.119,0.41,0.588
2007-04-24,4.677,4.681,4.281,4.107,0.396,0.574
2007-04-25,4.704,4.699,4.297,4.116,0.406,0.583
2007-04-26,4.744,4.732,4.315,4.13,0.429,0.602
2007-04-27,4.753,4.744,4.307,4.133,0.447,0.61
2007-04-30,4.679,4.689,4.282,4.104,0.396,0.585
2007-05-01,4.677,4.684,4.296,4.099,0.381,0.585
2007-05-02,4.688,4.689,4.303,4.1,0.385,0.589
2007-05-03,4.71,4.712,4.337,4.109,0.374,0.603
2007-05-04,4.675,4.685,4.319,4.094,0.355,0.591
2007-05-07,4.667,4.673,4.328,4.087,0.339,0.587
2007-05-08,4.664,4.664,4.316,4.081,0.349,0.583
2007-05-09,4.7,4.692,4.346,4.091,0.354,0.601
2007-05-10,4.684,4.678,4.32,4.079,0.363,0.599
2007-05-11,4.708,4.696,4.335,4.082,0.373,0.613
2007-05-14,4.724,4.716,4.352,4.089,0.373,0.627
2007-05-15,4.744,4.735,4.361,4.095,0.383,0.641
2007-05-16,4.739,4.734,4.356,4.084,0.383,0.65
2007-05-17,4.785,4.777,4.391,4.103,0.394,0.673
2007-05-18,4.832,4.823,4.413,4.128,0.419,0.695
2007-05-21,4.814,4.818,4.403,4.13,0.411,0.688
2007-05-22,4.864,4.849,4.408,4.151,0.457,0.698
2007-05-23,4.897,4.879,4.407,4.167,0.489,0.712
2007-05-24,4.889,4.883,4.413,4.169,0.476,0.714
2007-05-25,4.895,4.893,4.422,4.171,0.473,0.722
2007-05-29,4.906,4.91,4.439,4.18,0.467,0.73
2007-05-30,4.907,4.916,4.442,4.179,0.465,0.738
2007-05-31,4.92,4.931,4.47,4.175,0.45,0.756
2007-06-01,4.976,4.978,4.498,4.194,0.478,0.784
2007-06-04,4.947,4.969,4.507,4.188,0.44,0.781
2007-06-05,4.996,5,4.526,4.203,0.47,0.797
2007-06-06,4.993,4.995,4.499,4.196,0.494,0.798
2007-06-07,5.128,5.093,4.527,4.242,0.602,0.851
2007-06-08,5.143,5.127,4.519,4.253,0.624,0.874
2007-06-11,5.166,5.152,4.507,4.262,0.659,0.89
2007-06-12,5.289,5.251,4.546,4.307,0.743,0.944
2007-06-13,5.221,5.236,4.556,4.293,0.665,0.943
2007-06-14,5.25,5.253,4.557,4.296,0.693,0.957
2007-06-15,5.199,5.209,4.517,4.264,0.682,0.945
2007-06-18,5.181,5.186,4.504,4.255,0.677,0.931
2007-06-19,5.125,5.13,4.465,4.23,0.659,0.9
2007-06-20,5.169,5.156,4.49,4.252,0.679,0.904
2007-06-21,5.204,5.176,4.475,4.264,0.728,0.912
2007-06-22,5.186,5.165,4.452,4.262,0.733,0.903
2007-06-25,5.131,5.125,4.422,4.255,0.709,0.87
2007-06-26,5.149,5.134,4.435,4.267,0.714,0.867
2007-06-27,5.126,5.122,4.436,4.261,0.689,0.862
2007-06-28,5.155,5.151,4.474,4.274,0.681,0.877
2007-06-29,5.067,5.088,4.434,4.245,0.634,0.844
2007-07-02,5.041,5.052,4.409,4.241,0.632,0.81
2007-07-03,5.094,5.082,4.43,4.264,0.664,0.818
2007-07-05,5.185,5.167,4.492,4.309,0.692,0.858
2007-07-06,5.233,5.218,4.496,4.334,0.737,0.885
2007-07-09,5.201,5.21,4.484,4.333,0.716,0.878
2007-07-10,5.084,5.113,4.416,4.287,0.668,0.826
2007-07-11,5.138,5.133,4.426,4.3,0.713,0.833
2007-07-12,5.172,5.174,4.464,4.323,0.708,0.852
2007-07-13,5.156,5.171,4.461,4.322,0.695,0.849
2007-07-16,5.102,5.128,4.437,4.304,0.665,0.823
2007-07-17,5.134,5.143,4.461,4.313,0.674,0.83
2007-07-18,5.073,5.094,4.416,4.289,0.657,0.804
2007-07-19,5.095,5.105,4.44,4.297,0.655,0.808
2007-07-20,5.018,5.045,4.405,4.269,0.613,0.776
2007-07-23,5.025,5.042,4.402,4.274,0.622,0.767
2007-07-24,5.004,5.016,4.367,4.265,0.638,0.75
2007-07-25,4.984,4.994,4.344,4.255,0.641,0.739
2007-07-26,4.871,4.879,4.237,4.195,0.634,0.683
2007-07-27,4.882,4.869,4.228,4.187,0.653,0.682
2007-07-30,4.902,4.896,4.247,4.207,0.655,0.689
2007-07-31,4.862,4.875,4.24,4.2,0.622,0.675
2007-08-01,4.854,4.865,4.231,4.193,0.623,0.672
2007-08-02,4.856,4.872,4.245,4.194,0.611,0.678
2007-08-03,4.807,4.82,4.189,4.165,0.619,0.655
2007-08-06,4.819,4.816,4.166,4.165,0.654,0.652
2007-08-07,4.859,4.868,4.24,4.196,0.619,0.672
2007-08-08,4.961,4.952,4.275,4.24,0.686,0.712
2007-08-09,4.921,4.915,4.191,4.209,0.731,0.706
2007-08-10,4.93,4.92,4.189,4.19,0.741,0.73
2007-08-13,4.906,4.916,4.187,4.191,0.719,0.725
2007-08-14,4.864,4.874,4.14,4.164,0.723,0.71
2007-08-15,4.847,4.822,3.998,4.099,0.849,0.723
2007-08-16,4.763,4.724,3.835,3.999,0.928,0.725
2007-08-17,4.823,4.784,3.895,3.996,0.928,0.788
2007-08-20,4.784,4.763,3.864,3.931,0.92,0.832
2007-08-21,4.734,4.721,3.823,3.903,0.911,0.818
2007-08-22,4.754,4.744,3.895,3.913,0.859,0.832
2007-08-23,4.74,4.744,3.939,3.926,0.801,0.818
2007-08-24,4.733,4.756,4.021,3.963,0.712,0.793
2007-08-27,4.712,4.726,3.996,4.003,0.716,0.724
2007-08-28,4.668,4.638,3.867,3.971,0.802,0.667
2007-08-29,4.697,4.65,3.896,3.954,0.801,0.696
2007-08-30,4.647,4.614,3.855,3.914,0.792,0.7
2007-08-31,4.664,4.633,3.891,3.92,0.772,0.713
2007-09-04,4.699,4.656,3.888,3.969,0.81,0.687
2007-09-05,4.631,4.583,3.802,3.945,0.828,0.638
2007-09-06,4.651,4.597,3.835,3.956,0.815,0.64
2007-09-07,4.526,4.486,3.707,3.885,0.819,0.601
2007-09-10,4.475,4.438,3.695,3.85,0.78,0.589
2007-09-11,4.503,4.475,3.77,3.872,0.733,0.603
2007-09-12,4.542,4.505,3.78,3.881,0.762,0.624
2007-09-13,4.605,4.579,3.858,3.917,0.747,0.662
2007-09-14,4.587,4.569,3.836,3.904,0.752,0.666
2007-09-17,4.59,4.578,3.865,3.915,0.726,0.662
2007-09-18,4.625,4.573,3.793,3.901,0.832,0.672
2007-09-19,4.654,4.598,3.772,3.902,0.882,0.696
2007-09-20,4.798,4.722,3.836,3.947,0.962,0.775
2007-09-21,4.756,4.723,3.817,3.934,0.939,0.789
2007-09-24,4.753,4.724,3.815,3.935,0.939,0.788
2007-09-25,4.75,4.707,3.76,3.923,0.989,0.784
2007-09-26,4.759,4.713,3.753,3.921,1.006,0.792
2007-09-27,4.711,4.682,3.735,3.903,0.976,0.778
2007-09-28,4.719,4.684,3.749,3.911,0.971,0.773
2007-10-01,4.691,4.673,3.782,3.918,0.909,0.755
2007-10-02,4.669,4.642,3.758,3.912,0.911,0.73
2007-10-03,4.681,4.652,3.786,3.921,0.895,0.731
2007-10-04,4.66,4.636,3.776,3.915,0.884,0.721
2007-10-05,4.779,4.726,3.839,3.963,0.94,0.763
2007-10-09,4.789,4.762,3.885,3.989,0.904,0.773
2007-10-10,4.784,4.762,3.887,3.992,0.898,0.77
2007-10-11,4.791,4.758,3.869,3.995,0.923,0.763
2007-10-12,4.82,4.795,3.925,4.021,0.894,0.773
2007-10-15,4.811,4.788,3.908,4.032,0.903,0.757
2007-10-16,4.797,4.755,3.851,4.018,0.945,0.737
2007-10-17,4.704,4.67,3.771,3.961,0.933,0.709
2007-10-18,4.659,4.622,3.724,3.914,0.934,0.708
2007-10-19,4.554,4.53,3.653,3.864,0.901,0.667
2007-10-22,4.555,4.531,3.7,3.874,0.855,0.657
2007-10-23,4.562,4.527,3.675,3.876,0.887,0.651
2007-10-24,4.509,4.48,3.628,3.844,0.881,0.636
2007-10-25,4.515,4.482,3.635,3.847,0.88,0.635
2007-10-26,4.554,4.516,3.654,3.868,0.9,0.648
2007-10-29,4.533,4.519,3.667,3.876,0.866,0.643
2007-10-30,4.54,4.525,3.67,3.878,0.869,0.647
2007-10-31,4.613,4.593,3.74,3.909,0.872,0.685
2007-11-01,4.506,4.505,3.641,3.851,0.865,0.654
2007-11-02,4.467,4.439,3.558,3.796,0.909,0.643
2007-11-05,4.492,4.461,3.577,3.807,0.915,0.654
2007-11-06,4.531,4.492,3.578,3.823,0.953,0.669
2007-11-07,4.52,4.465,3.488,3.791,1.032,0.674
2007-11-08,4.482,4.418,3.393,3.75,1.089,0.667
2007-11-09,4.427,4.382,3.378,3.718,1.049,0.664
2007-11-13,4.442,4.417,3.449,3.744,0.993,0.673
2007-11-14,4.453,4.429,3.471,3.746,0.982,0.683
2007-11-15,4.362,4.332,3.35,3.686,1.012,0.646
2007-11-16,4.362,4.313,3.32,3.679,1.042,0.634
2007-11-19,4.295,4.247,3.226,3.65,1.069,0.596
2007-11-20,4.298,4.233,3.184,3.635,1.114,0.598
2007-11-21,4.278,4.195,3.076,3.602,1.202,0.593
2007-11-23,4.265,4.218,3.153,3.618,1.112,0.6
2007-11-26,4.09,4.083,3.059,3.55,1.031,0.533
2007-11-27,4.2,4.15,3.119,3.585,1.081,0.566
2007-11-28,4.267,4.231,3.214,3.617,1.053,0.615
2007-11-29,4.189,4.172,3.152,3.576,1.037,0.596
2007-11-30,4.234,4.176,3.123,3.585,1.111,0.591
2007-12-03,4.172,4.102,3.016,3.547,1.155,0.555
2007-12-04,4.165,4.092,3.01,3.542,1.155,0.55
2007-12-05,4.203,4.114,2.982,3.555,1.221,0.559
2007-12-06,4.291,4.201,3.037,3.601,1.253,0.6
2007-12-07,4.396,4.307,3.092,3.654,1.304,0.653
2007-12-10,4.414,4.347,3.102,3.668,1.313,0.679
2007-12-11,4.274,4.218,2.944,3.592,1.33,0.626
2007-12-12,4.322,4.254,3.028,3.601,1.295,0.652
2007-12-13,4.428,4.348,3.096,3.64,1.332,0.708
2007-12-14,4.476,4.417,3.166,3.668,1.31,0.749
2007-12-17,4.434,4.384,3.122,3.664,1.312,0.72
2007-12-18,4.377,4.325,3.106,3.64,1.271,0.685
2007-12-19,4.302,4.251,3.078,3.598,1.224,0.653
2007-12-20,4.297,4.217,3.056,3.577,1.241,0.64
2007-12-21,4.429,4.319,3.132,3.632,1.297,0.686
2007-12-24,4.478,4.386,3.174,3.695,1.303,0.691
2007-12-26,4.547,4.451,3.202,3.74,1.345,0.711
2007-12-27,4.463,4.394,3.152,3.707,1.311,0.688
2007-12-28,4.369,4.311,3.095,3.667,1.273,0.644
2007-12-31,4.308,4.253,3.069,3.655,1.239,0.598
2008-01-02,4.195,4.133,2.96,3.596,1.235,0.536
2008-01-03,4.15,4.109,3.038,3.586,1.111,0.523
2008-01-04,4.116,4.069,2.949,3.566,1.168,0.503
2008-01-07,4.093,4.059,2.927,3.57,1.167,0.488
2008-01-08,4.095,4.06,2.93,3.575,1.166,0.485
2008-01-09,4.05,4.025,2.903,3.558,1.146,0.467
2008-01-10,4.156,4.091,2.893,3.592,1.263,0.499
2008-01-11,4.068,4.033,2.797,3.552,1.272,0.481
2008-01-14,4.058,4.036,2.81,3.555,1.248,0.481
2008-01-15,3.959,3.977,2.799,3.527,1.16,0.45
2008-01-16,3.99,3.981,2.779,3.529,1.211,0.452
2008-01-17,3.913,3.922,2.733,3.497,1.18,0.425
2008-01-18,3.919,3.9,2.672,3.469,1.248,0.431
2008-01-22,3.813,3.768,2.42,3.351,1.392,0.417
2008-01-23,3.817,3.765,2.362,3.31,1.455,0.455
2008-01-24,3.972,3.917,2.493,3.379,1.479,0.538
2008-01-25,3.904,3.901,2.489,3.359,1.416,0.543
2008-01-28,3.911,3.893,2.457,3.347,1.454,0.545
2008-01-29,3.985,3.948,2.487,3.365,1.498,0.583
2008-01-30,4.064,4.021,2.518,3.386,1.546,0.634
2008-01-31,3.965,3.938,2.409,3.316,1.556,0.623
2008-02-01,3.927,3.894,2.375,3.291,1.552,0.603
2008-02-04,3.969,3.921,2.408,3.316,1.561,0.604
2008-02-05,3.92,3.865,2.296,3.29,1.624,0.575
2008-02-06,3.951,3.887,2.289,3.298,1.661,0.589
2008-02-07,4.082,3.998,2.327,3.356,1.754,0.642
2008-02-08,3.98,3.956,2.294,3.341,1.686,0.614
2008-02-11,3.951,3.937,2.292,3.342,1.659,0.595
2008-02-12,4.001,3.97,2.29,3.364,1.711,0.606
2008-02-13,4.045,4.003,2.264,3.383,1.781,0.621
2008-02-14,4.183,4.117,2.293,3.443,1.889,0.674
2008-02-15,4.099,4.104,2.289,3.433,1.81,0.671
2008-02-19,4.206,4.208,2.384,3.487,1.823,0.722
2008-02-20,4.236,4.27,2.457,3.515,1.779,0.756
2008-02-21,4.105,4.143,2.302,3.447,1.803,0.697
2008-02-22,4.118,4.128,2.301,3.439,1.817,0.688
2008-02-25,4.237,4.228,2.39,3.486,1.847,0.742
2008-02-26,4.207,4.21,2.336,3.47,1.871,0.741
2008-02-27,4.184,4.184,2.317,3.442,1.867,0.743
2008-02-28,4.052,4.068,2.214,3.371,1.838,0.696
2008-02-29,3.885,3.896,2.081,3.277,1.804,0.618
2008-03-03,3.903,3.87,2.056,3.254,1.848,0.616
2008-03-04,4.003,3.927,2.022,3.272,1.981,0.655
2008-03-05,4.077,3.999,2.026,3.294,2.05,0.706
2008-03-06,4.002,3.949,1.941,3.249,2.061,0.7
2008-03-07,3.942,3.903,1.902,3.218,2.041,0.685
2008-03-10,3.842,3.813,1.84,3.161,2.002,0.652
2008-03-11,3.973,3.934,2.026,3.225,1.947,0.71
2008-03-12,3.848,3.846,1.98,3.179,1.868,0.668
2008-03-13,3.923,3.858,1.949,3.172,1.974,0.686
2008-03-14,3.796,3.735,1.792,3.089,2.004,0.646
2008-03-17,3.718,3.633,1.665,3.027,2.053,0.606
2008-03-18,3.798,3.721,1.852,3.05,1.945,0.671
2008-03-19,3.706,3.662,1.828,2.984,1.878,0.678
2008-03-20,3.648,3.619,1.876,2.941,1.773,0.678
2008-03-21,3.648,,1.876,,1.773,
2008-03-24,3.86,3.792,2.062,3.059,1.798,0.732
2008-03-25,3.83,3.78,2.052,3.069,1.779,0.711
2008-03-26,3.852,3.753,1.96,3.062,1.892,0.691
2008-03-27,3.904,3.788,1.967,3.084,1.937,0.704
2008-03-28,3.836,3.742,1.906,3.069,1.93,0.674
2008-03-31,3.813,3.718,1.885,3.067,1.928,0.651
2008-04-01,3.927,3.826,2.008,3.125,1.92,0.701
2008-04-02,3.947,3.888,2.111,3.157,1.836,0.731
2008-04-03,3.941,3.901,2.157,3.161,1.784,0.741
2008-04-04,3.831,3.808,2.1,3.109,1.731,0.699
2008-04-07,3.889,3.854,2.209,3.136,1.68,0.718
2008-04-08,3.915,3.854,2.159,3.133,1.755,0.721
2008-04-09,3.827,3.773,2.073,3.086,1.754,0.688
2008-04-10,3.873,3.808,2.13,3.094,1.742,0.713
2008-04-11,3.818,3.766,2.078,3.062,1.74,0.704
2008-04-14,3.863,3.787,2.072,3.061,1.79,0.726
2008-04-15,3.921,3.846,2.126,3.084,1.795,0.762
2008-04-16,4.041,3.957,2.211,3.136,1.83,0.821
2008-04-17,4.05,4.011,2.317,3.166,1.732,0.845
2008-04-18,4.071,4.034,2.36,3.186,1.711,0.848
2008-04-21,4.039,4.019,2.408,3.181,1.631,0.838
2008-04-22,4.027,4.009,2.443,3.17,1.584,0.839
2008-04-23,4.056,4.022,2.447,3.17,1.609,0.851
2008-04-24,4.151,4.116,2.563,3.211,1.588,0.905
2008-04-25,4.201,4.17,2.596,3.238,1.605,0.932
2008-04-28,4.137,4.121,2.549,3.221,1.588,0.9
2008-04-29,4.128,4.097,2.531,3.216,1.597,0.881
2008-04-30,4.065,4.04,2.497,3.186,1.568,0.855
2008-05-01,4.063,4.048,2.561,3.193,1.502,0.855
2008-05-02,4.175,4.134,2.623,3.237,1.553,0.896
2008-05-05,4.165,4.131,2.58,3.241,1.585,0.89
2008-05-06,4.22,4.158,2.54,3.263,1.68,0.895
2008-05-07,4.172,4.13,2.505,3.258,1.667,0.873
2008-05-08,4.106,4.069,2.435,3.235,1.671,0.835
2008-05-09,4.082,4.054,2.456,3.235,1.625,0.819
2008-05-12,4.082,4.065,2.493,3.254,1.589,0.81
2008-05-13,4.192,4.169,2.621,3.315,1.571,0.855
2008-05-14,4.215,4.216,2.686,3.339,1.53,0.877
2008-05-15,4.115,4.14,2.63,3.303,1.486,0.837
2008-05-16,4.141,4.14,2.641,3.304,1.499,0.836
2008-05-19,4.117,4.115,2.61,3.292,1.508,0.823
2008-05-20,4.07,4.067,2.555,3.272,1.515,0.794
2008-05-21,4.097,4.098,2.628,3.29,1.469,0.808
2008-05-22,4.207,4.203,2.73,3.341,1.477,0.862
2008-05-23,4.138,4.158,2.664,3.318,1.474,0.84
2008-05-27,4.231,4.222,2.715,3.351,1.515,0.871
2008-05-28,4.329,4.318,2.791,3.398,1.538,0.92
2008-05-29,4.391,4.376,2.796,3.422,1.595,0.954
2008-05-30,4.371,4.379,2.795,3.423,1.576,0.956
2008-06-02,4.275,4.29,2.7,3.379,1.575,0.911
2008-06-03,4.22,4.223,2.638,3.349,1.583,0.874
2008-06-04,4.291,4.258,2.642,3.367,1.649,0.89
2008-06-05,4.374,4.328,2.664,3.403,1.71,0.925
2008-06-06,4.26,4.252,2.588,3.367,1.672,0.884
2008-06-09,4.313,4.342,2.844,3.417,1.469,0.925
2008-06-10,4.4,4.434,2.973,3.471,1.426,0.963
2008-06-11,4.392,4.41,2.918,3.456,1.474,0.955
2008-06-12,4.505,4.513,3.066,3.506,1.439,1.006
2008-06-13,4.556,4.558,3.084,3.525,1.472,1.033
2008-06-16,4.545,4.551,3.072,3.529,1.473,1.022
2008-06-17,4.524,4.511,3.002,3.505,1.523,1.006
2008-06-18,4.438,4.444,2.979,3.466,1.459,0.978
2008-06-19,4.508,4.493,3.043,3.485,1.466,1.009
2008-06-20,4.438,4.435,2.973,3.448,1.465,0.987
2008-06-23,4.465,4.463,3.049,3.462,1.415,1.001
2008-06-24,4.365,4.373,2.967,3.413,1.398,0.96
2008-06-25,4.397,4.367,2.94,3.405,1.457,0.962
2008-06-26,4.324,4.298,2.844,3.365,1.479,0.934
2008-06-27,4.241,4.237,2.837,3.328,1.404,0.909
2008-06-30,4.251,4.227,2.81,3.337,1.441,0.89
2008-07-01,4.273,4.229,2.774,3.343,1.499,0.885
2008-07-02,4.247,4.212,2.764,3.335,1.483,0.877
2008-07-03,4.258,4.206,2.714,3.334,1.543,0.872
2008-07-07,4.221,4.176,2.663,3.325,1.559,0.851
2008-07-08,4.171,4.147,2.673,3.315,1.498,0.832
2008-07-09,4.109,4.088,2.628,3.286,1.48,0.802
2008-07-10,4.101,4.071,2.63,3.268,1.471,0.802
2008-07-11,4.222,4.178,2.75,3.309,1.472,0.869
2008-07-14,4.167,4.14,2.684,3.276,1.483,0.864
2008-07-15,4.137,4.091,2.606,3.235,1.531,0.856
2008-07-16,4.255,4.162,2.607,3.259,1.648,0.903
2008-07-17,4.344,4.272,2.721,3.308,1.623,0.964
2008-07-18,4.375,4.333,2.793,3.334,1.582,0.999
2008-07-21,4.346,4.324,2.8,3.329,1.545,0.995
2008-07-22,4.397,4.363,2.852,3.349,1.545,1.014
2008-07-23,4.421,4.389,2.882,3.361,1.538,1.028
2008-07-24,4.293,4.281,2.771,3.312,1.522,0.968
2008-07-25,4.406,4.342,2.795,3.353,1.61,0.988
2008-07-28,4.327,4.284,2.717,3.331,1.61,0.953
2008-07-29,4.354,4.307,2.762,3.348,1.591,0.959
2008-07-30,4.33,4.294,2.75,3.341,1.579,0.953
2008-07-31,4.242,4.213,2.662,3.302,1.58,0.911
2008-08-01,4.231,4.187,2.648,3.29,1.583,0.897
2008-08-04,4.238,4.193,2.658,3.304,1.581,0.89
2008-08-05,4.29,4.229,2.668,3.326,1.622,0.903
2008-08-06,4.319,4.259,2.672,3.334,1.648,0.924
2008-08-07,4.187,4.162,2.59,3.287,1.597,0.875
2008-08-08,4.201,4.173,2.659,3.296,1.541,0.877
2008-08-11,4.259,4.218,2.68,3.334,1.578,0.884
2008-08-12,4.18,4.15,2.598,3.31,1.582,0.84
2008-08-13,4.215,4.17,2.63,3.323,1.585,0.847
2008-08-14,4.16,4.134,2.606,3.31,1.554,0.824
2008-08-15,4.108,4.09,2.587,3.289,1.52,0.8
2008-08-18,4.085,4.058,2.554,3.276,1.531,0.781
2008-08-19,4.113,4.062,2.525,3.278,1.588,0.784
2008-08-20,4.068,4.025,2.476,3.253,1.592,0.772
2008-08-21,4.11,4.066,2.538,3.271,1.572,0.795
2008-08-22,4.133,4.112,2.618,3.29,1.515,0.822
2008-08-25,4.044,4.041,2.556,3.256,1.488,0.785
2008-08-26,4.043,4.027,2.577,3.247,1.466,0.78
2008-08-27,4.026,3.996,2.535,3.228,1.49,0.768
2008-08-28,4.04,4.01,2.574,3.238,1.466,0.772
2008-08-29,4.102,4.041,2.551,3.254,1.551,0.787
2008-09-02,4.016,3.975,2.488,3.221,1.527,0.754
2008-09-03,3.977,3.934,2.47,3.201,1.507,0.734
2008-09-04,3.916,3.874,2.426,3.171,1.49,0.702
2008-09-05,3.935,3.884,2.466,3.177,1.469,0.708
2008-09-08,3.931,3.9,2.528,3.186,1.403,0.714
2008-09-09,3.89,3.86,2.495,3.162,1.395,0.698
2008-09-10,3.932,3.87,2.477,3.164,1.454,0.706
2008-09-11,3.909,3.853,2.452,3.152,1.457,0.701
2008-09-12,4.029,3.936,2.484,3.182,1.545,0.754
2008-09-15,3.795,3.709,2.159,3.033,1.636,0.675
2008-09-16,3.778,3.706,2.259,3.002,1.518,0.704
2008-09-17,3.744,3.625,2.077,2.88,1.667,0.745
2008-09-18,3.86,3.737,2.181,2.89,1.68,0.847
2008-09-19,4.1,3.999,2.43,3.062,1.67,0.937
2008-09-22,4.177,4.064,2.399,3.14,1.777,0.923
2008-09-23,4.195,4.062,2.361,3.131,1.834,0.931
2008-09-24,4.189,4.016,2.221,3.081,1.968,0.935
2008-09-25,4.247,4.102,2.371,3.126,1.876,0.977
2008-09-26,4.219,4.091,2.344,3.126,1.875,0.965
2008-09-29,4.009,3.874,2.068,3.034,1.941,0.84
2008-09-30,4.263,4.059,2.233,3.135,2.03,0.924
2008-10-01,4.2,4.032,2.147,3.121,2.053,0.911
2008-10-02,4.118,3.937,1.971,3.056,2.148,0.881
2008-10-03,4.094,3.92,1.923,3.032,2.171,0.888
2008-10-06,3.955,3.812,1.801,2.977,2.154,0.835
2008-10-07,3.987,3.821,1.778,3.001,2.21,0.82
2008-10-08,4.261,4.035,1.9,3.104,2.36,0.931
2008-10-09,4.428,4.19,1.872,3.173,2.557,1.017
2008-10-10,4.474,4.246,1.809,3.167,2.665,1.079
2008-10-14,4.694,4.46,1.928,3.268,2.766,1.192
2008-10-15,4.732,4.482,1.759,3.265,2.973,1.217
2008-10-16,4.725,4.489,1.696,3.29,3.029,1.199
2008-10-17,4.758,4.512,1.643,3.34,3.114,1.173
2008-10-20,4.681,4.496,1.689,3.402,2.992,1.093
2008-10-21,4.554,4.358,1.582,3.365,2.971,0.994
2008-10-22,4.45,4.265,1.577,3.332,2.873,0.933
2008-10-23,4.44,4.253,1.638,3.33,2.802,0.923
2008-10-24,4.559,4.329,1.635,3.36,2.925,0.968
2008-10-27,4.591,4.38,1.654,3.377,2.937,1.003
2008-10-28,4.713,4.474,1.652,3.408,3.062,1.066
2008-10-29,4.775,4.53,1.581,3.413,3.194,1.117
2008-10-30,4.858,4.61,1.557,3.424,3.302,1.185
2008-10-31,4.904,4.649,1.467,3.43,3.437,1.218
2008-11-03,4.9,4.63,1.335,3.426,3.565,1.204
2008-11-04,4.717,4.51,1.293,3.372,3.424,1.138
2008-11-05,4.602,4.425,1.336,3.324,3.266,1.101
2008-11-06,4.61,4.398,1.299,3.299,3.311,1.099
2008-11-07,4.688,4.463,1.363,3.324,3.325,1.14
2008-11-10,4.654,4.456,1.376,3.319,3.278,1.137
2008-11-12,4.535,4.351,1.274,3.256,3.261,1.095
2008-11-13,4.636,4.396,1.26,3.282,3.375,1.114
2008-11-14,4.478,4.308,1.278,3.235,3.2,1.072
2008-11-17,4.395,4.234,1.29,3.192,3.106,1.042
2008-11-18,4.225,4.1,1.277,3.12,2.948,0.98
2008-11-19,4.071,3.955,1.253,3.039,2.818,0.916
2008-11-20,3.797,3.742,1.281,2.921,2.517,0.82
2008-11-21,3.879,3.753,1.344,2.914,2.535,0.839
2008-11-24,4.03,3.881,1.48,2.975,2.55,0.906
2008-11-25,3.811,3.728,1.382,2.896,2.428,0.832
2008-11-26,3.708,3.618,1.382,2.836,2.326,0.782
2008-11-28,3.683,3.537,1.292,2.79,2.391,0.748
2008-12-01,3.462,3.356,1.212,2.704,2.25,0.651
2008-12-02,3.422,3.281,1.206,2.67,2.216,0.612
2008-12-03,3.399,3.235,1.176,2.643,2.223,0.591
2008-12-04,3.265,3.146,1.195,2.594,2.07,0.553
2008-12-05,3.412,3.249,1.301,2.636,2.111,0.613
2008-12-08,3.478,3.33,1.354,2.672,2.124,0.659
2008-12-09,3.366,3.251,1.263,2.63,2.103,0.621
2008-12-10,3.398,3.255,1.247,2.629,2.151,0.626
2008-12-11,3.339,3.207,1.197,2.606,2.142,0.6
2008-12-12,3.325,3.187,1.182,2.599,2.143,0.589
2008-12-15,3.264,3.142,1.17,2.583,2.094,0.559
2008-12-16,3.084,3,1.113,2.517,1.971,0.483
2008-12-17,2.863,2.883,1.304,2.459,1.559,0.424
2008-12-18,2.695,2.737,1.343,2.38,1.352,0.358
2008-12-19,2.737,2.737,1.429,2.372,1.308,0.365
2008-12-22,2.74,2.748,1.511,2.373,1.228,0.375
2008-12-23,2.752,2.747,1.541,2.366,1.211,0.38
2008-12-24,2.779,2.752,1.553,2.361,1.226,0.392
2008-12-26,2.735,2.712,1.536,2.337,1.199,0.374
2008-12-29,2.733,2.67,1.444,2.319,1.288,0.352
2008-12-30,2.72,2.66,1.457,2.318,1.263,0.342
2008-12-31,2.899,2.767,1.431,2.374,1.468,0.393
2009-01-02,3.114,2.953,1.484,2.464,1.63,0.489
2009-01-05,3.161,3.005,1.36,2.496,1.802,0.509
2009-01-06,3.165,3.037,1.359,2.516,1.806,0.52
2009-01-07,3.162,3.052,1.361,2.525,1.801,0.527
2009-01-08,3.112,3.027,1.352,2.513,1.76,0.513
2009-01-09,3.078,2.98,1.282,2.492,1.796,0.489
2009-01-12,2.989,2.921,1.299,2.468,1.69,0.453
2009-01-13,2.973,2.896,1.305,2.458,1.669,0.438
2009-01-14,2.865,2.82,1.321,2.422,1.544,0.397
2009-01-15,2.859,2.8,1.348,2.413,1.511,0.387
2009-01-16,3.006,2.885,1.359,2.453,1.646,0.431
2009-01-20,3.077,2.942,1.317,2.482,1.76,0.46
2009-01-21,3.29,3.095,1.298,2.556,1.992,0.539
2009-01-22,3.373,3.181,1.242,2.598,2.131,0.583
2009-01-23,3.396,3.246,1.288,2.63,2.108,0.615
2009-01-26,3.46,3.309,1.29,2.666,2.17,0.643
2009-01-27,3.321,3.247,1.316,2.636,2.005,0.61
2009-01-28,3.439,3.315,1.327,2.673,2.111,0.641
2009-01-29,3.591,3.448,1.381,2.742,2.21,0.706
2009-01-30,3.591,3.478,1.363,2.759,2.228,0.719
2009-02-02,3.46,3.403,1.358,2.728,2.102,0.675
2009-02-03,3.591,3.482,1.403,2.773,2.187,0.709
2009-02-04,3.626,3.531,1.438,2.798,2.188,0.733
2009-02-05,3.621,3.54,1.433,2.803,2.188,0.737
2009-02-06,3.719,3.607,1.439,2.836,2.28,0.771
2009-02-09,3.718,3.638,1.485,2.854,2.233,0.784
2009-02-10,3.545,3.499,1.374,2.789,2.171,0.711
2009-02-11,3.448,3.417,1.409,2.751,2.039,0.666
2009-02-12,3.414,3.361,1.384,2.724,2.03,0.638
2009-02-13,3.575,3.462,1.423,2.772,2.152,0.69
2009-02-17,3.291,3.288,1.38,2.69,1.912,0.599
2009-02-18,3.395,3.335,1.479,2.713,1.916,0.623
2009-02-19,3.538,3.426,1.467,2.755,2.07,0.671
2009-02-20,3.46,3.384,1.436,2.73,2.024,0.654
2009-02-23,3.455,3.384,1.479,2.73,1.976,0.654
2009-02-24,3.476,3.405,1.525,2.74,1.951,0.665
2009-02-25,3.615,3.512,1.586,2.789,2.029,0.723
2009-02-26,3.654,3.557,1.58,2.803,2.074,0.754
2009-02-27,3.713,3.57,1.458,2.807,2.254,0.764
2009-03-02,3.595,3.486,1.377,2.768,2.218,0.718
2009-03-03,3.616,3.493,1.397,2.774,2.219,0.719
2009-03-04,3.702,3.571,1.457,2.811,2.244,0.76
2009-03-05,3.497,3.456,1.455,2.75,2.042,0.706
2009-03-06,3.487,3.432,1.498,2.734,1.989,0.698
2009-03-09,3.537,3.464,1.523,2.751,2.014,0.713
2009-03-10,3.638,3.54,1.559,2.787,2.079,0.753
2009-03-11,3.562,3.513,1.58,2.771,1.982,0.743
2009-03-12,3.48,3.452,1.593,2.737,1.887,0.715
2009-03-13,3.472,3.408,1.533,2.712,1.938,0.696
2009-03-16,3.553,3.451,1.533,2.735,2.02,0.716
2009-03-17,3.614,3.515,1.579,2.766,2.034,0.75
2009-03-18,3.075,3.15,1.443,2.587,1.633,0.564
2009-03-19,3.087,3.086,1.529,2.555,1.558,0.531
2009-03-20,3.116,3.077,1.522,2.551,1.594,0.526
2009-03-23,3.125,3.078,1.541,2.55,1.584,0.528
2009-03-24,3.129,3.074,1.543,2.546,1.586,0.528
2009-03-25,3.245,3.16,1.6,2.583,1.645,0.577
2009-03-26,3.201,3.14,1.559,2.568,1.643,0.572
2009-03-27,3.22,3.145,1.554,2.567,1.666,0.578
2009-03-30,3.17,3.101,1.503,2.549,1.666,0.552
2009-03-31,3.154,3.066,1.452,2.538,1.701,0.528
2009-04-01,3.1,3.033,1.481,2.526,1.62,0.508
2009-04-02,3.191,3.097,1.524,2.558,1.668,0.539
2009-04-03,3.334,3.221,1.579,2.616,1.754,0.605
2009-04-06,3.392,3.285,1.559,2.644,1.832,0.641
2009-04-07,3.382,3.291,1.535,2.645,1.848,0.646
2009-04-08,3.314,3.258,1.545,2.627,1.769,0.63
2009-04-09,3.411,3.312,1.535,2.653,1.876,0.659
2009-04-13,3.34,3.262,1.472,2.629,1.868,0.633
2009-04-14,3.253,3.192,1.441,2.596,1.812,0.596
2009-04-15,3.245,3.173,1.442,2.586,1.803,0.587
2009-04-16,3.319,3.227,1.476,2.609,1.842,0.618
2009-04-17,3.439,3.333,1.525,2.66,1.914,0.674
2009-04-20,3.334,3.281,1.49,2.633,1.844,0.648
2009-04-21,3.397,3.316,1.508,2.65,1.889,0.666
2009-04-22,3.446,3.362,1.526,2.669,1.919,0.692
2009-04-23,3.418,3.355,1.515,2.662,1.903,0.694
2009-04-24,3.492,3.409,1.53,2.685,1.962,0.724
2009-04-27,3.407,3.356,1.482,2.66,1.925,0.696
2009-04-28,3.51,3.42,1.504,2.693,2.006,0.727
2009-04-29,3.58,3.482,1.502,2.72,2.077,0.761
2009-04-30,3.621,3.521,1.47,2.741,2.151,0.78
2009-05-01,3.678,3.567,1.449,2.767,2.229,0.8
2009-05-04,3.639,3.569,1.478,2.774,2.16,0.795
2009-05-05,3.645,3.58,1.499,2.783,2.146,0.798
2009-05-06,3.65,3.584,1.49,2.785,2.161,0.799
2009-05-07,3.778,3.668,1.485,2.826,2.292,0.842
2009-05-08,3.778,3.692,1.478,2.837,2.3,0.855
2009-05-11,3.668,3.614,1.421,2.801,2.246,0.812
2009-05-12,3.664,3.592,1.409,2.794,2.255,0.798
2009-05-13,3.598,3.543,1.402,2.771,2.195,0.772
2009-05-14,3.599,3.528,1.392,2.764,2.207,0.764
2009-05-15,3.63,3.549,1.399,2.775,2.231,0.773
2009-05-18,3.711,3.619,1.435,2.811,2.276,0.808
2009-05-19,3.741,3.657,1.438,2.829,2.304,0.828
2009-05-20,3.676,3.618,1.408,2.81,2.268,0.808
2009-05-21,3.846,3.72,1.391,2.862,2.455,0.858
2009-05-22,3.955,3.82,1.392,2.911,2.562,0.909
2009-05-26,4.019,3.903,1.415,2.952,2.604,0.951
2009-05-27,4.241,4.062,1.393,3.029,2.848,1.033
2009-05-28,4.205,4.101,1.424,3.048,2.781,1.054
2009-05-29,4.017,3.995,1.41,2.996,2.607,0.999
2009-06-01,4.283,4.141,1.418,3.067,2.865,1.074
2009-06-02,4.23,4.156,1.427,3.073,2.803,1.082
2009-06-03,4.14,4.098,1.402,3.046,2.738,1.052
2009-06-04,4.317,4.201,1.407,3.097,2.91,1.104
2009-06-05,4.388,4.374,1.709,3.181,2.679,1.193
2009-06-08,4.425,4.447,1.805,3.21,2.619,1.237
2009-06-09,4.385,4.402,1.729,3.18,2.656,1.221
2009-06-10,4.472,4.452,1.75,3.2,2.722,1.253
2009-06-11,4.377,4.401,1.749,3.171,2.628,1.23
2009-06-12,4.313,4.344,1.744,3.14,2.569,1.204
2009-06-15,4.25,4.275,1.708,3.105,2.542,1.17
2009-06-16,4.171,4.206,1.717,3.071,2.453,1.135
2009-06-17,4.192,4.188,1.69,3.064,2.501,1.124
2009-06-18,4.378,4.319,1.745,3.128,2.633,1.19
2009-06-19,4.317,4.311,1.741,3.124,2.576,1.188
2009-06-22,4.233,4.247,1.713,3.096,2.519,1.151
2009-06-23,4.166,4.194,1.737,3.072,2.429,1.121
2009-06-24,4.22,4.222,1.755,3.085,2.466,1.136
2009-06-25,4.063,4.104,1.674,3.028,2.389,1.075
2009-06-26,4.021,4.046,1.666,3.002,2.355,1.044
2009-06-29,4.02,4.03,1.672,2.999,2.348,1.031
2009-06-30,4.043,4.036,1.676,3.004,2.367,1.032
2009-07-01,4.072,4.034,1.627,3.002,2.445,1.032
2009-07-02,4.015,3.991,1.582,2.982,2.433,1.009
2009-07-06,4.026,3.98,1.541,2.979,2.485,1
2009-07-07,3.969,3.952,1.549,2.968,2.421,0.984
2009-07-08,3.802,3.829,1.509,2.909,2.293,0.919
2009-07-09,3.934,3.883,1.516,2.937,2.418,0.946
2009-07-10,3.81,3.81,1.49,2.902,2.32,0.908
2009-07-13,3.879,3.834,1.489,2.916,2.39,0.919
2009-07-14,4.014,3.931,1.501,2.962,2.513,0.968
2009-07-15,4.139,4.06,1.566,3.023,2.573,1.037
2009-07-16,4.099,4.056,1.526,3.02,2.573,1.037
2009-07-17,4.186,4.117,1.53,3.048,2.657,1.068
2009-07-20,4.116,4.087,1.515,3.035,2.601,1.052
2009-07-21,3.999,3.999,1.488,2.994,2.511,1.005
2009-07-22,4.077,4.03,1.499,3.011,2.578,1.02
2009-07-23,4.219,4.156,1.58,3.07,2.639,1.086
2009-07-24,4.202,4.17,1.565,3.075,2.637,1.095
2009-07-27,4.254,4.213,1.578,3.095,2.676,1.118
2009-07-28,4.208,4.211,1.624,3.091,2.584,1.12
2009-07-29,4.171,4.205,1.699,3.085,2.472,1.12
2009-07-30,4.132,4.178,1.724,3.067,2.409,1.111
2009-07-31,3.977,4.053,1.697,3.004,2.28,1.049
2009-08-03,4.119,4.119,1.74,3.035,2.378,1.084
2009-08-04,4.149,4.15,1.739,3.048,2.41,1.103
2009-08-05,4.247,4.217,1.734,3.078,2.513,1.139
2009-08-06,4.239,4.229,1.735,3.081,2.504,1.148
2009-08-07,4.332,4.314,1.797,3.121,2.535,1.194
2009-08-10,4.237,4.259,1.757,3.094,2.48,1.166
2009-08-11,4.145,4.189,1.766,3.059,2.379,1.13
2009-08-12,4.207,4.197,1.72,3.063,2.487,1.134
2009-08-13,4.076,4.104,1.679,3.019,2.397,1.085
2009-08-14,4.04,4.046,1.644,2.994,2.396,1.052
2009-08-17,3.956,3.972,1.625,2.962,2.331,1.01
2009-08-18,3.984,3.978,1.643,2.967,2.341,1.011
2009-08-19,3.933,3.94,1.623,2.949,2.31,0.991
2009-08-20,3.901,3.916,1.644,2.937,2.257,0.979
2009-08-21,4.038,4.02,1.717,2.986,2.321,1.035
2009-08-24,3.96,3.98,1.684,2.965,2.276,1.015
2009-08-25,3.92,3.948,1.692,2.949,2.228,0.999
2009-08-26,3.909,3.932,1.705,2.94,2.204,0.993
2009-08-27,3.942,3.944,1.686,2.944,2.256,0.999
2009-08-28,3.932,3.932,1.66,2.938,2.273,0.994
2009-08-31,3.883,3.886,1.617,2.917,2.266,0.969
2009-09-01,3.864,3.847,1.568,2.9,2.296,0.947
2009-09-02,3.769,3.781,1.57,2.87,2.199,0.911
2009-09-03,3.808,3.793,1.58,2.878,2.228,0.915
2009-09-04,3.928,3.873,1.574,2.917,2.354,0.955
2009-09-08,3.944,3.905,1.565,2.933,2.379,0.971
2009-09-09,3.951,3.921,1.559,2.941,2.392,0.98
2009-09-10,3.801,3.834,1.572,2.899,2.228,0.935
2009-09-11,3.781,3.802,1.587,2.883,2.194,0.919
2009-09-14,3.856,3.845,1.609,2.903,2.247,0.942
2009-09-15,3.91,3.892,1.615,2.924,2.294,0.968
2009-09-16,3.916,3.924,1.661,2.935,2.255,0.989
2009-09-17,3.845,3.88,1.658,2.91,2.187,0.97
2009-09-18,3.924,3.929,1.696,2.93,2.227,0.999
2009-09-21,3.92,3.93,1.677,2.929,2.243,1.001
2009-09-22,3.907,3.913,1.65,2.921,2.257,0.992
2009-09-23,3.892,3.888,1.617,2.91,2.275,0.978
2009-09-24,3.848,3.85,1.596,2.892,2.252,0.958
2009-09-25,3.778,3.814,1.648,2.875,2.13,0.939
2009-09-28,3.734,3.771,1.654,2.853,2.08,0.917
2009-09-29,3.734,3.759,1.665,2.848,2.068,0.911
2009-09-30,3.737,3.742,1.631,2.84,2.106,0.901
2009-10-01,3.638,3.66,1.583,2.799,2.055,0.861
2009-10-02,3.66,3.657,1.587,2.797,2.073,0.86
2009-10-05,3.649,3.651,1.59,2.793,2.059,0.858
2009-10-06,3.679,3.672,1.603,2.802,2.076,0.871
2009-10-07,3.591,3.61,1.567,2.771,2.024,0.839
2009-10-08,3.668,3.647,1.575,2.788,2.093,0.859
2009-10-09,3.817,3.766,1.621,2.844,2.196,0.922
2009-10-13,3.755,3.738,1.567,2.829,2.188,0.909
2009-10-14,3.869,3.812,1.57,2.865,2.298,0.947
2009-10-15,3.9,3.862,1.59,2.889,2.31,0.974
2009-10-16,3.823,3.835,1.607,2.876,2.216,0.959
2009-10-19,3.803,3.816,1.619,2.867,2.184,0.949
2009-10-20,3.75,3.764,1.594,2.843,2.156,0.921
2009-10-21,3.814,3.805,1.637,2.861,2.177,0.944
2009-10-22,3.84,3.825,1.625,2.869,2.215,0.956
2009-10-23,3.895,3.882,1.672,2.895,2.222,0.987
2009-10-26,3.98,3.951,1.678,2.928,2.301,1.023
2009-10-27,3.88,3.885,1.612,2.896,2.268,0.989
2009-10-28,3.838,3.837,1.595,2.874,2.243,0.963
2009-10-29,3.931,3.895,1.61,2.902,2.321,0.992
2009-10-30,3.812,3.818,1.562,2.866,2.25,0.952
2009-11-02,3.834,3.817,1.562,2.868,2.272,0.949
2009-11-03,3.897,3.854,1.548,2.887,2.349,0.967
2009-11-04,3.971,3.905,1.52,2.913,2.451,0.993
2009-11-05,3.967,3.911,1.478,2.917,2.489,0.995
2009-11-06,3.943,3.894,1.441,2.912,2.502,0.982
2009-11-09,3.924,3.887,1.448,2.913,2.476,0.974
2009-11-10,3.931,3.889,1.441,2.916,2.49,0.973
2009-11-12,3.898,3.867,1.424,2.908,2.474,0.959
2009-11-13,3.873,3.85,1.443,2.901,2.43,0.949
2009-11-16,3.756,3.768,1.435,2.864,2.321,0.905
2009-11-17,3.751,3.743,1.44,2.852,2.312,0.891
2009-11-18,3.791,3.756,1.425,2.858,2.366,0.899
2009-11-19,3.777,3.745,1.407,2.851,2.37,0.894
2009-11-20,3.788,3.756,1.422,2.855,2.366,0.901
2009-11-23,3.786,3.761,1.426,2.859,2.36,0.902
2009-11-24,3.725,3.711,1.39,2.836,2.335,0.874
2009-11-25,3.663,3.667,1.405,2.816,2.258,0.851
2009-11-27,3.596,3.598,1.379,2.783,2.217,0.815
2009-11-30,3.591,3.568,1.359,2.772,2.232,0.796
2009-12-01,3.664,3.601,1.338,2.79,2.326,0.811
2009-12-02,3.696,3.644,1.379,2.811,2.316,0.833
2009-12-03,3.779,3.706,1.366,2.842,2.414,0.864
2009-12-04,3.866,3.801,1.432,2.887,2.433,0.915
2009-12-07,3.834,3.786,1.378,2.877,2.456,0.909
2009-12-08,3.794,3.745,1.325,2.857,2.469,0.888
2009-12-09,3.825,3.762,1.334,2.865,2.491,0.897
2009-12-10,3.885,3.808,1.335,2.887,2.55,0.921
2009-12-11,3.944,3.869,1.368,2.917,2.576,0.952
2009-12-14,3.945,3.899,1.42,2.931,2.525,0.968
2009-12-15,3.983,3.936,1.451,2.948,2.532,0.988
2009-12-16,3.988,3.942,1.44,2.95,2.548,0.992
2009-12-17,3.877,3.858,1.396,2.909,2.481,0.949
2009-12-18,3.936,3.886,1.417,2.924,2.518,0.963
2009-12-21,4.074,3.995,1.46,2.978,2.614,1.017
2009-12-22,4.137,4.069,1.475,3.014,2.662,1.055
2009-12-23,4.145,4.102,1.495,3.027,2.65,1.074
2009-12-24,4.199,4.154,1.524,3.05,2.675,1.104
2009-12-28,4.211,4.191,1.576,3.068,2.636,1.122
2009-12-29,4.178,4.178,1.588,3.06,2.59,1.117
2009-12-30,4.156,4.159,1.599,3.046,2.557,1.113
2009-12-31,4.198,4.194,1.649,3.059,2.549,1.135
2010-01-04,4.209,4.186,1.592,3.053,2.616,1.133
2010-01-05,4.136,4.124,1.541,3.023,2.596,1.101
2010-01-06,4.216,4.16,1.528,3.04,2.688,1.12
2010-01-07,4.206,4.177,1.557,3.047,2.649,1.13
2010-01-08,4.192,4.161,1.516,3.04,2.676,1.122
2010-01-11,4.217,4.171,1.496,3.045,2.721,1.127
2010-01-12,4.092,4.098,1.502,3.011,2.59,1.087
2010-01-13,4.164,4.134,1.518,3.031,2.646,1.103
2010-01-14,4.111,4.102,1.509,3.016,2.602,1.086
2010-01-15,4.066,4.057,1.481,2.997,2.584,1.06
2010-01-19,4.088,4.069,1.507,3.004,2.581,1.066
2010-01-20,4.028,4.035,1.514,2.987,2.514,1.048
2010-01-21,3.973,3.978,1.486,2.961,2.487,1.018
2010-01-22,3.965,3.958,1.488,2.952,2.477,1.006
2010-01-25,4.01,3.98,1.48,2.965,2.529,1.016
2010-01-26,3.998,3.981,1.478,2.966,2.52,1.015
2010-01-27,4.009,4,1.513,2.977,2.495,1.023
2010-01-28,4.033,4.006,1.475,2.98,2.558,1.026
2010-01-29,3.982,3.971,1.454,2.964,2.529,1.006
2010-02-01,4.031,3.996,1.452,2.98,2.578,1.016
2010-02-02,4.014,3.992,1.448,2.98,2.566,1.012
2010-02-03,4.074,4.03,1.441,3,2.633,1.031
2010-02-04,3.965,3.959,1.409,2.966,2.556,0.994
2010-02-05,3.934,3.913,1.374,2.947,2.561,0.966
2010-02-08,3.96,3.924,1.387,2.956,2.572,0.968
2010-02-09,4.011,3.968,1.407,2.979,2.604,0.989
2010-02-10,4.071,4.028,1.439,3.007,2.632,1.02
2010-02-11,4.092,4.048,1.423,3.016,2.669,1.032
2010-02-12,4.058,4.024,1.395,3.003,2.663,1.021
2010-02-16,4.03,3.999,1.381,2.992,2.649,1.008
2010-02-17,4.107,4.055,1.411,3.019,2.696,1.037
2010-02-18,4.168,4.114,1.431,3.046,2.737,1.068
2010-02-19,4.15,4.136,1.488,3.056,2.662,1.08
2010-02-22,4.171,4.139,1.449,3.057,2.721,1.082
2010-02-23,4.055,4.064,1.437,3.022,2.618,1.042
2010-02-24,4.064,4.049,1.435,3.016,2.629,1.033
2010-02-25,4.009,4.002,1.406,2.994,2.604,1.007
2010-02-26,3.978,3.967,1.407,2.98,2.571,0.987
2010-03-01,3.976,3.952,1.387,2.974,2.589,0.977
2010-03-02,3.981,3.946,1.37,2.974,2.611,0.973
2010-03-03,3.987,3.953,1.374,2.978,2.613,0.974
2010-03-04,3.942,3.941,1.419,2.972,2.523,0.969
2010-03-05,4.029,3.993,1.431,2.997,2.598,0.996
2010-03-08,4.059,4.017,1.416,3.009,2.644,1.009
2010-03-09,4.049,4.014,1.409,3.008,2.64,1.007
2010-03-10,4.061,4.034,1.445,3.015,2.616,1.018
2010-03-11,4.056,4.05,1.498,3.022,2.558,1.028
2010-03-12,4.026,4.033,1.515,3.012,2.51,1.021
2010-03-15,4.03,4.027,1.517,3.009,2.513,1.018
2010-03-16,3.977,3.984,1.507,2.987,2.469,0.997
2010-03-17,3.953,3.962,1.528,2.974,2.425,0.988
2010-03-18,3.978,3.984,1.57,2.984,2.408,1
2010-03-19,3.986,4.002,1.614,2.99,2.372,1.012
2010-03-22,3.954,3.976,1.598,2.975,2.356,1.001
2010-03-23,3.969,3.972,1.58,2.97,2.389,1.002
2010-03-24,4.109,4.086,1.678,3.021,2.431,1.065
2010-03-25,4.196,4.161,1.653,3.055,2.543,1.106
2010-03-26,4.157,4.147,1.618,3.047,2.539,1.1
2010-03-29,4.166,4.157,1.636,3.053,2.53,1.104
2010-03-30,4.17,4.165,1.631,3.058,2.539,1.106
2010-03-31,4.137,4.138,1.603,3.047,2.533,1.091
2010-04-01,4.173,4.164,1.625,3.061,2.548,1.103
2010-04-02,4.252,4.231,1.652,3.093,2.599,1.138
2010-04-05,4.3,4.29,1.685,3.122,2.615,1.168
2010-04-06,4.263,4.275,1.678,3.113,2.586,1.162
2010-04-07,4.16,4.197,1.662,3.075,2.498,1.122
2010-04-08,4.195,4.203,1.666,3.078,2.529,1.124
2010-04-09,4.18,4.196,1.67,3.075,2.509,1.121
2010-04-12,4.131,4.16,1.66,3.057,2.471,1.102
2010-04-13,4.103,4.132,1.651,3.044,2.452,1.088
2010-04-14,4.15,4.15,1.649,3.053,2.501,1.097
2010-04-15,4.133,4.135,1.619,3.045,2.513,1.089
2010-04-16,4.065,4.079,1.595,3.02,2.47,1.059
2010-04-19,4.1,4.098,1.621,3.03,2.479,1.067
2010-04-20,4.087,4.104,1.654,3.033,2.433,1.071
2010-04-21,4.024,4.064,1.656,3.013,2.369,1.052
2010-04-22,4.066,4.085,1.69,3.022,2.376,1.063
2010-04-23,4.099,4.116,1.714,3.036,2.384,1.081
2010-04-26,4.093,4.111,1.696,3.032,2.397,1.079
2010-04-27,3.974,4.009,1.618,2.983,2.356,1.026
2010-04-28,4.053,4.047,1.666,3.002,2.387,1.045
2010-04-29,4.018,4.025,1.635,2.992,2.383,1.033
2010-04-30,3.952,3.974,1.626,2.968,2.326,1.005
2010-05-03,3.983,3.987,1.645,2.977,2.338,1.011
2010-05-04,3.891,3.921,1.625,2.945,2.266,0.977
2010-05-05,3.868,3.867,1.551,2.919,2.317,0.948
2010-05-06,3.71,3.733,1.494,2.852,2.216,0.881
2010-05-07,3.749,3.738,1.517,2.857,2.232,0.881
2010-05-10,3.856,3.813,1.554,2.896,2.302,0.917
2010-05-11,3.857,3.824,1.534,2.904,2.323,0.921
2010-05-12,3.889,3.855,1.548,2.919,2.342,0.936
2010-05-13,3.858,3.844,1.552,2.914,2.306,0.931
2010-05-14,3.76,3.76,1.49,2.875,2.271,0.885
2010-05-17,3.797,3.769,1.499,2.881,2.298,0.887
2010-05-18,3.697,3.701,1.488,2.851,2.208,0.85
2010-05-19,3.673,3.683,1.53,2.843,2.143,0.84
2010-05-20,3.567,3.599,1.507,2.803,2.06,0.796
2010-05-21,3.52,3.549,1.522,2.779,1.999,0.77
2010-05-24,3.544,3.549,1.539,2.778,2.005,0.771
2010-05-25,3.483,3.513,1.549,2.758,1.934,0.755
2010-05-26,3.505,3.525,1.599,2.761,1.906,0.764
2010-05-27,3.65,3.617,1.62,2.802,2.029,0.815
2010-05-28,3.619,3.598,1.569,2.791,2.049,0.807
2010-06-01,3.604,3.589,1.559,2.787,2.045,0.802
2010-06-02,3.667,3.633,1.57,2.808,2.097,0.825
2010-06-03,3.705,3.667,1.562,2.823,2.143,0.844
2010-06-04,3.519,3.54,1.501,2.763,2.017,0.777
2010-06-07,3.485,3.487,1.487,2.737,1.997,0.75
2010-06-08,3.49,3.479,1.504,2.732,1.986,0.747
2010-06-09,3.503,3.482,1.506,2.731,1.997,0.751
2010-06-10,3.636,3.578,1.547,2.775,2.089,0.803
2010-06-11,3.533,3.531,1.529,2.749,2.005,0.782
2010-06-14,3.583,3.553,1.529,2.757,2.054,0.796
2010-06-15,3.628,3.591,1.533,2.775,2.095,0.816
2010-06-16,3.568,3.561,1.534,2.762,2.034,0.799
2010-06-17,3.503,3.51,1.522,2.737,1.981,0.772
2010-06-18,3.537,3.522,1.53,2.745,2.007,0.777
2010-06-21,3.559,3.537,1.525,2.754,2.033,0.783
2010-06-22,3.469,3.482,1.52,2.73,1.949,0.753
2010-06-23,3.411,3.425,1.509,2.705,1.901,0.72
2010-06-24,3.435,3.419,1.484,2.704,1.951,0.715
2010-06-25,3.423,3.402,1.46,2.698,1.963,0.704
2010-06-28,3.339,3.341,1.438,2.674,1.902,0.667
2010-06-29,3.264,3.276,1.447,2.645,1.817,0.631
2010-06-30,3.251,3.254,1.463,2.637,1.788,0.617
2010-07-01,3.237,3.243,1.491,2.632,1.746,0.611
2010-07-02,3.287,3.266,1.481,2.643,1.806,0.624
2010-07-06,3.237,3.229,1.447,2.624,1.79,0.605
2010-07-07,3.301,3.254,1.422,2.636,1.879,0.619
2010-07-08,3.336,3.281,1.41,2.647,1.926,0.634
2010-07-09,3.37,3.319,1.436,2.666,1.934,0.653
2010-07-12,3.364,3.328,1.431,2.67,1.934,0.658
2010-07-13,3.419,3.372,1.452,2.69,1.967,0.682
2010-07-14,3.35,3.328,1.417,2.668,1.933,0.659
2010-07-15,3.278,3.266,1.388,2.64,1.89,0.626
2010-07-16,3.229,3.211,1.356,2.614,1.873,0.596
2010-07-19,3.261,3.216,1.356,2.62,1.906,0.596
2010-07-20,3.249,3.207,1.345,2.616,1.904,0.592
2010-07-21,3.166,3.154,1.359,2.59,1.807,0.564
2010-07-22,3.229,3.173,1.341,2.601,1.888,0.572
2010-07-23,3.292,3.223,1.354,2.625,1.938,0.598
2010-07-26,3.294,3.245,1.373,2.635,1.921,0.61
2010-07-27,3.342,3.292,1.395,2.657,1.947,0.635
2010-07-28,3.292,3.252,1.339,2.638,1.952,0.615
2010-07-29,3.288,3.229,1.289,2.628,1.999,0.601
2010-07-30,3.186,3.152,1.274,2.593,1.912,0.559
2010-08-02,3.244,3.17,1.268,2.604,1.976,0.566
2010-08-03,3.172,3.118,1.226,2.581,1.946,0.536
2010-08-04,3.217,3.147,1.269,2.596,1.948,0.55
2010-08-05,3.169,3.117,1.252,2.581,1.917,0.536
2010-08-06,3.079,3.053,1.251,2.55,1.828,0.502
2010-08-09,3.077,3.041,1.269,2.544,1.807,0.497
2010-08-10,3.004,2.981,1.243,2.515,1.76,0.466
2010-08-11,2.922,2.918,1.273,2.483,1.649,0.434
2010-08-12,2.935,2.914,1.31,2.48,1.625,0.434
2010-08-13,2.878,2.877,1.336,2.459,1.541,0.418
2010-08-16,2.764,2.788,1.35,2.414,1.414,0.374
2010-08-17,2.84,2.805,1.348,2.422,1.491,0.383
2010-08-18,2.84,2.809,1.37,2.422,1.47,0.388
2010-08-19,2.782,2.77,1.372,2.402,1.41,0.369
2010-08-20,2.829,2.794,1.398,2.411,1.431,0.383
2010-08-23,2.803,2.777,1.38,2.402,1.423,0.375
2010-08-24,2.701,2.707,1.381,2.368,1.32,0.339
2010-08-25,2.744,2.722,1.409,2.374,1.335,0.348
2010-08-26,2.691,2.692,1.424,2.358,1.267,0.334
2010-08-27,2.86,2.788,1.429,2.402,1.432,0.386
2010-08-30,2.739,2.725,1.408,2.37,1.331,0.355
2010-08-31,2.667,2.662,1.402,2.339,1.265,0.323
2010-09-01,2.792,2.721,1.375,2.367,1.416,0.354
2010-09-02,2.845,2.766,1.358,2.389,1.487,0.378
2010-09-03,2.952,2.854,1.366,2.431,1.586,0.423
2010-09-07,2.822,2.793,1.373,2.402,1.448,0.391
2010-09-08,2.874,2.82,1.392,2.416,1.482,0.404
2010-09-09,2.985,2.908,1.418,2.458,1.567,0.45
2010-09-10,3.033,2.963,1.42,2.484,1.613,0.479
2010-09-13,2.961,2.92,1.372,2.464,1.589,0.456
2010-09-14,2.905,2.867,1.339,2.442,1.566,0.425
2010-09-15,2.968,2.889,1.317,2.455,1.651,0.434
2010-09-16,3.021,2.926,1.299,2.476,1.721,0.45
2010-09-17,3.003,2.926,1.285,2.479,1.717,0.447
2010-09-20,2.96,2.902,1.275,2.47,1.685,0.432
2010-09-21,2.85,2.822,1.254,2.434,1.596,0.388
2010-09-22,2.787,2.77,1.284,2.409,1.503,0.361
2010-09-23,2.792,2.755,1.288,2.402,1.504,0.353
2010-09-24,2.858,2.788,1.278,2.417,1.58,0.371
2010-09-27,2.753,2.73,1.281,2.389,1.472,0.341
2010-09-28,2.683,2.667,1.274,2.358,1.409,0.308
2010-09-29,2.723,2.674,1.284,2.362,1.439,0.312
2010-09-30,2.734,2.675,1.27,2.362,1.465,0.313
2010-10-01,2.743,2.676,1.253,2.363,1.49,0.314
2010-10-04,2.701,2.649,1.245,2.348,1.456,0.301
2010-10-05,2.694,2.63,1.216,2.337,1.478,0.293
2010-10-06,2.603,2.571,1.228,2.308,1.375,0.263
2010-10-07,2.61,2.55,1.196,2.298,1.415,0.252
2010-10-08,2.605,2.537,1.179,2.291,1.427,0.245
2010-10-12,2.634,2.556,1.185,2.301,1.449,0.255
2010-10-13,2.649,2.562,1.156,2.305,1.493,0.257
2010-10-14,2.711,2.609,1.168,2.329,1.543,0.28
2010-10-15,2.799,2.666,1.12,2.357,1.679,0.308
2010-10-18,2.718,2.634,1.111,2.344,1.606,0.289
2010-10-19,2.686,2.606,1.111,2.333,1.575,0.273
2010-10-20,2.697,2.603,1.103,2.332,1.594,0.271
2010-10-21,2.774,2.647,1.088,2.355,1.686,0.293
2010-10-22,2.793,2.676,1.095,2.369,1.697,0.307
2010-10-25,2.783,2.691,1.134,2.377,1.649,0.314
2010-10-26,2.882,2.763,1.14,2.412,1.742,0.351
2010-10-27,2.966,2.839,1.151,2.449,1.816,0.391
2010-10-28,2.904,2.804,1.079,2.433,1.826,0.372
2010-10-29,2.842,2.753,1.053,2.409,1.789,0.344
2010-11-01,2.869,2.753,1.028,2.411,1.84,0.341
2010-11-02,2.812,2.728,1.063,2.401,1.75,0.328
2010-11-03,2.844,2.721,0.975,2.399,1.869,0.322
2010-11-04,2.669,2.623,1.007,2.353,1.663,0.27
2010-11-05,2.709,2.629,1.035,2.355,1.674,0.274
2010-11-08,2.706,2.636,1.073,2.356,1.633,0.28
2010-11-09,2.828,2.725,1.121,2.395,1.707,0.33
2010-11-10,2.781,2.707,1.091,2.383,1.69,0.324
2010-11-12,2.887,2.789,1.165,2.42,1.723,0.37
2010-11-15,3.078,2.932,1.177,2.487,1.901,0.446
2010-11-16,3.011,2.936,1.213,2.487,1.798,0.449
2010-11-17,3.076,2.966,1.166,2.501,1.909,0.465
2010-11-18,3.108,2.999,1.166,2.518,1.943,0.48
2010-11-19,3.077,3.006,1.221,2.522,1.856,0.485
2010-11-22,3.004,2.947,1.168,2.495,1.836,0.452
2010-11-23,2.971,2.908,1.159,2.478,1.813,0.429
2010-11-24,3.141,3.023,1.208,2.535,1.933,0.488
2010-11-26,3.083,3.016,1.213,2.532,1.87,0.484
2010-11-29,3.049,2.995,1.227,2.523,1.823,0.472
2010-11-30,3.029,2.963,1.199,2.509,1.83,0.454
2010-12-01,3.199,3.084,1.254,2.566,1.945,0.518
2010-12-02,3.234,3.145,1.284,2.594,1.95,0.552
2010-12-03,3.269,3.164,1.216,2.602,2.053,0.562
2010-12-06,3.193,3.11,1.151,2.579,2.042,0.531
2010-12-07,3.422,3.27,1.218,2.657,2.204,0.613
2010-12-08,3.533,3.404,1.268,2.72,2.266,0.683
2010-12-09,3.507,3.443,1.338,2.736,2.17,0.707
2010-12-10,3.599,3.518,1.359,2.77,2.24,0.748
2010-12-13,3.571,3.507,1.297,2.766,2.274,0.741
2010-12-14,3.776,3.648,1.326,2.836,2.45,0.812
2010-12-15,3.824,3.72,1.313,2.871,2.511,0.849
2010-12-16,3.741,3.694,1.314,2.858,2.427,0.836
2010-12-17,3.61,3.606,1.312,2.815,2.297,0.79
2010-12-20,3.624,3.595,1.319,2.812,2.305,0.782
2010-12-21,3.604,3.586,1.345,2.809,2.259,0.777
2010-12-22,3.62,3.597,1.362,2.814,2.258,0.783
2010-12-23,3.673,3.642,1.397,2.834,2.275,0.808
2010-12-27,3.609,3.621,1.431,2.824,2.178,0.796
2010-12-28,3.754,3.705,1.436,2.863,2.319,0.842
2010-12-29,3.601,3.609,1.393,2.815,2.208,0.794
2010-12-30,3.632,3.612,1.403,2.816,2.229,0.796
2010-12-31,3.553,3.561,1.411,2.791,2.142,0.77
2011-01-03,3.604,3.574,1.384,2.8,2.219,0.775
2011-01-04,3.604,3.577,1.363,2.802,2.242,0.775
2011-01-05,3.751,3.687,1.395,2.854,2.356,0.833
2011-01-06,3.683,3.668,1.389,2.844,2.294,0.823
2011-01-07,3.596,3.585,1.317,2.805,2.279,0.78
2011-01-10,3.565,3.542,1.3,2.787,2.265,0.755
2011-01-11,3.621,3.57,1.307,2.803,2.314,0.767
2011-01-12,3.625,3.581,1.302,2.809,2.323,0.772
2011-01-13,3.579,3.546,1.262,2.793,2.316,0.753
2011-01-14,3.602,3.554,1.271,2.798,2.331,0.756
2011-01-18,3.638,3.578,1.271,2.812,2.368,0.767
2011-01-19,3.619,3.572,1.264,2.81,2.355,0.762
2011-01-20,3.728,3.656,1.301,2.85,2.428,0.806
2011-01-21,3.693,3.656,1.304,2.85,2.389,0.806
2011-01-24,3.676,3.648,1.303,2.845,2.373,0.803
2011-01-25,3.583,3.582,1.307,2.814,2.276,0.769
2011-01-26,3.693,3.631,1.281,2.838,2.412,0.794
2011-01-27,3.663,3.617,1.256,2.831,2.407,0.786
2011-01-28,3.589,3.566,1.252,2.806,2.337,0.76
2011-01-31,3.657,3.595,1.235,2.822,2.422,0.773
2011-02-01,3.72,3.654,1.264,2.851,2.455,0.803
2011-02-02,3.746,3.708,1.339,2.876,2.407,0.832
2011-02-03,3.807,3.77,1.377,2.902,2.429,0.868
2011-02-04,3.903,3.859,1.417,2.942,2.486,0.917
2011-02-07,3.902,3.888,1.439,2.953,2.463,0.935
2011-02-08,3.971,3.96,1.507,2.984,2.464,0.976
2011-02-09,3.891,3.921,1.508,2.961,2.384,0.959
2011-02-10,3.928,3.948,1.547,2.969,2.381,0.978
2011-02-11,3.863,3.919,1.573,2.951,2.291,0.968
2011-02-14,3.84,3.896,1.585,2.938,2.255,0.958
2011-02-15,3.823,3.87,1.583,2.924,2.24,0.946
2011-02-16,3.834,3.869,1.587,2.921,2.247,0.949
2011-02-17,3.799,3.829,1.544,2.898,2.256,0.93
2011-02-18,3.817,3.827,1.527,2.897,2.289,0.929
2011-02-22,3.684,3.725,1.472,2.852,2.212,0.873
2011-02-23,3.714,3.726,1.499,2.854,2.215,0.872
2011-02-24,3.676,3.705,1.519,2.846,2.157,0.86
2011-02-25,3.644,3.675,1.51,2.832,2.134,0.843
2011-02-28,3.642,3.655,1.482,2.826,2.161,0.829
2011-03-01,3.637,3.641,1.462,2.821,2.175,0.82
2011-03-02,3.692,3.679,1.472,2.84,2.22,0.839
2011-03-03,3.802,3.787,1.544,2.89,2.259,0.897
2011-03-04,3.72,3.735,1.473,2.864,2.247,0.871
2011-03-07,3.739,3.742,1.478,2.868,2.262,0.874
2011-03-08,3.787,3.775,1.464,2.883,2.323,0.891
2011-03-09,3.71,3.729,1.443,2.861,2.267,0.869
2011-03-10,3.61,3.638,1.389,2.816,2.221,0.822
2011-03-11,3.646,3.634,1.377,2.814,2.269,0.819
2011-03-14,3.6,3.591,1.339,2.796,2.261,0.795
2011-03-15,3.563,3.565,1.36,2.785,2.203,0.78
2011-03-16,3.45,3.467,1.307,2.739,2.142,0.727
2011-03-17,3.481,3.465,1.319,2.738,2.162,0.727
2011-03-18,3.514,3.493,1.369,2.75,2.146,0.743
2011-03-21,3.557,3.544,1.434,2.774,2.123,0.77
2011-03-22,3.563,3.562,1.442,2.781,2.121,0.781
2011-03-23,3.585,3.576,1.439,2.786,2.146,0.791
2011-03-24,3.653,3.633,1.472,2.812,2.181,0.822
2011-03-25,3.686,3.685,1.519,2.834,2.168,0.851
2011-03-28,3.69,3.708,1.555,2.844,2.135,0.864
2011-03-29,3.717,3.729,1.556,2.851,2.161,0.878
2011-03-30,3.687,3.707,1.529,2.839,2.158,0.868
2011-03-31,3.699,3.715,1.564,2.841,2.135,0.874
2011-04-01,3.676,3.711,1.589,2.836,2.088,0.875
2011-04-04,3.667,3.688,1.538,2.822,2.129,0.866
2011-04-05,3.72,3.734,1.593,2.843,2.127,0.891
2011-04-06,3.783,3.784,1.594,2.865,2.189,0.919
2011-04-07,3.808,3.796,1.537,2.868,2.271,0.928
2011-04-08,3.822,3.819,1.551,2.878,2.271,0.941
2011-04-11,3.824,3.827,1.54,2.882,2.283,0.945
2011-04-12,3.754,3.768,1.483,2.854,2.271,0.913
2011-04-13,3.721,3.733,1.48,2.84,2.241,0.893
2011-04-14,3.739,3.744,1.499,2.848,2.239,0.896
2011-04-15,3.666,3.687,1.475,2.823,2.191,0.864
2011-04-18,3.641,3.642,1.425,2.804,2.216,0.839
2011-04-19,3.627,3.625,1.431,2.797,2.196,0.828
2011-04-20,3.676,3.662,1.461,2.815,2.215,0.847
2011-04-21,3.657,3.66,1.463,2.814,2.194,0.846
2011-04-25,3.619,3.632,1.455,2.802,2.164,0.83
2011-04-26,3.577,3.588,1.419,2.782,2.158,0.807
2011-04-27,3.627,3.601,1.39,2.789,2.237,0.812
2011-04-28,3.588,3.568,1.347,2.773,2.241,0.795
2011-04-29,3.563,3.542,1.328,2.762,2.235,0.78
2011-05-02,3.555,3.53,1.323,2.758,2.231,0.773
2011-05-03,3.523,3.511,1.331,2.747,2.193,0.764
2011-05-04,3.483,3.484,1.352,2.732,2.132,0.752
2011-05-05,3.406,3.421,1.331,2.7,2.075,0.721
2011-05-06,3.416,3.404,1.315,2.691,2.101,0.712
2011-05-09,3.395,3.379,1.299,2.68,2.096,0.699
2011-05-10,3.456,3.419,1.324,2.699,2.132,0.72
2011-05-11,3.422,3.398,1.304,2.688,2.118,0.71
2011-05-12,3.45,3.412,1.308,2.695,2.141,0.717
2011-05-13,3.406,3.389,1.312,2.684,2.094,0.705
2011-05-16,3.372,3.355,1.299,2.669,2.074,0.686
2011-05-17,3.343,3.326,1.289,2.656,2.054,0.67
2011-05-18,3.397,3.363,1.33,2.674,2.067,0.688
2011-05-19,3.394,3.361,1.309,2.674,2.085,0.686
2011-05-20,3.375,3.345,1.291,2.668,2.084,0.677
2011-05-23,3.346,3.324,1.291,2.659,2.055,0.665
2011-05-24,3.341,3.316,1.297,2.656,2.044,0.659
2011-05-25,3.351,3.311,1.276,2.654,2.075,0.657
2011-05-26,3.287,3.255,1.235,2.628,2.051,0.627
2011-05-27,3.299,3.245,1.213,2.625,2.087,0.62
2011-05-31,3.279,3.224,1.192,2.618,2.087,0.606
2011-06-01,3.173,3.151,1.183,2.584,1.99,0.568
2011-06-02,3.248,3.178,1.179,2.597,2.068,0.581
2011-06-03,3.201,3.148,1.157,2.582,2.044,0.566
2011-06-06,3.211,3.144,1.142,2.58,2.069,0.563
2011-06-07,3.231,3.148,1.124,2.584,2.107,0.564
2011-06-08,3.174,3.106,1.095,2.565,2.079,0.541
2011-06-09,3.227,3.143,1.137,2.584,2.09,0.559
2011-06-10,3.197,3.132,1.139,2.578,2.058,0.554
2011-06-13,3.219,3.141,1.135,2.583,2.084,0.558
2011-06-14,3.336,3.228,1.16,2.624,2.175,0.603
2011-06-15,3.197,3.145,1.104,2.585,2.092,0.56
2011-06-16,3.136,3.093,1.122,2.561,2.014,0.532
2011-06-17,3.156,3.088,1.119,2.558,2.037,0.53
2011-06-20,3.176,3.098,1.119,2.562,2.057,0.536
2011-06-21,3.211,3.121,1.11,2.572,2.101,0.548
2011-06-22,3.228,3.138,1.107,2.579,2.121,0.558
2011-06-23,3.139,3.076,1.073,2.548,2.067,0.528
2011-06-24,3.09,3.019,1.03,2.522,2.059,0.497
2011-06-27,3.156,3.058,1.054,2.542,2.103,0.516
2011-06-28,3.278,3.161,1.12,2.592,2.158,0.57
2011-06-29,3.382,3.252,1.123,2.633,2.26,0.619
2011-06-30,3.437,3.317,1.145,2.664,2.292,0.654
2011-07-01,3.478,3.377,1.18,2.691,2.298,0.686
2011-07-05,3.416,3.336,1.109,2.671,2.307,0.665
2011-07-06,3.373,3.297,1.087,2.652,2.286,0.645
2011-07-07,3.423,3.341,1.146,2.674,2.277,0.667
2011-07-08,3.277,3.234,1.075,2.624,2.202,0.61
2011-07-11,3.188,3.145,1.053,2.583,2.135,0.562
2011-07-12,3.145,3.094,1.056,2.56,2.089,0.533
2011-07-13,3.127,3.064,1.058,2.545,2.069,0.519
2011-07-14,3.198,3.101,1.059,2.561,2.138,0.54
2011-07-15,3.159,3.079,1.038,2.551,2.121,0.529
2011-07-18,3.162,3.068,1.01,2.546,2.152,0.522
2011-07-19,3.108,3.044,1.062,2.535,2.045,0.509
2011-07-20,3.172,3.072,1.061,2.549,2.112,0.523
2011-07-21,3.254,3.134,1.074,2.58,2.181,0.554
2011-07-22,3.203,3.12,1.077,2.574,2.126,0.546
2011-07-25,3.242,3.142,1.073,2.585,2.168,0.557
2011-07-26,3.196,3.113,1.062,2.573,2.134,0.539
2011-07-27,3.21,3.125,1.087,2.581,2.122,0.544
2011-07-28,3.193,3.109,1.081,2.574,2.112,0.535
2011-07-29,3.012,2.971,1.026,2.513,1.986,0.458
2011-08-01,2.96,2.904,1.045,2.484,1.915,0.42
2011-08-02,2.835,2.801,1.05,2.431,1.785,0.37
2011-08-03,2.811,2.766,1.093,2.408,1.718,0.358
2011-08-04,2.62,2.626,1.082,2.334,1.538,0.292
2011-08-05,2.751,2.671,1.1,2.351,1.651,0.32
2011-08-08,2.556,2.566,1.145,2.3,1.411,0.266
2011-08-09,2.343,2.379,1.091,2.208,1.252,0.171
2011-08-10,2.311,2.313,1.141,2.174,1.171,0.14
2011-08-11,2.512,2.397,1.083,2.214,1.429,0.183
2011-08-12,2.398,2.352,1.108,2.19,1.29,0.161
2011-08-15,2.446,2.368,1.104,2.197,1.342,0.171
2011-08-16,2.384,2.33,1.096,2.178,1.288,0.152
2011-08-17,2.297,2.272,1.128,2.147,1.169,0.125
2011-08-18,2.204,2.206,1.18,2.112,1.024,0.094
2011-08-19,2.182,2.174,1.214,2.093,0.968,0.082
2011-08-22,2.216,2.182,1.222,2.093,0.995,0.089
2011-08-23,2.264,2.205,1.203,2.102,1.06,0.104
2011-08-24,2.433,2.306,1.165,2.15,1.268,0.156
2011-08-25,2.36,2.287,1.145,2.14,1.215,0.148
2011-08-26,2.326,2.259,1.129,2.127,1.197,0.133
2011-08-29,2.422,2.311,1.113,2.154,1.308,0.156
2011-08-30,2.315,2.266,1.138,2.134,1.177,0.133
2011-08-31,2.377,2.286,1.112,2.145,1.265,0.141
2011-09-01,2.282,2.235,1.128,2.121,1.154,0.114
2011-09-02,2.127,2.149,1.228,2.078,0.899,0.071
2011-09-06,2.091,2.098,1.255,2.052,0.835,0.046
2011-09-07,2.175,2.122,1.227,2.062,0.948,0.06
2011-09-08,2.122,2.091,1.225,2.046,0.897,0.045
2011-09-09,2.045,2.031,1.226,2.014,0.818,0.017
2011-09-12,2.056,2.033,1.278,2.012,0.778,0.02
2011-09-13,2.117,2.059,1.253,2.023,0.864,0.036
2011-09-14,2.146,2.084,1.26,2.033,0.885,0.052
2011-09-15,2.227,2.136,1.238,2.057,0.988,0.079
2011-09-16,2.221,2.148,1.236,2.063,0.985,0.086
2011-09-19,2.094,2.076,1.236,2.029,0.858,0.047
2011-09-20,2.079,2.049,1.248,2.016,0.831,0.033
2011-09-21,1.992,2.015,1.349,1.998,0.643,0.017
2011-09-22,1.807,1.894,1.403,1.935,0.404,-0.041
2011-09-23,1.947,1.935,1.401,1.951,0.546,-0.016
2011-09-26,2.029,1.985,1.385,1.973,0.643,0.012
2011-09-27,2.131,2.055,1.357,2.005,0.774,0.049
2011-09-28,2.154,2.089,1.348,2.021,0.806,0.067
2011-09-29,2.116,2.081,1.373,2.018,0.743,0.064
2011-09-30,2.046,2.041,1.398,1.998,0.648,0.043
2011-10-03,1.909,1.947,1.427,1.952,0.482,-0.005
2011-10-04,1.925,1.93,1.442,1.941,0.484,-0.011
2011-10-05,2.037,1.986,1.429,1.965,0.608,0.021
2011-10-06,2.129,2.055,1.412,1.997,0.717,0.058
2011-10-07,2.229,2.144,1.424,2.04,0.805,0.104
2011-10-11,2.313,2.225,1.419,2.08,0.895,0.145
2011-10-12,2.386,2.287,1.377,2.112,1.009,0.175
2011-10-13,2.337,2.277,1.361,2.109,0.976,0.168
2011-10-14,2.409,2.315,1.318,2.131,1.091,0.184
2011-10-17,2.322,2.283,1.342,2.12,0.979,0.163
2011-10-18,2.335,2.281,1.321,2.122,1.015,0.158
2011-10-19,2.315,2.269,1.317,2.118,0.997,0.151
2011-10-20,2.338,2.279,1.311,2.124,1.027,0.155
2011-10-21,2.375,2.303,1.287,2.136,1.088,0.167
2011-10-24,2.4,2.332,1.302,2.151,1.098,0.182
2011-10-25,2.267,2.257,1.304,2.114,0.963,0.143
2011-10-26,2.368,2.303,1.311,2.137,1.057,0.165
2011-10-27,2.582,2.44,1.265,2.205,1.318,0.235
2011-10-28,2.489,2.42,1.253,2.196,1.237,0.224
2011-10-31,2.3,2.298,1.256,2.138,1.044,0.16
2011-11-01,2.12,2.164,1.301,2.073,0.819,0.091
2011-11-02,2.135,2.122,1.277,2.052,0.859,0.07
2011-11-03,2.197,2.14,1.257,2.061,0.94,0.08
2011-11-04,2.166,2.12,1.247,2.05,0.919,0.07
2011-11-07,2.13,2.101,1.28,2.04,0.849,0.061
2011-11-08,2.203,2.133,1.261,2.054,0.942,0.079
2011-11-09,2.087,2.078,1.299,2.027,0.788,0.051
2011-11-10,2.15,2.097,1.285,2.035,0.866,0.062
2011-11-14,2.144,2.096,1.287,2.034,0.856,0.062
2011-11-15,2.158,2.109,1.296,2.04,0.862,0.069
2011-11-16,2.102,2.081,1.317,2.025,0.785,0.056
2011-11-17,2.042,2.041,1.346,2.005,0.696,0.036
2011-11-18,2.102,2.068,1.367,2.016,0.735,0.052
2011-11-21,2.061,2.048,1.378,2.005,0.682,0.043
2011-11-22,2.033,2.02,1.377,1.991,0.656,0.029
2011-11-23,1.965,1.977,1.406,1.97,0.558,0.007
2011-11-25,2.058,2.015,1.388,1.988,0.67,0.027
2011-11-28,2.065,2.018,1.362,1.99,0.703,0.028
2011-11-29,2.105,2.043,1.354,2.002,0.75,0.041
2011-11-30,2.198,2.098,1.304,2.029,0.894,0.069
2011-12-01,2.225,2.135,1.291,2.047,0.934,0.088
2011-12-02,2.15,2.106,1.304,2.035,0.847,0.071
2011-12-05,2.14,2.098,1.314,2.031,0.826,0.067
2011-12-06,2.195,2.122,1.288,2.043,0.907,0.079
2011-12-07,2.128,2.085,1.276,2.027,0.851,0.058
2011-12-08,2.08,2.046,1.278,2.009,0.802,0.038
2011-12-09,2.172,2.086,1.248,2.029,0.924,0.057
2011-12-12,2.128,2.074,1.263,2.024,0.865,0.05
2011-12-13,2.046,2.03,1.302,2.002,0.744,0.027
2011-12-14,1.989,1.993,1.356,1.983,0.633,0.01
2011-12-15,1.999,1.981,1.35,1.975,0.65,0.006
2011-12-16,1.932,1.93,1.351,1.948,0.582,-0.018
2011-12-19,1.88,1.889,1.388,1.927,0.492,-0.037
2011-12-20,2.008,1.945,1.352,1.952,0.656,-0.008
2011-12-21,2.051,1.99,1.362,1.973,0.69,0.017
2011-12-22,2.044,2.002,1.369,1.977,0.675,0.025
2011-12-23,2.116,2.054,1.376,2.001,0.74,0.052
2011-12-27,2.11,2.065,1.38,2.007,0.73,0.058
2011-12-28,2.007,2.011,1.409,1.98,0.598,0.031
2011-12-29,1.983,1.979,1.406,1.966,0.577,0.013
2011-12-30,1.968,1.947,1.372,1.951,0.596,-0.004
2012-01-03,2.055,1.991,1.36,1.973,0.695,0.018
2012-01-04,2.087,2.017,1.332,1.987,0.755,0.031
2012-01-05,2.095,2.031,1.319,1.994,0.777,0.036
2012-01-06,2.059,2.016,1.327,1.988,0.732,0.028
2012-01-09,2.049,2.004,1.315,1.982,0.734,0.022
2012-01-10,2.076,2.017,1.311,1.989,0.765,0.028
2012-01-11,2.001,1.975,1.319,1.969,0.683,0.005
2012-01-12,2.018,1.975,1.319,1.971,0.699,0.004
2012-01-13,1.956,1.938,1.332,1.954,0.624,-0.016
2012-01-17,1.933,1.912,1.335,1.942,0.598,-0.029
2012-01-18,1.985,1.934,1.322,1.953,0.663,-0.019
2012-01-19,2.088,1.998,1.296,1.986,0.793,0.012
2012-01-20,2.144,2.051,1.289,2.013,0.855,0.039
2012-01-23,2.186,2.093,1.274,2.034,0.912,0.059
2012-01-24,2.173,2.102,1.271,2.039,0.903,0.063
2012-01-25,2.088,2.043,1.229,2.013,0.858,0.03
2012-01-26,2.026,1.992,1.226,1.991,0.8,0.001
2012-01-27,1.987,1.956,1.238,1.976,0.749,-0.02
2012-01-30,1.922,1.91,1.268,1.954,0.654,-0.044
2012-01-31,1.875,1.867,1.286,1.933,0.589,-0.066
2012-02-01,1.922,1.873,1.266,1.936,0.656,-0.063
2012-02-02,1.898,1.859,1.271,1.931,0.627,-0.072
2012-02-03,2.019,1.923,1.247,1.962,0.772,-0.039
2012-02-06,1.976,1.917,1.255,1.959,0.72,-0.043
2012-02-07,2.061,1.97,1.254,1.986,0.808,-0.016
2012-02-08,2.06,1.988,1.262,1.995,0.798,-0.007
2012-02-09,2.1,2.023,1.272,2.013,0.828,0.01
2012-02-10,2.012,1.983,1.29,1.993,0.722,-0.01
2012-02-13,2.05,2,1.308,2.003,0.742,-0.003
2012-02-14,1.977,1.961,1.334,1.986,0.642,-0.024
2012-02-15,1.989,1.947,1.308,1.978,0.68,-0.031
2012-02-16,2.054,1.99,1.326,1.997,0.728,-0.007
2012-02-17,2.08,2.016,1.317,2.008,0.763,0.008
2012-02-21,2.122,2.054,1.326,2.025,0.796,0.03
2012-02-22,2.07,2.031,1.321,2.013,0.749,0.018
2012-02-23,2.047,2.02,1.348,2.008,0.699,0.012
2012-02-24,2.036,2.012,1.369,2.003,0.668,0.008
2012-02-27,1.976,1.966,1.363,1.982,0.613,-0.016
2012-02-28,1.989,1.958,1.356,1.978,0.634,-0.02
2012-02-29,2.033,1.98,1.353,1.986,0.68,-0.006
2012-03-01,2.1,2.02,1.321,2.005,0.779,0.015
2012-03-02,2.05,2,1.31,1.994,0.74,0.005
2012-03-05,2.066,2.013,1.332,2.001,0.735,0.011
2012-03-06,2.01,1.979,1.329,1.985,0.681,-0.006
2012-03-07,2.038,1.99,1.34,1.991,0.698,-0.001
2012-03-08,2.088,2.023,1.336,2.006,0.752,0.016
2012-03-09,2.104,2.043,1.341,2.016,0.763,0.028
2012-03-12,2.099,2.052,1.358,2.02,0.741,0.031
2012-03-13,2.208,2.122,1.356,2.054,0.852,0.068
2012-03-14,2.384,2.26,1.37,2.12,1.013,0.14
2012-03-15,2.388,2.293,1.336,2.135,1.052,0.158
2012-03-16,2.414,2.326,1.34,2.152,1.074,0.174
2012-03-19,2.5,2.398,1.35,2.189,1.15,0.209
2012-03-20,2.492,2.426,1.373,2.203,1.119,0.222
2012-03-21,2.413,2.383,1.363,2.183,1.049,0.2
2012-03-22,2.399,2.363,1.355,2.174,1.044,0.189
2012-03-23,2.352,2.329,1.361,2.158,0.991,0.172
2012-03-26,2.354,2.316,1.344,2.153,1.01,0.163
2012-03-27,2.29,2.267,1.328,2.13,0.962,0.137
2012-03-28,2.302,2.264,1.335,2.129,0.967,0.134
2012-03-29,2.257,2.232,1.338,2.113,0.919,0.12
2012-03-30,2.326,2.26,1.315,2.126,1.012,0.134
2012-04-02,2.313,2.256,1.308,2.125,1.005,0.132
2012-04-03,2.399,2.316,1.33,2.154,1.068,0.162
2012-04-04,2.337,2.289,1.315,2.14,1.022,0.149
2012-04-05,2.273,2.245,1.323,2.119,0.949,0.126
2012-04-06,2.121,2.136,1.322,2.065,0.799,0.07
2012-04-09,2.107,2.097,1.342,2.048,0.764,0.05
2012-04-10,2.052,2.04,1.326,2.02,0.727,0.02
2012-04-11,2.101,2.051,1.32,2.025,0.78,0.026
2012-04-12,2.143,2.073,1.304,2.036,0.839,0.037
2012-04-13,2.072,2.038,1.317,2.018,0.756,0.02
2012-04-16,2.048,2.017,1.331,2.008,0.717,0.01
2012-04-17,2.091,2.03,1.312,2.013,0.779,0.017
2012-04-18,2.063,2.018,1.324,2.006,0.738,0.012
2012-04-19,2.032,1.998,1.332,1.995,0.701,0.004
2012-04-20,2.048,2.001,1.329,1.996,0.719,0.005
2012-04-23,2.01,1.976,1.328,1.984,0.682,-0.009
2012-04-24,2.051,1.994,1.33,1.994,0.721,-0
2012-04-25,2.063,2.002,1.312,1.999,0.751,0.003
2012-04-26,2.033,1.988,1.317,1.994,0.717,-0.005
2012-04-27,2.011,1.971,1.318,1.985,0.693,-0.014
2012-04-30,2.002,1.961,1.32,1.982,0.683,-0.02
2012-05-01,2.036,1.978,1.319,1.99,0.717,-0.012
2012-05-02,1.999,1.96,1.33,1.98,0.67,-0.02
2012-05-03,2.008,1.959,1.327,1.98,0.681,-0.02
2012-05-04,1.946,1.921,1.334,1.959,0.612,-0.038
2012-05-07,1.952,1.912,1.332,1.956,0.62,-0.044
2012-05-08,1.911,1.887,1.348,1.943,0.563,-0.057
2012-05-09,1.899,1.872,1.359,1.936,0.54,-0.064
2012-05-10,1.923,1.879,1.353,1.939,0.569,-0.06
2012-05-11,1.875,1.853,1.37,1.926,0.505,-0.073
2012-05-14,1.811,1.808,1.395,1.903,0.416,-0.095
2012-05-15,1.786,1.783,1.422,1.889,0.364,-0.106
2012-05-16,1.777,1.77,1.439,1.881,0.339,-0.111
2012-05-17,1.709,1.734,1.494,1.861,0.215,-0.127
2012-05-18,1.722,1.727,1.501,1.854,0.221,-0.127
2012-05-21,1.752,1.73,1.476,1.853,0.276,-0.123
2012-05-22,1.793,1.755,1.467,1.863,0.326,-0.109
2012-05-23,1.732,1.727,1.481,1.848,0.251,-0.122
2012-05-24,1.78,1.752,1.486,1.86,0.294,-0.109
2012-05-25,1.756,1.74,1.485,1.854,0.271,-0.114
2012-05-29,1.746,1.732,1.495,1.849,0.25,-0.117
2012-05-30,1.626,1.653,1.502,1.808,0.124,-0.156
2012-05-31,1.585,1.606,1.515,1.785,0.071,-0.179
2012-06-01,1.448,1.514,1.57,1.737,-0.123,-0.223
2012-06-04,1.525,1.53,1.568,1.743,-0.043,-0.213
2012-06-05,1.578,1.553,1.533,1.754,0.045,-0.201
2012-06-06,1.678,1.619,1.513,1.786,0.165,-0.168
2012-06-07,1.669,1.631,1.504,1.793,0.165,-0.162
2012-06-08,1.662,1.635,1.51,1.795,0.152,-0.16
2012-06-11,1.598,1.603,1.532,1.78,0.067,-0.177
2012-06-12,1.685,1.65,1.535,1.803,0.15,-0.154
2012-06-13,1.603,1.613,1.552,1.785,0.051,-0.172
2012-06-14,1.65,1.631,1.55,1.794,0.1,-0.163
2012-06-15,1.605,1.6,1.532,1.779,0.073,-0.178
2012-06-18,1.599,1.592,1.544,1.775,0.054,-0.183
2012-06-19,1.644,1.613,1.529,1.784,0.115,-0.171
2012-06-20,1.665,1.64,1.552,1.797,0.114,-0.157
2012-06-21,1.64,1.633,1.559,1.793,0.081,-0.16
2012-06-22,1.705,1.665,1.535,1.808,0.17,-0.143
2012-06-25,1.638,1.636,1.545,1.795,0.094,-0.159
2012-06-26,1.667,1.648,1.55,1.801,0.118,-0.153
2012-06-27,1.65,1.638,1.547,1.796,0.103,-0.158
2012-06-28,1.595,1.601,1.554,1.778,0.041,-0.177
2012-06-29,1.676,1.631,1.517,1.793,0.158,-0.162
2012-07-02,1.595,1.59,1.529,1.774,0.066,-0.183
2012-07-03,1.646,1.608,1.517,1.782,0.129,-0.174
2012-07-05,1.615,1.593,1.513,1.774,0.102,-0.181
2012-07-06,1.564,1.559,1.52,1.757,0.044,-0.198
2012-07-09,1.525,1.527,1.531,1.742,-0.006,-0.214
2012-07-10,1.514,1.511,1.537,1.734,-0.023,-0.222
2012-07-11,1.527,1.515,1.544,1.736,-0.018,-0.221
2012-07-12,1.495,1.495,1.554,1.726,-0.059,-0.231
2012-07-13,1.515,1.497,1.537,1.727,-0.021,-0.23
2012-07-16,1.496,1.479,1.516,1.719,-0.02,-0.24
2012-07-17,1.522,1.493,1.512,1.726,0.011,-0.233
2012-07-18,1.516,1.489,1.496,1.724,0.021,-0.235
2012-07-19,1.548,1.505,1.478,1.733,0.07,-0.228
2012-07-20,1.494,1.479,1.486,1.721,0.008,-0.242
2012-07-23,1.468,1.457,1.489,1.712,-0.022,-0.254
2012-07-24,1.431,1.434,1.513,1.701,-0.082,-0.267
2012-07-25,1.431,1.423,1.508,1.696,-0.077,-0.273
2012-07-26,1.459,1.438,1.508,1.704,-0.049,-0.266
2012-07-27,1.589,1.52,1.488,1.744,0.101,-0.224
2012-07-30,1.543,1.511,1.475,1.74,0.068,-0.229
2012-07-31,1.524,1.497,1.468,1.734,0.056,-0.237
2012-08-01,1.584,1.534,1.467,1.752,0.118,-0.218
2012-08-02,1.523,1.512,1.484,1.741,0.038,-0.229
2012-08-03,1.627,1.568,1.465,1.768,0.162,-0.2
2012-08-06,1.615,1.576,1.459,1.773,0.156,-0.197
2012-08-07,1.696,1.633,1.464,1.801,0.232,-0.168
2012-08-08,1.71,1.663,1.47,1.816,0.24,-0.153
2012-08-09,1.721,1.678,1.466,1.824,0.256,-0.146
2012-08-10,1.685,1.661,1.464,1.816,0.221,-0.155
2012-08-13,1.683,1.656,1.465,1.814,0.218,-0.159
2012-08-14,1.768,1.705,1.448,1.839,0.32,-0.134
2012-08-15,1.85,1.769,1.436,1.869,0.414,-0.1
2012-08-16,1.892,1.815,1.425,1.892,0.467,-0.077
2012-08-17,1.871,1.822,1.431,1.895,0.44,-0.074
2012-08-20,1.868,1.824,1.427,1.898,0.441,-0.074
2012-08-21,1.852,1.817,1.435,1.897,0.417,-0.079
2012-08-22,1.746,1.746,1.425,1.863,0.321,-0.117
2012-08-23,1.706,1.706,1.439,1.844,0.268,-0.138
2012-08-24,1.715,1.701,1.449,1.841,0.265,-0.14
2012-08-27,1.678,1.673,1.453,1.828,0.225,-0.154
2012-08-28,1.661,1.655,1.462,1.818,0.199,-0.163
2012-08-29,1.68,1.657,1.455,1.82,0.225,-0.162
2012-08-30,1.651,1.634,1.446,1.808,0.206,-0.173
2012-08-31,1.58,1.576,1.427,1.779,0.153,-0.203
2012-09-04,1.602,1.576,1.437,1.779,0.165,-0.203
2012-09-05,1.615,1.581,1.428,1.782,0.188,-0.201
2012-09-06,1.702,1.636,1.42,1.809,0.282,-0.173
2012-09-07,1.685,1.637,1.402,1.81,0.283,-0.173
2012-09-10,1.698,1.649,1.402,1.815,0.297,-0.167
2012-09-11,1.717,1.663,1.397,1.823,0.32,-0.16
2012-09-12,1.795,1.708,1.361,1.845,0.434,-0.137
2012-09-13,1.759,1.701,1.342,1.843,0.417,-0.142
2012-09-14,1.906,1.786,1.305,1.887,0.601,-0.1
2012-09-17,1.873,1.801,1.327,1.895,0.546,-0.094
2012-09-18,1.838,1.79,1.337,1.89,0.501,-0.1
2012-09-19,1.811,1.774,1.349,1.884,0.461,-0.11
2012-09-20,1.81,1.772,1.358,1.884,0.451,-0.112
2012-09-21,1.779,1.75,1.356,1.873,0.423,-0.124
2012-09-24,1.74,1.723,1.377,1.86,0.363,-0.137
2012-09-25,1.69,1.687,1.402,1.842,0.288,-0.155
2012-09-26,1.616,1.631,1.423,1.813,0.193,-0.182
2012-09-27,1.644,1.625,1.411,1.808,0.233,-0.183
2012-09-28,1.641,1.611,1.39,1.801,0.251,-0.189
2012-10-01,1.632,1.603,1.399,1.795,0.233,-0.192
2012-10-02,1.63,1.598,1.397,1.792,0.232,-0.194
2012-10-03,1.626,1.59,1.386,1.788,0.24,-0.198
2012-10-04,1.686,1.623,1.372,1.804,0.314,-0.182
2012-10-05,1.753,1.674,1.366,1.83,0.387,-0.156
2012-10-09,1.736,1.681,1.379,1.834,0.357,-0.153
2012-10-10,1.701,1.669,1.402,1.827,0.299,-0.159
2012-10-11,1.688,1.659,1.414,1.822,0.274,-0.163
2012-10-12,1.681,1.652,1.421,1.819,0.26,-0.167
2012-10-15,1.686,1.651,1.414,1.818,0.272,-0.168
2012-10-16,1.749,1.686,1.399,1.834,0.351,-0.148
2012-10-17,1.847,1.762,1.405,1.872,0.442,-0.109
2012-10-18,1.879,1.804,1.398,1.892,0.482,-0.087
2012-10-19,1.809,1.783,1.428,1.88,0.38,-0.098
2012-10-22,1.845,1.803,1.434,1.89,0.411,-0.087
2012-10-23,1.8,1.78,1.436,1.879,0.365,-0.1
2012-10-24,1.815,1.776,1.414,1.879,0.402,-0.103
2012-10-25,1.873,1.822,1.433,1.901,0.44,-0.08
2012-10-26,1.794,1.786,1.442,1.884,0.352,-0.099
2012-10-29,1.744,1.746,1.455,1.866,0.289,-0.121
2012-10-31,1.721,1.715,1.449,1.851,0.271,-0.136
2012-11-01,1.755,1.722,1.433,1.852,0.322,-0.13
2012-11-02,1.759,1.724,1.428,1.852,0.331,-0.128
2012-11-05,1.72,1.7,1.431,1.841,0.289,-0.141
2012-11-06,1.785,1.737,1.439,1.858,0.346,-0.121
2012-11-07,1.663,1.669,1.443,1.824,0.219,-0.155
2012-11-08,1.605,1.616,1.459,1.798,0.146,-0.182
2012-11-09,1.604,1.599,1.467,1.789,0.136,-0.19
2012-11-13,1.578,1.573,1.467,1.777,0.111,-0.204
2012-11-14,1.583,1.566,1.466,1.772,0.117,-0.207
2012-11-15,1.57,1.554,1.465,1.764,0.105,-0.211
2012-11-16,1.569,1.547,1.459,1.758,0.11,-0.211
2012-11-19,1.607,1.568,1.45,1.769,0.157,-0.201
2012-11-20,1.664,1.607,1.442,1.788,0.222,-0.181
2012-11-21,1.688,1.639,1.447,1.805,0.242,-0.165
2012-11-23,1.698,1.657,1.453,1.814,0.245,-0.156
2012-11-26,1.661,1.64,1.458,1.806,0.203,-0.166
2012-11-27,1.639,1.62,1.456,1.797,0.183,-0.177
2012-11-28,1.62,1.6,1.449,1.787,0.171,-0.188
2012-11-29,1.61,1.587,1.446,1.781,0.165,-0.194
2012-11-30,1.612,1.579,1.43,1.776,0.183,-0.197
2012-12-03,1.621,1.585,1.435,1.78,0.186,-0.195
2012-12-04,1.609,1.579,1.438,1.778,0.171,-0.199
2012-12-05,1.59,1.564,1.436,1.771,0.154,-0.206
2012-12-06,1.573,1.55,1.441,1.764,0.133,-0.214
2012-12-07,1.625,1.574,1.424,1.775,0.201,-0.201
2012-12-10,1.62,1.578,1.424,1.777,0.196,-0.199
2012-12-11,1.65,1.597,1.413,1.785,0.237,-0.188
2012-12-12,1.708,1.634,1.388,1.801,0.32,-0.167
2012-12-13,1.742,1.673,1.401,1.819,0.341,-0.146
2012-12-14,1.727,1.679,1.409,1.819,0.319,-0.14
2012-12-17,1.796,1.724,1.396,1.841,0.401,-0.117
2012-12-18,1.849,1.776,1.399,1.868,0.45,-0.092
2012-12-19,1.832,1.783,1.401,1.87,0.431,-0.088
2012-12-20,1.825,1.784,1.402,1.872,0.423,-0.088
2012-12-21,1.784,1.763,1.418,1.863,0.365,-0.1
2012-12-24,1.801,1.768,1.42,1.865,0.381,-0.098
2012-12-26,1.781,1.758,1.424,1.863,0.357,-0.105
2012-12-27,1.734,1.722,1.422,1.846,0.313,-0.124
2012-12-28,1.727,1.705,1.42,1.833,0.307,-0.128
2012-12-31,1.782,1.727,1.387,1.845,0.396,-0.117
2013-01-02,1.873,1.784,1.358,1.876,0.516,-0.091
2013-01-03,1.949,1.849,1.346,1.909,0.603,-0.06
2013-01-04,1.962,1.88,1.348,1.925,0.614,-0.045
2013-01-07,1.95,1.888,1.349,1.929,0.601,-0.042
2013-01-08,1.911,1.868,1.346,1.921,0.565,-0.053
2013-01-09,1.9,1.854,1.336,1.914,0.564,-0.06
2013-01-10,1.941,1.876,1.327,1.926,0.615,-0.049
2013-01-11,1.916,1.871,1.335,1.924,0.581,-0.054
2013-01-14,1.909,1.865,1.334,1.924,0.575,-0.058
2013-01-15,1.874,1.843,1.342,1.914,0.532,-0.071
2013-01-16,1.858,1.826,1.345,1.906,0.512,-0.08
2013-01-17,1.916,1.859,1.348,1.922,0.568,-0.062
2013-01-18,1.889,1.852,1.352,1.918,0.536,-0.066
2013-01-22,1.877,1.84,1.346,1.912,0.531,-0.072
2013-01-23,1.871,1.833,1.345,1.909,0.526,-0.076
2013-01-24,1.892,1.846,1.344,1.915,0.548,-0.069
2013-01-25,2.009,1.927,1.351,1.954,0.658,-0.027
2013-01-28,2.031,1.964,1.355,1.971,0.676,-0.007
2013-01-29,2.058,1.989,1.337,1.983,0.721,0.006
2013-01-30,2.056,1.993,1.317,1.985,0.739,0.007
2013-01-31,2.052,1.994,1.318,1.988,0.734,0.007
2013-02-01,2.082,2.011,1.299,1.997,0.784,0.015
2013-02-04,2.033,1.987,1.296,1.986,0.737,0.001
2013-02-05,2.074,2.01,1.297,1.998,0.777,0.011
2013-02-06,2.031,1.988,1.295,1.989,0.735,-0.001
2013-02-07,2.011,1.972,1.299,1.981,0.712,-0.01
2013-02-08,2.021,1.972,1.297,1.982,0.724,-0.01
2013-02-11,2.021,1.977,1.312,1.985,0.709,-0.009
2013-02-12,2.055,1.998,1.313,1.996,0.742,0.002
2013-02-13,2.106,2.037,1.315,2.016,0.791,0.021
2013-02-14,2.043,2.008,1.315,2.003,0.728,0.005
2013-02-15,2.052,2.007,1.318,2.003,0.734,0.004
2013-02-19,2.081,2.025,1.317,2.013,0.764,0.012
2013-02-20,2.061,2.016,1.312,2.01,0.749,0.006
2013-02-21,2.03,1.996,1.312,2.002,0.719,-0.006
2013-02-22,2.011,1.978,1.312,1.994,0.699,-0.016
2013-02-25,1.914,1.914,1.324,1.963,0.59,-0.049
2013-02-26,1.911,1.89,1.323,1.953,0.589,-0.062
2013-02-27,1.941,1.894,1.305,1.953,0.636,-0.059
2013-02-28,1.922,1.882,1.301,1.946,0.62,-0.065
2013-03-01,1.885,1.857,1.311,1.933,0.575,-0.076
2013-03-04,1.909,1.863,1.305,1.935,0.604,-0.073
2013-03-05,1.931,1.877,1.304,1.94,0.627,-0.063
2013-03-06,1.98,1.911,1.298,1.956,0.682,-0.045
2013-03-07,2.047,1.963,1.295,1.98,0.752,-0.018
2013-03-08,2.128,2.026,1.281,2.011,0.847,0.015
2013-03-11,2.127,2.049,1.281,2.023,0.846,0.026
2013-03-12,2.087,2.037,1.291,2.018,0.796,0.019
2013-03-13,2.089,2.037,1.295,2.018,0.794,0.019
2013-03-14,2.096,2.041,1.286,2.021,0.81,0.02
2013-03-15,2.047,2.011,1.283,2.006,0.764,0.005
2013-03-18,1.991,1.97,1.294,1.984,0.697,-0.015
2013-03-19,1.945,1.93,1.304,1.964,0.64,-0.035
2013-03-20,1.996,1.944,1.291,1.971,0.705,-0.027
2013-03-21,1.97,1.936,1.309,1.966,0.661,-0.03
2013-03-22,1.954,1.923,1.316,1.959,0.638,-0.035
2013-03-25,1.95,1.914,1.311,1.954,0.64,-0.04
2013-03-26,1.937,1.903,1.313,1.948,0.625,-0.045
2013-03-27,1.878,1.862,1.32,1.929,0.558,-0.066
2013-03-28,1.885,1.854,1.326,1.924,0.559,-0.069
2013-04-01,1.871,1.841,1.322,1.916,0.549,-0.076
2013-04-02,1.903,1.854,1.319,1.922,0.584,-0.068
2013-04-03,1.839,1.816,1.32,1.902,0.519,-0.086
2013-04-04,1.782,1.772,1.332,1.88,0.45,-0.108
2013-04-05,1.718,1.727,1.379,1.857,0.338,-0.13
2013-04-08,1.761,1.733,1.368,1.859,0.394,-0.126
2013-04-09,1.772,1.737,1.36,1.859,0.412,-0.122
2013-04-10,1.838,1.775,1.347,1.877,0.491,-0.102
2013-04-11,1.819,1.774,1.348,1.876,0.47,-0.102
2013-04-12,1.742,1.732,1.37,1.854,0.372,-0.122
2013-04-15,1.713,1.704,1.382,1.84,0.331,-0.136
2013-04-16,1.749,1.715,1.375,1.845,0.375,-0.13
2013-04-17,1.727,1.706,1.388,1.839,0.339,-0.133
2013-04-18,1.712,1.696,1.403,1.833,0.309,-0.137
2013-04-19,1.725,1.7,1.401,1.833,0.324,-0.134
2013-04-22,1.718,1.692,1.395,1.829,0.323,-0.137
2013-04-23,1.731,1.697,1.389,1.831,0.341,-0.134
2013-04-24,1.722,1.693,1.391,1.829,0.331,-0.137
2013-04-25,1.738,1.7,1.382,1.832,0.356,-0.132
2013-04-26,1.694,1.675,1.388,1.82,0.306,-0.145
2013-04-29,1.693,1.664,1.377,1.815,0.316,-0.151
2013-04-30,1.703,1.665,1.368,1.816,0.334,-0.151
2013-05-01,1.655,1.638,1.382,1.803,0.274,-0.165
2013-05-02,1.656,1.629,1.376,1.798,0.28,-0.17
2013-05-03,1.788,1.706,1.356,1.836,0.432,-0.13
2013-05-06,1.817,1.744,1.345,1.854,0.473,-0.11
2013-05-07,1.836,1.771,1.346,1.867,0.49,-0.096
2013-05-08,1.82,1.772,1.351,1.868,0.468,-0.095
2013-05-09,1.819,1.774,1.353,1.869,0.466,-0.095
2013-05-10,1.919,1.838,1.343,1.9,0.576,-0.062
2013-05-13,1.941,1.873,1.341,1.918,0.6,-0.044
2013-05-14,1.988,1.911,1.324,1.938,0.663,-0.027
2013-05-15,1.973,1.918,1.327,1.942,0.646,-0.024
2013-05-16,1.893,1.873,1.335,1.92,0.558,-0.047
2013-05-17,1.983,1.915,1.32,1.941,0.663,-0.026
2013-05-20,2.002,1.937,1.312,1.954,0.689,-0.016
2013-05-21,1.973,1.928,1.32,1.95,0.653,-0.021
2013-05-22,2.072,1.99,1.313,1.98,0.759,0.01
2013-05-23,2.073,2.012,1.319,1.992,0.753,0.021
2013-05-24,2.058,2.014,1.328,1.992,0.73,0.022
2013-05-28,2.218,2.118,1.327,2.043,0.891,0.074
2013-05-29,2.185,2.134,1.346,2.05,0.839,0.083
2013-05-30,2.185,2.14,1.343,2.053,0.843,0.088
2013-05-31,2.226,2.172,1.35,2.068,0.875,0.104
2013-06-03,2.202,2.164,1.344,2.065,0.858,0.099
2013-06-04,2.227,2.179,1.344,2.072,0.883,0.106
2013-06-05,2.183,2.158,1.354,2.063,0.829,0.095
2013-06-06,2.156,2.138,1.364,2.054,0.792,0.085
2013-06-07,2.262,2.2,1.373,2.082,0.889,0.117
2013-06-10,2.306,2.247,1.371,2.105,0.935,0.142
2013-06-11,2.284,2.253,1.382,2.107,0.901,0.145
2013-06-12,2.328,2.283,1.384,2.122,0.943,0.161
2013-06-13,2.274,2.256,1.38,2.109,0.894,0.147
2013-06-14,2.219,2.204,1.34,2.085,0.879,0.119
2013-06-17,2.28,2.223,1.323,2.096,0.957,0.126
2013-06-18,2.287,2.234,1.322,2.103,0.965,0.131
2013-06-19,2.428,2.352,1.422,2.16,1.006,0.192
2013-06-20,2.516,2.446,1.424,2.205,1.092,0.241
2013-06-21,2.622,2.559,1.481,2.259,1.141,0.3
2013-06-24,2.683,2.639,1.502,2.298,1.181,0.341
2013-06-25,2.709,2.677,1.483,2.317,1.226,0.36
2013-06-26,2.662,2.657,1.476,2.308,1.186,0.348
2013-06-27,2.594,2.606,1.454,2.286,1.14,0.32
2013-06-28,2.635,2.62,1.467,2.293,1.168,0.327
2013-07-01,2.613,2.608,1.444,2.287,1.168,0.322
2013-07-02,2.599,2.598,1.452,2.281,1.147,0.317
2013-07-03,2.639,2.627,1.468,2.296,1.172,0.332
2013-07-05,2.88,2.792,1.491,2.375,1.389,0.418
2013-07-08,2.8,2.779,1.444,2.369,1.356,0.41
2013-07-09,2.79,2.776,1.434,2.369,1.355,0.407
2013-07-10,2.834,2.807,1.438,2.385,1.396,0.422
2013-07-11,2.727,2.734,1.371,2.352,1.356,0.382
2013-07-12,2.733,2.728,1.394,2.35,1.338,0.378
2013-07-15,2.69,2.697,1.391,2.336,1.299,0.361
2013-07-16,2.672,2.673,1.379,2.324,1.292,0.349
2013-07-17,2.64,2.639,1.353,2.309,1.288,0.33
2013-07-18,2.692,2.656,1.34,2.318,1.352,0.338
2013-07-19,2.632,2.625,1.345,2.303,1.286,0.322
2013-07-22,2.629,2.614,1.344,2.299,1.286,0.316
2013-07-23,2.659,2.626,1.329,2.303,1.33,0.322
2013-07-24,2.745,2.686,1.331,2.332,1.414,0.354
2013-07-25,2.746,2.7,1.318,2.338,1.428,0.362
2013-07-26,2.72,2.689,1.322,2.334,1.398,0.355
2013-07-29,2.755,2.707,1.31,2.344,1.445,0.363
2013-07-30,2.773,2.725,1.308,2.355,1.465,0.37
2013-07-31,2.75,2.722,1.32,2.355,1.43,0.367
2013-08-01,2.909,2.823,1.326,2.405,1.583,0.418
2013-08-02,2.786,2.764,1.273,2.378,1.513,0.386
2013-08-05,2.82,2.774,1.271,2.385,1.55,0.389
2013-08-06,2.823,2.781,1.272,2.389,1.551,0.392
2013-08-07,2.77,2.753,1.283,2.377,1.487,0.377
2013-08-08,2.746,2.732,1.291,2.366,1.455,0.366
2013-08-09,2.737,2.722,1.299,2.361,1.438,0.361
2013-08-12,2.77,2.738,1.306,2.369,1.464,0.368
2013-08-13,2.886,2.822,1.334,2.41,1.552,0.412
2013-08-14,2.883,2.844,1.335,2.419,1.548,0.424
2013-08-15,2.94,2.893,1.35,2.443,1.59,0.45
2013-08-16,3.022,2.961,1.352,2.475,1.67,0.486
2013-08-19,3.064,3.012,1.353,2.501,1.711,0.511
2013-08-20,3.003,2.986,1.338,2.488,1.665,0.498
2013-08-21,3.06,3.03,1.379,2.508,1.682,0.521
2013-08-22,3.077,3.073,1.446,2.527,1.631,0.547
2013-08-23,2.995,3.035,1.457,2.506,1.538,0.529
2013-08-26,2.957,2.994,1.441,2.486,1.516,0.508
2013-08-27,2.877,2.928,1.438,2.455,1.438,0.473
2013-08-28,2.944,2.952,1.449,2.465,1.496,0.487
2013-08-29,2.907,2.934,1.458,2.453,1.449,0.48
2013-08-30,2.945,2.953,1.469,2.461,1.476,0.492
2013-09-03,3.032,3.011,1.46,2.487,1.572,0.524
2013-09-04,3.061,3.061,1.508,2.509,1.553,0.552
2013-09-05,3.143,3.145,1.569,2.546,1.574,0.598
2013-09-06,3.093,3.119,1.521,2.532,1.572,0.587
2013-09-09,3.063,3.083,1.477,2.515,1.586,0.568
2013-09-10,3.117,3.119,1.508,2.533,1.609,0.587
2013-09-11,3.068,3.088,1.476,2.518,1.592,0.57
2013-09-12,3.066,3.08,1.477,2.513,1.589,0.567
2013-09-13,3.043,3.068,1.495,2.507,1.548,0.561
2013-09-16,3.037,3.039,1.419,2.495,1.618,0.544
2013-09-17,3.015,3.016,1.407,2.486,1.608,0.53
2013-09-18,2.842,2.878,1.302,2.421,1.54,0.456
2013-09-19,2.913,2.888,1.323,2.429,1.591,0.459
2013-09-20,2.906,2.891,1.342,2.431,1.564,0.459
2013-09-23,2.87,2.866,1.333,2.421,1.537,0.445
2013-09-24,2.812,2.826,1.349,2.402,1.463,0.424
2013-09-25,2.771,2.784,1.344,2.382,1.427,0.402
2013-09-26,2.801,2.788,1.338,2.382,1.464,0.406
2013-09-27,2.782,2.771,1.318,2.373,1.464,0.397
2013-09-30,2.785,2.764,1.316,2.371,1.469,0.394
2013-10-01,2.803,2.778,1.332,2.378,1.47,0.4
2013-10-02,2.775,2.756,1.303,2.368,1.472,0.388
2013-10-03,2.765,2.742,1.296,2.362,1.469,0.379
2013-10-04,2.813,2.774,1.321,2.378,1.491,0.396
2013-10-07,2.789,2.773,1.341,2.378,1.448,0.395
2013-10-08,2.794,2.784,1.368,2.385,1.426,0.399
2013-10-09,2.816,2.787,1.347,2.386,1.469,0.4
2013-10-10,2.856,2.808,1.341,2.397,1.515,0.411
2013-10-11,2.853,2.809,1.32,2.4,1.533,0.409
2013-10-15,2.908,2.84,1.298,2.424,1.61,0.416
2013-10-16,2.843,2.808,1.296,2.41,1.547,0.399
2013-10-17,2.755,2.747,1.293,2.377,1.463,0.37
2013-10-18,2.748,2.728,1.29,2.365,1.457,0.363
2013-10-21,2.779,2.743,1.294,2.371,1.485,0.372
2013-10-22,2.681,2.683,1.29,2.341,1.391,0.342
2013-10-23,2.648,2.649,1.301,2.324,1.348,0.326
2013-10-24,2.67,2.652,1.314,2.323,1.355,0.328
2013-10-25,2.66,2.642,1.311,2.318,1.349,0.323
2013-10-28,2.677,2.643,1.294,2.319,1.384,0.324
2013-10-29,2.665,2.634,1.289,2.314,1.375,0.32
2013-10-30,2.688,2.645,1.29,2.32,1.398,0.325
2013-10-31,2.713,2.661,1.28,2.327,1.433,0.333
2013-11-01,2.8,2.721,1.285,2.357,1.515,0.364
2013-11-04,2.785,2.73,1.273,2.363,1.512,0.367
2013-11-05,2.853,2.772,1.254,2.385,1.599,0.387
2013-11-06,2.826,2.764,1.223,2.383,1.604,0.381
2013-11-07,2.779,2.737,1.223,2.372,1.556,0.365
2013-11-08,2.937,2.832,1.225,2.42,1.712,0.412
2013-11-12,2.972,2.889,1.248,2.45,1.724,0.439
2013-11-13,2.924,2.87,1.218,2.443,1.705,0.427
2013-11-14,2.858,2.821,1.191,2.422,1.667,0.399
2013-11-15,2.878,2.824,1.205,2.425,1.674,0.399
2013-11-18,2.837,2.797,1.199,2.414,1.638,0.383
2013-11-19,2.879,2.819,1.209,2.425,1.67,0.394
2013-11-20,2.982,2.873,1.151,2.453,1.831,0.42
2013-11-21,2.975,2.888,1.148,2.461,1.828,0.427
2013-11-22,2.93,2.876,1.17,2.456,1.759,0.421
2013-11-25,2.914,2.865,1.172,2.452,1.742,0.414
2013-11-26,2.881,2.84,1.171,2.44,1.711,0.4
2013-11-27,2.923,2.855,1.166,2.447,1.758,0.407
2013-11-29,2.938,2.87,1.164,2.454,1.774,0.416
2013-12-02,3.004,2.917,1.177,2.476,1.827,0.441
2013-12-03,2.976,2.912,1.162,2.474,1.815,0.438
2013-12-04,3.047,2.958,1.168,2.496,1.879,0.462
2013-12-05,3.084,3.001,1.186,2.517,1.898,0.484
2013-12-06,3.076,3.016,1.207,2.524,1.869,0.492
2013-12-09,3.057,3.013,1.221,2.522,1.837,0.49
2013-12-10,2.994,2.972,1.218,2.503,1.776,0.47
2013-12-11,3.043,2.991,1.219,2.512,1.824,0.479
2013-12-12,3.084,3.029,1.246,2.529,1.837,0.5
2013-12-13,3.066,3.034,1.271,2.53,1.795,0.503
2013-12-16,3.081,3.04,1.256,2.533,1.824,0.507
2013-12-17,3.038,3.013,1.251,2.52,1.786,0.494
2013-12-18,3.088,3.032,1.245,2.53,1.842,0.502
2013-12-19,3.136,3.086,1.305,2.554,1.831,0.532
2013-12-20,3.08,3.088,1.388,2.553,1.692,0.535
2013-12-23,3.125,3.114,1.386,2.564,1.739,0.55
2013-12-24,3.184,3.161,1.39,2.585,1.795,0.576
2013-12-26,3.195,3.18,1.39,2.594,1.805,0.587
2013-12-27,3.204,3.19,1.385,2.598,1.82,0.592
2013-12-30,3.174,3.173,1.374,2.59,1.8,0.583
2013-12-31,3.235,3.207,1.371,2.607,1.864,0.599
2014-01-02,3.192,3.19,1.359,2.599,1.834,0.591
2014-01-03,3.191,3.196,1.401,2.603,1.79,0.593
2014-01-06,3.162,3.171,1.371,2.588,1.791,0.583
2014-01-07,3.133,3.148,1.377,2.575,1.756,0.573
2014-01-08,3.177,3.188,1.454,2.593,1.724,0.596
2014-01-09,3.136,3.171,1.463,2.58,1.673,0.591
2014-01-10,3.039,3.084,1.398,2.537,1.641,0.547
2014-01-13,3.009,3.035,1.378,2.513,1.631,0.522
2014-01-14,3.042,3.053,1.427,2.521,1.615,0.532
2014-01-15,3.056,3.071,1.451,2.528,1.606,0.543
2014-01-16,3.016,3.048,1.451,2.516,1.565,0.532
2014-01-17,2.993,3.026,1.448,2.505,1.544,0.521
2014-01-21,2.999,3.029,1.484,2.505,1.514,0.524
2014-01-22,3.029,3.054,1.515,2.516,1.514,0.539
2014-01-23,2.95,2.994,1.459,2.486,1.491,0.509
2014-01-24,2.908,2.951,1.463,2.465,1.445,0.486
2014-01-27,2.942,2.958,1.46,2.469,1.482,0.489
2014-01-28,2.935,2.947,1.435,2.464,1.5,0.483
2014-01-29,2.856,2.892,1.431,2.437,1.425,0.455
2014-01-30,2.884,2.895,1.449,2.437,1.436,0.458
2014-01-31,2.835,2.859,1.433,2.419,1.402,0.44
2014-02-03,2.769,2.802,1.419,2.393,1.35,0.409
2014-02-04,2.804,2.804,1.404,2.397,1.399,0.408
2014-02-05,2.861,2.84,1.399,2.415,1.462,0.424
2014-02-06,2.891,2.871,1.41,2.432,1.482,0.439
2014-02-07,2.867,2.859,1.386,2.429,1.481,0.43
2014-02-10,2.864,2.856,1.385,2.428,1.479,0.428
2014-02-11,2.91,2.895,1.425,2.446,1.485,0.449
2014-02-12,2.948,2.933,1.434,2.463,1.514,0.47
2014-02-13,2.886,2.897,1.407,2.443,1.479,0.454
2014-02-14,2.898,2.899,1.414,2.442,1.483,0.457
2014-02-18,2.872,2.878,1.389,2.433,1.483,0.444
2014-02-19,2.89,2.892,1.419,2.442,1.471,0.449
2014-02-20,2.916,2.916,1.435,2.453,1.48,0.462
2014-02-21,2.896,2.91,1.437,2.45,1.46,0.46
2014-02-24,2.903,2.918,1.455,2.454,1.449,0.465
2014-02-25,2.852,2.886,1.452,2.438,1.4,0.448
2014-02-26,2.82,2.852,1.437,2.421,1.384,0.431
2014-02-27,2.797,2.829,1.449,2.409,1.347,0.42
2014-02-28,2.809,2.834,1.474,2.411,1.335,0.423
2014-03-03,2.752,2.793,1.463,2.391,1.289,0.402
2014-03-04,2.852,2.846,1.466,2.416,1.386,0.429
2014-03-05,2.85,2.859,1.469,2.423,1.381,0.436
2014-03-06,2.892,2.893,1.48,2.439,1.413,0.454
2014-03-07,2.946,2.95,1.517,2.466,1.429,0.484
2014-03-10,2.938,2.958,1.509,2.468,1.429,0.49
2014-03-11,2.917,2.95,1.519,2.463,1.397,0.487
2014-03-12,2.866,2.916,1.516,2.446,1.35,0.47
2014-03-13,2.8,2.858,1.5,2.418,1.299,0.44
2014-03-14,2.792,2.842,1.529,2.41,1.263,0.432
2014-03-17,2.837,2.867,1.537,2.422,1.3,0.445
2014-03-18,2.82,2.855,1.517,2.415,1.303,0.44
2014-03-19,2.916,2.956,1.67,2.461,1.245,0.494
2014-03-20,2.922,2.974,1.646,2.467,1.277,0.506
2014-03-21,2.883,2.964,1.686,2.46,1.196,0.504
2014-03-24,2.865,2.962,1.737,2.456,1.128,0.505
2014-03-25,2.878,2.961,1.728,2.454,1.15,0.507
2014-03-26,2.838,2.925,1.696,2.435,1.142,0.49
2014-03-27,2.806,2.906,1.731,2.424,1.075,0.482
2014-03-28,2.851,2.932,1.748,2.435,1.103,0.497
2014-03-31,2.866,2.937,1.717,2.438,1.149,0.499
2014-04-01,2.902,2.957,1.689,2.447,1.213,0.51
2014-04-02,2.959,3.01,1.725,2.471,1.234,0.539
2014-04-03,2.942,3.016,1.722,2.472,1.22,0.544
2014-04-04,2.879,2.969,1.684,2.45,1.196,0.519
2014-04-07,2.844,2.933,1.683,2.434,1.161,0.499
2014-04-08,2.82,2.909,1.687,2.423,1.133,0.486
2014-04-09,2.846,2.9,1.63,2.42,1.216,0.48
2014-04-10,2.778,2.853,1.616,2.4,1.162,0.453
2014-04-11,2.763,2.832,1.615,2.391,1.148,0.441
2014-04-14,2.773,2.839,1.645,2.395,1.129,0.444
2014-04-15,2.758,2.839,1.679,2.394,1.078,0.445
2014-04-16,2.769,2.855,1.726,2.4,1.043,0.455
2014-04-17,2.862,2.921,1.742,2.429,1.12,0.492
2014-04-21,2.86,2.934,1.728,2.435,1.132,0.499
2014-04-22,2.855,2.943,1.755,2.438,1.099,0.505
2014-04-23,2.824,2.922,1.745,2.426,1.079,0.496
2014-04-24,2.828,2.922,1.755,2.424,1.072,0.498
2014-04-25,2.806,2.91,1.765,2.418,1.041,0.492
2014-04-28,2.827,2.916,1.754,2.421,1.074,0.494
2014-04-29,2.83,2.919,1.75,2.422,1.081,0.496
2014-04-30,2.798,2.888,1.716,2.408,1.082,0.48
2014-05-01,2.748,2.85,1.723,2.39,1.024,0.46
2014-05-02,2.716,2.833,1.77,2.381,0.946,0.452
2014-05-05,2.739,2.837,1.766,2.382,0.974,0.455
2014-05-06,2.713,2.825,1.782,2.375,0.931,0.45
2014-05-07,2.713,2.81,1.751,2.367,0.962,0.442
2014-05-08,2.709,2.794,1.717,2.361,0.992,0.434
2014-05-09,2.721,2.797,1.718,2.363,1.003,0.434
2014-05-12,2.758,2.824,1.722,2.376,1.036,0.448
2014-05-13,2.714,2.8,1.706,2.365,1.008,0.435
2014-05-14,2.638,2.744,1.704,2.339,0.934,0.406
2014-05-15,2.591,2.701,1.714,2.318,0.877,0.383
2014-05-16,2.616,2.701,1.713,2.318,0.903,0.383
2014-05-19,2.645,2.708,1.677,2.322,0.969,0.386
2014-05-20,2.62,2.692,1.666,2.315,0.954,0.377
2014-05-21,2.651,2.707,1.656,2.324,0.995,0.383
2014-05-22,2.667,2.727,1.672,2.333,0.995,0.394
2014-05-23,2.649,2.719,1.666,2.329,0.983,0.39
2014-05-27,2.631,2.71,1.684,2.325,0.947,0.385
2014-05-28,2.548,2.654,1.688,2.298,0.86,0.356
2014-05-29,2.558,2.646,1.701,2.294,0.857,0.352
2014-05-30,2.586,2.662,1.712,2.301,0.874,0.361
2014-06-02,2.646,2.708,1.734,2.322,0.913,0.386
2014-06-03,2.714,2.763,1.734,2.348,0.98,0.415
2014-06-04,2.736,2.79,1.721,2.361,1.015,0.429
2014-06-05,2.716,2.785,1.717,2.359,0.999,0.426
2014-06-06,2.723,2.798,1.741,2.365,0.982,0.433
2014-06-09,2.736,2.818,1.766,2.374,0.97,0.444
2014-06-10,2.757,2.84,1.775,2.384,0.982,0.457
2014-06-11,2.759,2.843,1.76,2.384,1,0.458
2014-06-12,2.695,2.803,1.762,2.365,0.933,0.438
2014-06-13,2.712,2.812,1.789,2.368,0.922,0.443
2014-06-16,2.707,2.815,1.813,2.369,0.895,0.446
2014-06-17,2.765,2.854,1.828,2.386,0.937,0.468
2014-06-18,2.716,2.827,1.809,2.37,0.908,0.456
2014-06-19,2.748,2.827,1.769,2.369,0.979,0.458
2014-06-20,2.737,2.825,1.785,2.367,0.952,0.459
2014-06-23,2.733,2.825,1.799,2.367,0.934,0.459
2014-06-24,2.695,2.802,1.804,2.355,0.891,0.447
2014-06-25,2.669,2.775,1.8,2.342,0.869,0.433
2014-06-26,2.632,2.742,1.789,2.327,0.843,0.415
2014-06-27,2.645,2.735,1.771,2.324,0.874,0.411
2014-06-30,2.635,2.725,1.771,2.321,0.863,0.404
2014-07-01,2.684,2.752,1.767,2.333,0.917,0.419
2014-07-02,2.742,2.801,1.773,2.356,0.97,0.446
2014-07-03,2.756,2.834,1.807,2.369,0.949,0.465
2014-07-07,2.723,2.83,1.836,2.367,0.887,0.463
2014-07-08,2.664,2.792,1.841,2.347,0.822,0.445
2014-07-09,2.652,2.77,1.839,2.336,0.814,0.434
2014-07-10,2.639,2.747,1.825,2.324,0.814,0.423
2014-07-11,2.616,2.727,1.83,2.315,0.786,0.412
2014-07-14,2.643,2.743,1.847,2.322,0.796,0.42
2014-07-15,2.647,2.755,1.869,2.327,0.778,0.428
2014-07-16,2.635,2.756,1.892,2.326,0.743,0.431
2014-07-17,2.555,2.699,1.877,2.297,0.678,0.402
2014-07-18,2.581,2.708,1.91,2.3,0.671,0.408
2014-07-21,2.566,2.704,1.938,2.297,0.627,0.407
2014-07-22,2.561,2.69,1.92,2.29,0.641,0.401
2014-07-23,2.557,2.68,1.913,2.284,0.645,0.397
2014-07-24,2.605,2.717,1.937,2.301,0.668,0.416
2014-07-25,2.555,2.696,1.947,2.29,0.608,0.406
2014-07-28,2.584,2.711,1.959,2.297,0.626,0.415
2014-07-29,2.544,2.691,1.965,2.285,0.579,0.406
2014-07-30,2.648,2.751,1.977,2.314,0.672,0.437
2014-07-31,2.664,2.77,1.953,2.322,0.711,0.448
2014-08-01,2.603,2.724,1.904,2.301,0.7,0.422
2014-08-04,2.592,2.705,1.888,2.295,0.704,0.41
2014-08-05,2.583,2.699,1.897,2.292,0.685,0.406
2014-08-06,2.574,2.692,1.897,2.29,0.677,0.402
2014-08-07,2.518,2.651,1.884,2.27,0.634,0.38
2014-08-08,2.524,2.651,1.911,2.271,0.613,0.38
2014-08-11,2.529,2.649,1.903,2.27,0.626,0.379
2014-08-12,2.552,2.658,1.895,2.274,0.657,0.384
2014-08-13,2.521,2.633,1.86,2.262,0.661,0.37
2014-08-14,2.49,2.61,1.88,2.252,0.61,0.358
2014-08-15,2.427,2.57,1.9,2.232,0.528,0.338
2014-08-18,2.478,2.586,1.894,2.239,0.584,0.348
2014-08-19,2.494,2.599,1.892,2.244,0.602,0.355
2014-08-20,2.516,2.63,1.939,2.258,0.576,0.372
2014-08-21,2.494,2.624,1.948,2.253,0.546,0.371
2014-08-22,2.487,2.629,1.994,2.253,0.493,0.376
2014-08-25,2.465,2.621,2.019,2.247,0.446,0.374
2014-08-26,2.473,2.615,1.997,2.242,0.476,0.373
2014-08-27,2.44,2.591,2.004,2.23,0.436,0.361
2014-08-28,2.414,2.564,1.995,2.216,0.419,0.348
2014-08-29,2.43,2.562,1.989,2.214,0.441,0.347
2014-09-02,2.507,2.612,1.991,2.238,0.516,0.373
2014-09-03,2.499,2.621,1.997,2.242,0.501,0.379
2014-09-04,2.539,2.65,1.991,2.256,0.548,0.394
2014-09-05,2.549,2.658,1.967,2.26,0.582,0.398
2014-09-08,2.561,2.679,1.992,2.27,0.569,0.409
2014-09-09,2.575,2.705,2.027,2.281,0.548,0.424
2014-09-10,2.615,2.736,2.018,2.295,0.596,0.441
2014-09-11,2.624,2.749,2.02,2.301,0.604,0.448
2014-09-12,2.707,2.801,1.994,2.326,0.713,0.474
2014-09-15,2.688,2.801,1.977,2.327,0.711,0.474
2014-09-16,2.693,2.8,1.949,2.328,0.744,0.472
2014-09-17,2.712,2.825,1.981,2.341,0.731,0.484
2014-09-18,2.729,2.851,2.011,2.353,0.718,0.498
2014-09-19,2.678,2.832,2.034,2.343,0.644,0.489
2014-09-22,2.655,2.804,2.013,2.328,0.642,0.476
2014-09-23,2.625,2.778,2.015,2.316,0.609,0.463
2014-09-24,2.66,2.795,2.023,2.323,0.636,0.471
2014-09-25,2.599,2.755,2.006,2.304,0.594,0.451
2014-09-26,2.624,2.772,2.049,2.311,0.574,0.461
2014-09-29,2.583,2.745,2.041,2.299,0.542,0.447
2014-09-30,2.602,2.746,2.033,2.298,0.569,0.448
2014-10-01,2.494,2.669,2.018,2.261,0.476,0.408
2014-10-02,2.526,2.665,2.001,2.259,0.526,0.406
2014-10-03,2.524,2.676,2.054,2.263,0.47,0.413
2014-10-06,2.509,2.655,2.021,2.253,0.488,0.402
2014-10-07,2.436,2.599,2.016,2.227,0.42,0.373
2014-10-08,2.433,2.555,1.931,2.207,0.501,0.348
2014-10-09,2.423,2.544,1.947,2.203,0.476,0.34
2014-10-10,2.395,2.522,1.946,2.193,0.449,0.328
2014-10-14,2.292,2.438,1.913,2.155,0.379,0.283
2014-10-15,2.241,2.367,1.863,2.125,0.377,0.242
2014-10-16,2.259,2.362,1.869,2.125,0.39,0.237
2014-10-17,2.309,2.398,1.877,2.143,0.433,0.255
2014-10-20,2.285,2.386,1.87,2.137,0.415,0.248
2014-10-21,2.327,2.407,1.858,2.148,0.469,0.258
2014-10-22,2.343,2.429,1.874,2.159,0.469,0.27
2014-10-23,2.391,2.471,1.895,2.179,0.495,0.292
2014-10-24,2.388,2.481,1.893,2.183,0.496,0.298
2014-10-27,2.374,2.476,1.89,2.18,0.484,0.295
2014-10-28,2.408,2.497,1.888,2.191,0.52,0.306
2014-10-29,2.434,2.547,1.976,2.215,0.457,0.333
2014-10-30,2.42,2.542,1.96,2.209,0.46,0.332
2014-10-31,2.453,2.566,1.971,2.219,0.483,0.347
2014-11-03,2.454,2.578,1.995,2.224,0.459,0.354
2014-11-04,2.439,2.57,1.993,2.219,0.446,0.351
2014-11-05,2.448,2.573,1.991,2.22,0.457,0.353
2014-11-06,2.483,2.599,2.004,2.232,0.479,0.367
2014-11-07,2.402,2.546,1.986,2.206,0.416,0.34
2014-11-10,2.46,2.575,1.998,2.219,0.462,0.356
2014-11-12,2.455,2.577,2.002,2.219,0.453,0.358
2014-11-13,2.449,2.567,1.982,2.215,0.467,0.353
2014-11-14,2.42,2.546,1.979,2.204,0.44,0.342
2014-11-17,2.44,2.554,1.995,2.209,0.445,0.345
2014-11-18,2.423,2.545,1.989,2.204,0.434,0.341
2014-11-19,2.461,2.57,2,2.215,0.461,0.355
2014-11-20,2.435,2.558,2.003,2.209,0.431,0.349
2014-11-21,2.415,2.542,2,2.201,0.414,0.34
2014-11-24,2.4,2.528,1.996,2.195,0.404,0.333
2014-11-25,2.351,2.494,2.005,2.179,0.346,0.315
2014-11-26,2.328,2.467,2.002,2.166,0.327,0.301
2014-11-28,2.261,2.41,1.99,2.139,0.271,0.271
2014-12-01,2.308,2.422,1.98,2.146,0.328,0.276
2014-12-02,2.37,2.473,2.011,2.17,0.359,0.303
2014-12-03,2.372,2.491,2.028,2.176,0.344,0.315
2014-12-04,2.328,2.469,2.043,2.164,0.285,0.305
2014-12-05,2.377,2.519,2.116,2.185,0.261,0.334
2014-12-08,2.317,2.497,2.161,2.172,0.156,0.325
2014-12-09,2.276,2.451,2.147,2.15,0.13,0.302
2014-12-10,2.232,2.395,2.118,2.121,0.113,0.274
2014-12-11,2.251,2.4,2.157,2.122,0.095,0.279
2014-12-12,2.159,2.326,2.122,2.084,0.036,0.242
2014-12-15,2.179,2.332,2.167,2.086,0.012,0.245
2014-12-16,2.123,2.288,2.171,2.065,-0.048,0.224
2014-12-17,2.204,2.333,2.198,2.084,0.006,0.249
2014-12-18,2.285,2.394,2.199,2.113,0.086,0.281
2014-12-19,2.239,2.387,2.227,2.107,0.012,0.28
2014-12-22,2.235,2.384,2.238,2.107,-0.003,0.278
2014-12-23,2.329,2.442,2.25,2.132,0.079,0.31
2014-12-24,2.332,2.462,2.273,2.138,0.058,0.324
2014-12-26,2.313,2.458,2.282,2.132,0.031,0.326
2014-12-29,2.279,2.426,2.253,2.116,0.026,0.31
2014-12-30,2.258,2.399,2.233,2.103,0.025,0.295
2014-12-31,2.241,2.373,2.202,2.093,0.039,0.281
2015-01-02,2.182,2.33,2.195,2.071,-0.013,0.259
2015-01-05,2.088,2.266,2.226,2.039,-0.138,0.227
2015-01-06,2.023,2.192,2.189,2.003,-0.166,0.189
2015-01-07,2.016,2.159,2.174,1.987,-0.158,0.172
2015-01-08,2.079,2.181,2.149,1.997,-0.069,0.184
2015-01-09,2.033,2.152,2.111,1.983,-0.077,0.169
2015-01-12,1.968,2.1,2.094,1.96,-0.126,0.14
2015-01-13,1.961,2.077,2.085,1.951,-0.124,0.126
2015-01-14,1.917,2.036,2.065,1.934,-0.148,0.102
2015-01-15,1.838,1.954,1.995,1.897,-0.157,0.057
2015-01-16,1.894,1.989,2.06,1.915,-0.166,0.074
2015-01-20,1.884,2.001,2.095,1.921,-0.212,0.081
2015-01-21,1.941,2.037,2.086,1.937,-0.145,0.1
2015-01-22,1.959,2.065,2.114,1.949,-0.155,0.116
2015-01-23,1.874,2.019,2.119,1.925,-0.245,0.094
2015-01-26,1.897,2.023,2.119,1.927,-0.222,0.096
2015-01-27,1.892,2.016,2.113,1.923,-0.221,0.093
2015-01-28,1.794,1.941,2.08,1.887,-0.286,0.054
2015-01-29,1.849,1.956,2.071,1.894,-0.222,0.062
2015-01-30,1.763,1.892,2.031,1.864,-0.268,0.028
2015-02-02,1.774,1.88,2.024,1.859,-0.25,0.021
2015-02-03,1.872,1.947,2.057,1.891,-0.186,0.056
2015-02-04,1.877,1.969,2.062,1.9,-0.185,0.07
2015-02-05,1.901,1.99,2.055,1.91,-0.153,0.081
2015-02-06,2.011,2.106,2.185,1.962,-0.173,0.143
2015-02-09,2.016,2.135,2.191,1.973,-0.176,0.162
2015-02-10,2.062,2.171,2.189,1.987,-0.126,0.184
2015-02-11,2.068,2.185,2.186,1.992,-0.118,0.193
2015-02-12,2.064,2.177,2.157,1.988,-0.094,0.189
2015-02-13,2.108,2.204,2.145,2.001,-0.038,0.203
2015-02-17,2.231,2.297,2.163,2.047,0.068,0.25
2015-02-18,2.162,2.262,2.1,2.031,0.062,0.231
2015-02-19,2.213,2.298,2.126,2.05,0.086,0.247
2015-02-20,2.226,2.324,2.153,2.064,0.073,0.26
2015-02-23,2.161,2.287,2.126,2.046,0.035,0.24
2015-02-24,2.089,2.22,2.094,2.016,-0.004,0.204
2015-02-25,2.056,2.189,2.115,2.002,-0.058,0.187
2015-02-26,2.113,2.227,2.162,2.021,-0.05,0.207
2015-02-27,2.087,2.212,2.146,2.012,-0.059,0.199
2015-03-02,2.168,2.261,2.149,2.036,0.019,0.226
2015-03-03,2.208,2.305,2.167,2.056,0.04,0.249
2015-03-04,2.205,2.311,2.152,2.058,0.053,0.253
2015-03-05,2.189,2.298,2.132,2.052,0.056,0.246
2015-03-06,2.325,2.398,2.17,2.099,0.154,0.298
2015-03-09,2.276,2.389,2.163,2.095,0.113,0.293
2015-03-10,2.217,2.348,2.158,2.076,0.059,0.271
2015-03-11,2.189,2.321,2.172,2.065,0.017,0.257
2015-03-12,2.186,2.301,2.146,2.056,0.04,0.245
2015-03-13,2.206,2.31,2.16,2.062,0.046,0.248
2015-03-16,2.18,2.295,2.151,2.058,0.029,0.237
2015-03-17,2.133,2.267,2.181,2.046,-0.048,0.221
2015-03-18,2.015,2.151,2.094,1.99,-0.079,0.161
2015-03-19,2.057,2.167,2.146,1.997,-0.089,0.169
2015-03-20,2.008,2.125,2.11,1.976,-0.102,0.149
2015-03-23,1.998,2.101,2.086,1.965,-0.088,0.136
2015-03-24,1.956,2.065,2.086,1.947,-0.129,0.118
2015-03-25,2.003,2.088,2.104,1.959,-0.102,0.129
2015-03-26,2.096,2.152,2.103,1.99,-0.007,0.161
2015-03-27,2.034,2.125,2.092,1.978,-0.059,0.147
2015-03-30,2.047,2.125,2.066,1.98,-0.019,0.145
2015-03-31,2.018,2.102,2.055,1.97,-0.037,0.132
2015-04-01,1.949,2.053,2.05,1.947,-0.101,0.106
2015-04-02,1.996,2.067,2.038,1.953,-0.042,0.114
2015-04-03,1.923,2.012,1.992,1.928,-0.069,0.085
2015-04-06,1.996,2.048,1.993,1.947,0.003,0.102
2015-04-07,1.972,2.053,2.02,1.949,-0.048,0.104
2015-04-08,1.991,2.069,2.02,1.956,-0.029,0.112
2015-04-09,2.048,2.113,2.039,1.978,0.009,0.136
2015-04-10,2.038,2.126,2.062,1.982,-0.025,0.144
2015-04-13,2.028,2.115,2.033,1.978,-0.004,0.137
2015-04-14,1.988,2.083,2.019,1.962,-0.031,0.121
2015-04-15,1.99,2.07,1.996,1.956,-0.006,0.114
2015-04-16,1.981,2.055,1.974,1.949,0.007,0.106
2015-04-17,1.949,2.042,2.003,1.942,-0.054,0.1
2015-04-20,1.977,2.056,2.006,1.95,-0.03,0.105
2015-04-21,2.008,2.075,1.996,1.959,0.013,0.116
2015-04-22,2.083,2.132,2.01,1.987,0.073,0.145
2015-04-23,2.043,2.117,1.993,1.979,0.05,0.138
2015-04-24,2.018,2.096,1.982,1.97,0.037,0.126
2015-04-27,2.017,2.097,2.01,1.97,0.008,0.126
2015-04-28,2.082,2.139,2.009,1.99,0.073,0.148
2015-04-29,2.151,2.191,1.991,2.014,0.16,0.177
2015-04-30,2.141,2.204,1.995,2.019,0.146,0.186
2015-05-01,2.222,2.268,2.018,2.048,0.204,0.22
2015-05-04,2.259,2.304,1.988,2.067,0.272,0.238
2015-05-05,2.28,2.338,2.01,2.083,0.27,0.255
2015-05-06,2.343,2.388,2.007,2.108,0.337,0.28
2015-05-07,2.273,2.365,2.026,2.096,0.247,0.269
2015-05-08,2.254,2.332,1.981,2.081,0.273,0.251
2015-05-11,2.376,2.408,2,2.12,0.376,0.288
2015-05-12,2.379,2.427,1.975,2.131,0.404,0.296
2015-05-13,2.403,2.44,1.938,2.139,0.465,0.301
2015-05-14,2.354,2.41,1.915,2.126,0.439,0.284
2015-05-15,2.261,2.355,1.929,2.102,0.332,0.253
2015-05-18,2.349,2.4,1.94,2.125,0.409,0.276
2015-05-19,2.391,2.451,1.985,2.148,0.406,0.303
2015-05-20,2.376,2.445,1.951,2.145,0.425,0.3
2015-05-21,2.299,2.397,1.962,2.121,0.337,0.276
2015-05-22,2.329,2.415,1.999,2.129,0.329,0.286
2015-05-26,2.244,2.366,2.015,2.105,0.229,0.261
2015-05-27,2.241,2.349,2.026,2.095,0.215,0.254
2015-05-28,2.244,2.332,2,2.085,0.244,0.247
2015-05-29,2.231,2.313,1.984,2.075,0.247,0.238
2015-06-01,2.297,2.356,1.998,2.095,0.298,0.261
2015-06-02,2.385,2.422,2,2.126,0.385,0.296
2015-06-03,2.504,2.519,2.011,2.173,0.494,0.346
2015-06-04,2.425,2.5,2.013,2.165,0.413,0.336
2015-06-05,2.524,2.575,2.062,2.201,0.462,0.374
2015-06-08,2.51,2.577,2.039,2.203,0.471,0.374
2015-06-09,2.541,2.602,2.036,2.214,0.504,0.387
2015-06-10,2.612,2.658,2.044,2.242,0.567,0.416
2015-06-11,2.504,2.609,2.061,2.218,0.443,0.391
2015-06-12,2.504,2.6,2.084,2.214,0.42,0.386
2015-06-15,2.473,2.568,2.058,2.199,0.414,0.369
2015-06-16,2.432,2.531,2.048,2.18,0.384,0.351
2015-06-17,2.43,2.502,2.001,2.167,0.43,0.335
2015-06-18,2.466,2.516,1.99,2.174,0.476,0.342
2015-06-19,2.371,2.462,1.988,2.147,0.383,0.315
2015-06-22,2.486,2.527,1.998,2.18,0.488,0.348
2015-06-23,2.533,2.574,2,2.203,0.532,0.372
2015-06-24,2.502,2.568,2.001,2.199,0.501,0.369
2015-06-25,2.517,2.579,2.01,2.204,0.506,0.375
2015-06-26,2.608,2.64,1.997,2.234,0.61,0.406
2015-06-29,2.446,2.547,1.979,2.192,0.467,0.355
2015-06-30,2.464,2.535,1.977,2.189,0.486,0.347
2015-07-01,2.55,2.593,1.98,2.218,0.57,0.375
2015-07-02,2.516,2.572,1.939,2.208,0.576,0.364
2015-07-06,2.409,2.5,1.941,2.175,0.468,0.326
2015-07-07,2.374,2.464,1.96,2.158,0.414,0.306
2015-07-08,2.319,2.412,1.945,2.134,0.373,0.278
2015-07-09,2.428,2.468,1.94,2.162,0.487,0.306
2015-07-10,2.534,2.562,1.974,2.207,0.561,0.355
2015-07-13,2.557,2.602,1.969,2.225,0.588,0.376
2015-07-14,2.518,2.583,1.953,2.216,0.566,0.367
2015-07-15,2.454,2.541,1.958,2.196,0.496,0.344
2015-07-16,2.451,2.539,2.001,2.195,0.45,0.344
2015-07-17,2.446,2.539,2.025,2.195,0.421,0.344
2015-07-20,2.466,2.557,2.054,2.204,0.411,0.353
2015-07-21,2.435,2.533,2.043,2.191,0.392,0.342
2015-07-22,2.408,2.514,2.067,2.181,0.34,0.333
2015-07-23,2.347,2.465,2.074,2.155,0.272,0.31
2015-07-24,2.349,2.445,2.059,2.144,0.29,0.3
2015-07-27,2.305,2.4,2.028,2.124,0.277,0.276
2015-07-28,2.336,2.409,2.029,2.129,0.307,0.28
2015-07-29,2.367,2.432,2.032,2.14,0.335,0.291
2015-07-30,2.348,2.434,2.067,2.142,0.281,0.292
2015-07-31,2.279,2.376,2.031,2.115,0.247,0.26
2015-08-03,2.227,2.331,2.045,2.096,0.182,0.235
2015-08-04,2.289,2.373,2.105,2.116,0.184,0.257
2015-08-05,2.341,2.414,2.127,2.135,0.214,0.278
2015-08-06,2.298,2.392,2.11,2.121,0.189,0.271
2015-08-07,2.237,2.357,2.144,2.104,0.093,0.252
2015-08-10,2.3,2.377,2.127,2.118,0.173,0.258
2015-08-11,2.211,2.313,2.094,2.088,0.117,0.225
2015-08-12,2.216,2.294,2.072,2.081,0.144,0.214
2015-08-13,2.266,2.331,2.098,2.099,0.168,0.232
2015-08-14,2.278,2.352,2.118,2.108,0.16,0.244
2015-08-17,2.243,2.33,2.112,2.097,0.13,0.233
2015-08-18,2.289,2.349,2.097,2.105,0.192,0.244
2015-08-19,2.201,2.284,2.054,2.071,0.148,0.212
2015-08-20,2.171,2.257,2.082,2.055,0.089,0.202
2015-08-21,2.138,2.213,2.029,2.032,0.109,0.181
2015-08-24,2.108,2.171,1.991,2.014,0.117,0.157
2015-08-25,2.231,2.245,2.006,2.052,0.225,0.193
2015-08-26,2.302,2.301,1.961,2.08,0.342,0.222
2015-08-27,2.298,2.321,1.981,2.09,0.317,0.231
2015-08-28,2.293,2.341,2.024,2.1,0.27,0.241
2015-08-31,2.308,2.36,2.045,2.112,0.262,0.248
2015-09-01,2.265,2.329,2.025,2.094,0.24,0.234
2015-09-02,2.293,2.341,2.03,2.099,0.263,0.242
2015-09-03,2.269,2.326,2.029,2.09,0.24,0.236
2015-09-04,2.219,2.293,2.04,2.073,0.179,0.22
2015-09-08,2.282,2.33,2.052,2.094,0.23,0.236
2015-09-09,2.277,2.334,2.055,2.094,0.222,0.24
2015-09-10,2.314,2.352,2.041,2.101,0.273,0.25
2015-09-11,2.283,2.332,2.031,2.093,0.252,0.24
2015-09-14,2.271,2.322,2.026,2.091,0.245,0.231
2015-09-15,2.377,2.394,2.049,2.127,0.328,0.267
2015-09-16,2.398,2.422,2.043,2.138,0.355,0.284
2015-09-17,2.308,2.347,1.976,2.096,0.332,0.251
2015-09-18,2.226,2.284,1.964,2.06,0.262,0.224
2015-09-21,2.297,2.321,1.963,2.076,0.333,0.245
2015-09-22,2.227,2.281,1.95,2.054,0.277,0.227
2015-09-23,2.243,2.284,1.956,2.055,0.287,0.229
2015-09-24,2.215,2.264,1.959,2.045,0.256,0.219
2015-09-25,2.255,2.287,1.965,2.054,0.29,0.233
2015-09-28,2.176,2.244,1.977,2.034,0.199,0.209
2015-09-29,2.126,2.19,1.952,2.009,0.173,0.18
2015-09-30,2.138,2.18,1.936,2.004,0.201,0.176
2015-10-01,2.127,2.174,1.95,2,0.177,0.174
2015-10-02,2.07,2.118,1.898,1.974,0.172,0.145
2015-10-05,2.146,2.158,1.908,1.994,0.238,0.163
2015-10-06,2.125,2.158,1.915,1.995,0.21,0.163
2015-10-07,2.148,2.179,1.924,2.005,0.225,0.174
2015-10-08,2.193,2.212,1.923,2.02,0.27,0.192
2015-10-09,2.191,2.228,1.954,2.028,0.237,0.2
2015-10-13,2.13,2.187,1.927,2.009,0.203,0.178
2015-10-14,2.065,2.121,1.897,1.978,0.168,0.143
2015-10-15,2.111,2.145,1.924,1.991,0.187,0.154
2015-10-16,2.118,2.158,1.942,1.997,0.176,0.161
2015-10-19,2.127,2.163,1.931,2.002,0.196,0.161
2015-10-20,2.171,2.198,1.947,2.02,0.224,0.179
2015-10-21,2.127,2.18,1.95,2.01,0.177,0.17
2015-10-22,2.129,2.171,1.96,2.006,0.169,0.166
2015-10-23,2.186,2.215,1.975,2.027,0.212,0.188
2015-10-26,2.157,2.208,1.982,2.025,0.174,0.183
2015-10-27,2.136,2.185,1.963,2.017,0.172,0.168
2015-10-28,2.19,2.235,2.032,2.043,0.157,0.192
2015-10-29,2.275,2.299,2.039,2.075,0.235,0.224
2015-10-30,2.245,2.302,2.065,2.078,0.18,0.224
2015-11-02,2.286,2.333,2.09,2.095,0.196,0.238
2015-11-03,2.323,2.364,2.095,2.109,0.228,0.255
2015-11-04,2.33,2.392,2.147,2.12,0.183,0.272
2015-11-05,2.344,2.402,2.136,2.123,0.208,0.279
2015-11-06,2.432,2.472,2.186,2.158,0.246,0.314
2015-11-09,2.453,2.502,2.19,2.177,0.263,0.324
2015-11-10,2.436,2.489,2.171,2.174,0.265,0.315
2015-11-12,2.442,2.492,2.173,2.177,0.27,0.315
2015-11-13,2.403,2.458,2.139,2.161,0.264,0.298
2015-11-16,2.389,2.44,2.122,2.154,0.267,0.285
2015-11-17,2.368,2.425,2.142,2.148,0.226,0.276
2015-11-18,2.385,2.437,2.158,2.152,0.227,0.285
2015-11-19,2.357,2.422,2.159,2.142,0.198,0.28
2015-11-20,2.375,2.43,2.167,2.143,0.208,0.286
2015-11-23,2.355,2.42,2.172,2.14,0.183,0.28
2015-11-24,2.34,2.4,2.166,2.133,0.174,0.268
2015-11-25,2.337,2.393,2.182,2.133,0.155,0.26
2015-11-27,2.327,2.378,2.169,2.126,0.158,0.252
2015-11-30,2.32,2.372,2.191,2.128,0.129,0.244
2015-12-01,2.254,2.321,2.179,2.105,0.076,0.216
2015-12-02,2.282,2.331,2.205,2.11,0.077,0.221
2015-12-03,2.442,2.43,2.21,2.159,0.232,0.27
2015-12-04,2.388,2.426,2.226,2.16,0.162,0.266
2015-12-07,2.333,2.394,2.241,2.154,0.091,0.24
2015-12-08,2.341,2.385,2.232,2.154,0.109,0.231
2015-12-09,2.32,2.359,2.206,2.141,0.113,0.217
2015-12-10,2.343,2.374,2.225,2.148,0.117,0.226
2015-12-11,2.234,2.293,2.178,2.106,0.055,0.186
2015-12-14,2.337,2.351,2.216,2.136,0.121,0.215
2015-12-15,2.38,2.395,2.229,2.157,0.151,0.239
2015-12-16,2.409,2.437,2.264,2.174,0.145,0.262
2015-12-17,2.334,2.404,2.285,2.153,0.049,0.251
2015-12-18,2.292,2.358,2.263,2.125,0.029,0.233
2015-12-21,2.294,2.345,2.251,2.121,0.043,0.224
2015-12-22,2.338,2.371,2.257,2.13,0.08,0.241
2015-12-23,2.373,2.4,2.255,2.141,0.118,0.258
2015-12-24,2.348,2.396,2.272,2.138,0.076,0.258
2015-12-28,2.337,2.389,2.282,2.136,0.055,0.252
2015-12-29,2.418,2.441,2.299,2.161,0.119,0.28
2015-12-30,2.416,2.447,2.282,2.161,0.134,0.286
2015-12-31,2.384,2.425,2.275,2.147,0.109,0.278
2016-01-04,2.347,2.395,2.271,2.135,0.075,0.26
2016-01-05,2.353,2.389,2.257,2.132,0.097,0.257
2016-01-06,2.277,2.33,2.229,2.104,0.049,0.226
2016-01-07,2.251,2.288,2.198,2.083,0.053,0.204
2016-01-08,2.224,2.254,2.182,2.068,0.042,0.186
2016-01-11,2.265,2.264,2.16,2.075,0.105,0.189
2016-01-12,2.206,2.232,2.168,2.061,0.038,0.171
2016-01-13,2.159,2.19,2.157,2.042,0.002,0.148
2016-01-14,2.194,2.196,2.135,2.046,0.059,0.15
2016-01-15,2.124,2.148,2.113,2.022,0.011,0.127
2016-01-19,2.143,2.159,2.129,2.028,0.013,0.131
2016-01-20,2.09,2.123,2.105,2.011,-0.014,0.112
2016-01-21,2.108,2.125,2.097,2.015,0.011,0.109
2016-01-22,2.15,2.161,2.121,2.038,0.028,0.124
2016-01-25,2.106,2.145,2.127,2.034,-0.02,0.112
2016-01-26,2.095,2.127,2.112,2.029,-0.016,0.099
2016-01-27,2.097,2.122,2.101,2.028,-0.004,0.094
2016-01-28,2.079,2.105,2.084,2.024,-0.005,0.081
2016-01-29,2.024,2.053,2.048,2.001,-0.024,0.053
2016-02-01,2.059,2.076,2.084,2.016,-0.024,0.06
2016-02-02,1.954,2.002,2.049,1.983,-0.095,0.019
2016-02-03,1.969,1.985,2.018,1.977,-0.049,0.009
2016-02-04,1.959,1.974,2.009,1.969,-0.051,0.004
2016-02-05,1.937,1.966,2.027,1.965,-0.091,0.001
2016-02-08,1.828,1.884,2.01,1.927,-0.182,-0.042
2016-02-09,1.814,1.86,2.016,1.914,-0.202,-0.054
2016-02-10,1.793,1.84,2.035,1.905,-0.242,-0.064
2016-02-11,1.719,1.781,2.028,1.872,-0.309,-0.091
2016-02-12,1.831,1.845,2.051,1.901,-0.22,-0.056
2016-02-16,1.863,1.883,2.054,1.919,-0.192,-0.036
2016-02-17,1.902,1.918,2.06,1.936,-0.157,-0.018
2016-02-18,1.845,1.884,2.047,1.92,-0.203,-0.037
2016-02-19,1.849,1.889,2.08,1.924,-0.232,-0.035
2016-02-22,1.86,1.896,2.086,1.929,-0.225,-0.033
2016-02-23,1.838,1.876,2.074,1.92,-0.235,-0.044
2016-02-24,1.843,1.874,2.071,1.919,-0.228,-0.046
2016-02-25,1.801,1.836,2.039,1.902,-0.238,-0.066
2016-02-26,1.858,1.88,2.092,1.923,-0.234,-0.043
2016-02-29,1.841,1.874,2.09,1.921,-0.249,-0.046
2016-03-01,1.939,1.943,2.124,1.953,-0.186,-0.01
2016-03-02,1.956,1.975,2.147,1.968,-0.192,0.007
2016-03-03,1.934,1.968,2.145,1.958,-0.211,0.011
2016-03-04,1.99,2.01,2.167,1.974,-0.177,0.035
2016-03-07,2.008,2.041,2.19,1.989,-0.182,0.052
2016-03-08,1.922,1.986,2.172,1.96,-0.25,0.026
2016-03-09,1.983,2.01,2.177,1.971,-0.193,0.039
2016-03-10,2.023,2.052,2.214,1.991,-0.191,0.061
2016-03-11,2.068,2.094,2.227,2.011,-0.159,0.082
2016-03-14,2.056,2.096,2.229,2.014,-0.173,0.082
2016-03-15,2.051,2.098,2.245,2.015,-0.193,0.082
2016-03-16,2.026,2.052,2.161,1.991,-0.135,0.061
2016-03-17,1.993,2.026,2.154,1.977,-0.161,0.048
2016-03-18,1.964,1.995,2.127,1.962,-0.163,0.033
2016-03-21,2.005,2.022,2.134,1.976,-0.13,0.046
2016-03-22,2.028,2.051,2.161,1.99,-0.133,0.061
2016-03-23,1.96,2.01,2.147,1.97,-0.187,0.039
2016-03-24,1.985,2.018,2.157,1.974,-0.172,0.044
2016-03-28,1.96,2.005,2.157,1.968,-0.197,0.037
2016-03-29,1.887,1.934,2.097,1.93,-0.21,0.004
2016-03-30,1.914,1.923,2.056,1.921,-0.143,0.002
2016-03-31,1.86,1.883,2.034,1.901,-0.174,-0.018
2016-04-01,1.868,1.89,2.063,1.906,-0.195,-0.016
2016-04-04,1.845,1.873,2.052,1.898,-0.207,-0.024
2016-04-05,1.792,1.832,2.047,1.877,-0.255,-0.045
2016-04-06,1.826,1.845,2.051,1.883,-0.225,-0.038
2016-04-07,1.761,1.798,2.029,1.86,-0.268,-0.062
2016-04-08,1.782,1.799,2.024,1.86,-0.243,-0.06
2016-04-11,1.789,1.806,2.023,1.863,-0.233,-0.058
2016-04-12,1.847,1.85,2.047,1.884,-0.2,-0.033
2016-04-13,1.824,1.853,2.064,1.884,-0.24,-0.032
2016-04-14,1.85,1.875,2.08,1.894,-0.23,-0.019
2016-04-15,1.815,1.851,2.061,1.882,-0.246,-0.031
2016-04-18,1.834,1.86,2.063,1.886,-0.229,-0.026
2016-04-19,1.852,1.88,2.08,1.895,-0.228,-0.015
2016-04-20,1.911,1.93,2.099,1.918,-0.189,0.011
2016-04-21,1.93,1.957,2.104,1.931,-0.174,0.026
2016-04-22,1.955,1.982,2.111,1.943,-0.157,0.038
2016-04-25,1.972,2.001,2.115,1.955,-0.143,0.046
2016-04-26,2.004,2.029,2.121,1.97,-0.117,0.06
2016-04-27,1.927,1.985,2.12,1.948,-0.194,0.037
2016-04-28,1.896,1.94,2.084,1.925,-0.189,0.015
2016-04-29,1.893,1.926,2.084,1.92,-0.19,0.007
2016-05-02,1.945,1.959,2.092,1.936,-0.147,0.023
2016-05-03,1.871,1.915,2.07,1.915,-0.199,0
2016-05-04,1.853,1.89,2.062,1.902,-0.208,-0.011
2016-05-05,1.816,1.858,2.049,1.886,-0.233,-0.028
2016-05-06,1.846,1.872,2.062,1.893,-0.216,-0.021
2016-05-09,1.824,1.854,2.041,1.887,-0.217,-0.033
2016-05-10,1.824,1.851,2.046,1.886,-0.223,-0.035
2016-05-11,1.801,1.841,2.061,1.883,-0.26,-0.042
2016-05-12,1.828,1.86,2.084,1.893,-0.256,-0.033
2016-05-13,1.779,1.836,2.093,1.882,-0.313,-0.046
2016-05-16,1.824,1.862,2.114,1.895,-0.29,-0.033
2016-05-17,1.826,1.876,2.143,1.901,-0.317,-0.025
2016-05-18,1.939,1.965,2.197,1.944,-0.258,0.021
2016-05-19,1.92,1.966,2.186,1.944,-0.266,0.022
2016-05-20,1.915,1.96,2.185,1.943,-0.27,0.018
2016-05-23,1.906,1.954,2.193,1.944,-0.287,0.01
2016-05-24,1.935,1.972,2.21,1.954,-0.275,0.018
2016-05-25,1.943,1.98,2.211,1.957,-0.268,0.024
2016-05-26,1.904,1.949,2.186,1.939,-0.282,0.01
2016-05-27,1.923,1.964,2.218,1.946,-0.296,0.018
2016-05-31,1.916,1.954,2.207,1.944,-0.291,0.01
2016-06-01,1.918,1.96,2.225,1.945,-0.307,0.015
2016-06-02,1.873,1.93,2.228,1.928,-0.355,0.002
2016-06-03,1.77,1.832,2.154,1.879,-0.384,-0.047
2016-06-06,1.794,1.827,2.156,1.877,-0.362,-0.049
2016-06-07,1.778,1.815,2.148,1.87,-0.369,-0.055
2016-06-08,1.766,1.803,2.15,1.862,-0.384,-0.059
2016-06-09,1.74,1.785,2.151,1.853,-0.411,-0.068
2016-06-10,1.696,1.746,2.139,1.834,-0.442,-0.087
2016-06-13,1.678,1.717,2.111,1.821,-0.433,-0.104
2016-06-14,1.677,1.712,2.116,1.819,-0.439,-0.107
2016-06-15,1.654,1.684,2.076,1.805,-0.422,-0.121
2016-06-16,1.628,1.669,2.096,1.797,-0.469,-0.128
2016-06-17,1.675,1.693,2.092,1.809,-0.417,-0.116
2016-06-20,1.721,1.735,2.106,1.832,-0.385,-0.097
2016-06-21,1.758,1.772,2.114,1.849,-0.357,-0.078
2016-06-22,1.739,1.769,2.108,1.847,-0.369,-0.078
2016-06-23,1.798,1.813,2.129,1.871,-0.33,-0.059
2016-06-24,1.624,1.692,2.069,1.811,-0.444,-0.12
2016-06-27,1.51,1.589,2.062,1.762,-0.552,-0.173
2016-06-28,1.502,1.56,2.065,1.749,-0.563,-0.188
2016-06-29,1.543,1.581,2.08,1.758,-0.537,-0.177
2016-06-30,1.537,1.572,2.056,1.754,-0.518,-0.182
2016-07-01,1.509,1.559,2.075,1.749,-0.566,-0.19
2016-07-05,1.415,1.494,2.078,1.718,-0.662,-0.224
2016-07-06,1.421,1.483,2.09,1.713,-0.669,-0.23
2016-07-07,1.435,1.486,2.093,1.716,-0.658,-0.23
2016-07-08,1.402,1.469,2.113,1.705,-0.711,-0.236
2016-07-11,1.465,1.51,2.142,1.727,-0.677,-0.216
2016-07-12,1.562,1.58,2.146,1.759,-0.584,-0.179
2016-07-13,1.517,1.57,2.155,1.754,-0.638,-0.184
2016-07-14,1.574,1.601,2.145,1.769,-0.571,-0.168
2016-07-15,1.638,1.656,2.16,1.796,-0.521,-0.14
2016-07-18,1.63,1.662,2.145,1.801,-0.515,-0.138
2016-07-19,1.599,1.647,2.146,1.794,-0.548,-0.147
2016-07-20,1.629,1.668,2.158,1.804,-0.529,-0.136
2016-07-21,1.608,1.65,2.124,1.796,-0.517,-0.146
2016-07-22,1.618,1.66,2.148,1.802,-0.53,-0.142
2016-07-25,1.617,1.669,2.167,1.806,-0.549,-0.137
2016-07-26,1.611,1.666,2.179,1.803,-0.569,-0.137
2016-07-27,1.56,1.626,2.161,1.782,-0.6,-0.156
2016-07-28,1.556,1.608,2.153,1.768,-0.598,-0.16
2016-07-29,1.501,1.557,2.122,1.742,-0.621,-0.186
2016-08-01,1.549,1.577,2.118,1.754,-0.568,-0.177
2016-08-02,1.587,1.603,2.106,1.768,-0.519,-0.165
2016-08-03,1.583,1.608,2.096,1.771,-0.513,-0.164
2016-08-04,1.548,1.584,2.086,1.759,-0.538,-0.175
2016-08-05,1.63,1.651,2.144,1.792,-0.515,-0.142
2016-08-08,1.631,1.668,2.157,1.803,-0.526,-0.135
2016-08-09,1.586,1.641,2.154,1.789,-0.569,-0.148
2016-08-10,1.553,1.607,2.134,1.772,-0.581,-0.165
2016-08-11,1.621,1.654,2.177,1.794,-0.556,-0.14
2016-08-12,1.571,1.623,2.158,1.778,-0.587,-0.155
2016-08-15,1.611,1.643,2.157,1.79,-0.546,-0.147
2016-08-16,1.632,1.666,2.176,1.798,-0.544,-0.133
2016-08-17,1.613,1.658,2.171,1.795,-0.559,-0.137
2016-08-18,1.588,1.633,2.151,1.783,-0.564,-0.15
2016-08-19,1.637,1.67,2.184,1.8,-0.546,-0.13
2016-08-22,1.597,1.654,2.189,1.792,-0.591,-0.138
2016-08-23,1.596,1.648,2.186,1.789,-0.59,-0.141
2016-08-24,1.597,1.647,2.188,1.789,-0.591,-0.143
2016-08-25,1.616,1.663,2.199,1.798,-0.583,-0.136
2016-08-26,1.666,1.71,2.244,1.821,-0.578,-0.11
2016-08-29,1.609,1.679,2.233,1.806,-0.624,-0.127
2016-08-30,1.614,1.673,2.237,1.803,-0.623,-0.13
2016-08-31,1.625,1.678,2.247,1.805,-0.623,-0.127
2016-09-01,1.62,1.673,2.244,1.802,-0.623,-0.13
2016-09-02,1.654,1.69,2.226,1.809,-0.572,-0.119
2016-09-06,1.598,1.648,2.193,1.79,-0.595,-0.142
2016-09-07,1.583,1.634,2.2,1.787,-0.617,-0.153
2016-09-08,1.665,1.686,2.212,1.814,-0.547,-0.129
2016-09-09,1.726,1.739,2.221,1.842,-0.495,-0.103
2016-09-12,1.721,1.746,2.194,1.849,-0.472,-0.104
2016-09-13,1.786,1.794,2.199,1.875,-0.413,-0.08
2016-09-14,1.753,1.779,2.172,1.866,-0.418,-0.087
2016-09-15,1.769,1.78,2.135,1.864,-0.365,-0.084
2016-09-16,1.75,1.784,2.166,1.864,-0.417,-0.08
2016-09-19,1.754,1.787,2.165,1.865,-0.411,-0.078
2016-09-20,1.744,1.781,2.169,1.862,-0.425,-0.08
2016-09-21,1.712,1.762,2.177,1.845,-0.465,-0.083
2016-09-22,1.673,1.733,2.18,1.821,-0.507,-0.088
2016-09-23,1.668,1.714,2.164,1.807,-0.496,-0.093
2016-09-26,1.639,1.686,2.154,1.796,-0.515,-0.11
2016-09-27,1.607,1.659,2.162,1.785,-0.555,-0.126
2016-09-28,1.617,1.657,2.17,1.786,-0.552,-0.129
2016-09-29,1.609,1.646,2.165,1.781,-0.556,-0.135
2016-09-30,1.646,1.67,2.174,1.795,-0.528,-0.125
2016-10-03,1.673,1.7,2.2,1.814,-0.527,-0.114
2016-10-04,1.734,1.746,2.197,1.838,-0.463,-0.092
2016-10-05,1.768,1.784,2.205,1.856,-0.437,-0.072
2016-10-06,1.802,1.819,2.22,1.872,-0.419,-0.053
2016-10-07,1.777,1.812,2.205,1.868,-0.428,-0.056
2016-10-11,1.814,1.841,2.223,1.884,-0.408,-0.044
2016-10-12,1.828,1.856,2.217,1.894,-0.389,-0.038
2016-10-13,1.792,1.833,2.206,1.878,-0.414,-0.045
2016-10-14,1.84,1.854,2.177,1.888,-0.337,-0.034
2016-10-17,1.813,1.843,2.168,1.886,-0.355,-0.043
2016-10-18,1.797,1.83,2.159,1.882,-0.362,-0.052
2016-10-19,1.805,1.832,2.164,1.885,-0.359,-0.054
2016-10-20,1.8,1.836,2.174,1.888,-0.374,-0.052
2016-10-21,1.782,1.828,2.185,1.883,-0.403,-0.055
2016-10-24,1.81,1.843,2.183,1.89,-0.374,-0.046
2016-10-25,1.801,1.845,2.194,1.892,-0.392,-0.046
2016-10-26,1.836,1.866,2.195,1.901,-0.358,-0.035
2016-10-27,1.895,1.908,2.192,1.919,-0.297,-0.01
2016-10-28,1.905,1.92,2.169,1.923,-0.264,-0.003
2016-10-31,1.89,1.916,2.172,1.926,-0.281,-0.01
2016-11-01,1.888,1.909,2.155,1.926,-0.267,-0.017
2016-11-02,1.853,1.886,2.139,1.918,-0.285,-0.032
2016-11-03,1.872,1.891,2.126,1.924,-0.253,-0.034
2016-11-04,1.838,1.87,2.123,1.917,-0.285,-0.047
2016-11-07,1.888,1.905,2.141,1.938,-0.254,-0.034
2016-11-08,1.93,1.952,2.18,1.965,-0.25,-0.013
2016-11-09,2.152,2.105,2.181,2.041,-0.03,0.063
2016-11-10,2.236,2.209,2.205,2.096,0.03,0.113
2016-11-14,2.317,2.314,2.264,2.154,0.053,0.159
2016-11-15,2.327,2.355,2.289,2.174,0.038,0.181
2016-11-16,2.317,2.366,2.295,2.177,0.023,0.188
2016-11-17,2.388,2.416,2.289,2.199,0.099,0.217
2016-11-18,2.443,2.474,2.316,2.224,0.128,0.25
2016-11-21,2.43,2.483,2.319,2.228,0.11,0.255
2016-11-22,2.421,2.478,2.306,2.228,0.115,0.251
2016-11-23,2.46,2.516,2.354,2.248,0.106,0.269
2016-11-25,2.464,2.526,2.355,2.252,0.109,0.275
2016-11-28,2.422,2.499,2.35,2.237,0.072,0.262
2016-11-29,2.406,2.48,2.348,2.228,0.058,0.252
2016-11-30,2.478,2.521,2.345,2.248,0.132,0.272
2016-12-01,2.565,2.589,2.346,2.28,0.219,0.309
2016-12-02,2.517,2.57,2.319,2.271,0.198,0.298
2016-12-05,2.502,2.563,2.337,2.27,0.165,0.293
2016-12-06,2.506,2.56,2.324,2.27,0.182,0.29
2016-12-07,2.46,2.527,2.31,2.256,0.15,0.271
2016-12-08,2.527,2.557,2.294,2.272,0.233,0.285
2016-12-09,2.598,2.615,2.306,2.303,0.292,0.312
2016-12-12,2.603,2.634,2.304,2.313,0.299,0.321
2016-12-13,2.594,2.644,2.324,2.32,0.27,0.324
2016-12-14,2.648,2.705,2.405,2.349,0.242,0.356
2016-12-15,2.71,2.763,2.441,2.371,0.269,0.392
2016-12-16,2.712,2.771,2.415,2.372,0.297,0.399
2016-12-19,2.65,2.732,2.405,2.352,0.244,0.38
2016-12-20,2.681,2.742,2.399,2.357,0.282,0.384
2016-12-21,2.658,2.729,2.402,2.351,0.256,0.378
2016-12-22,2.664,2.732,2.405,2.352,0.259,0.38
2016-12-23,2.657,2.73,2.408,2.351,0.25,0.379
2016-12-27,2.679,2.748,2.424,2.36,0.255,0.388
2016-12-28,2.624,2.709,2.406,2.34,0.218,0.369
2016-12-29,2.595,2.668,2.367,2.317,0.228,0.351
2016-12-30,2.556,2.635,2.373,2.303,0.184,0.332
2017-01-03,2.547,2.624,2.388,2.301,0.159,0.324
2017-01-04,2.551,2.622,2.379,2.3,0.172,0.322
2017-01-05,2.463,2.556,2.358,2.267,0.105,0.289
2017-01-06,2.503,2.578,2.397,2.276,0.106,0.302
2017-01-09,2.459,2.547,2.386,2.259,0.073,0.288
2017-01-10,2.46,2.539,2.376,2.254,0.084,0.285
2017-01-11,2.453,2.531,2.39,2.25,0.063,0.281
2017-01-12,2.44,2.517,2.375,2.242,0.065,0.275
2017-01-13,2.473,2.54,2.396,2.254,0.077,0.286
2017-01-17,2.408,2.493,2.363,2.234,0.045,0.259
2017-01-18,2.498,2.553,2.408,2.263,0.091,0.29
2017-01-19,2.553,2.601,2.406,2.284,0.147,0.317
2017-01-20,2.563,2.612,2.386,2.288,0.177,0.324
2017-01-23,2.486,2.56,2.343,2.263,0.143,0.297
2017-01-24,2.552,2.602,2.371,2.284,0.18,0.317
2017-01-25,2.61,2.653,2.38,2.308,0.23,0.345
2017-01-26,2.598,2.654,2.357,2.31,0.241,0.344
2017-01-27,2.575,2.644,2.369,2.307,0.206,0.337
2017-01-30,2.577,2.641,2.362,2.307,0.215,0.334
2017-01-31,2.533,2.612,2.356,2.295,0.176,0.317
2017-02-01,2.56,2.626,2.371,2.302,0.19,0.324
2017-02-02,2.554,2.621,2.356,2.299,0.198,0.322
2017-02-03,2.566,2.627,2.35,2.302,0.216,0.326
2017-02-06,2.493,2.574,2.324,2.278,0.169,0.296
2017-02-07,2.463,2.546,2.334,2.266,0.129,0.28
2017-02-08,2.419,2.508,2.343,2.249,0.076,0.26
2017-02-09,2.49,2.547,2.355,2.268,0.135,0.279
2017-02-10,2.499,2.563,2.359,2.276,0.14,0.288
2017-02-13,2.52,2.582,2.372,2.283,0.149,0.299
2017-02-14,2.565,2.626,2.411,2.305,0.154,0.321
2017-02-15,2.597,2.661,2.426,2.32,0.17,0.34
2017-02-16,2.541,2.621,2.389,2.3,0.151,0.321
2017-02-17,2.512,2.591,2.383,2.285,0.128,0.306
2017-02-21,2.516,2.587,2.388,2.285,0.128,0.301
2017-02-22,2.506,2.578,2.387,2.281,0.119,0.297
2017-02-23,2.467,2.544,2.374,2.264,0.093,0.28
2017-02-24,2.396,2.484,2.35,2.234,0.046,0.25
2017-02-27,2.448,2.514,2.386,2.249,0.062,0.265
2017-02-28,2.441,2.524,2.426,2.255,0.015,0.27
2017-03-01,2.541,2.6,2.476,2.3,0.065,0.301
2017-03-02,2.573,2.643,2.51,2.327,0.063,0.316
2017-03-03,2.568,2.643,2.497,2.333,0.072,0.31
2017-03-06,2.573,2.646,2.495,2.34,0.077,0.306
2017-03-07,2.572,2.65,2.509,2.348,0.063,0.302
2017-03-08,2.633,2.697,2.54,2.372,0.093,0.325
2017-03-09,2.683,2.74,2.544,2.394,0.139,0.347
2017-03-10,2.662,2.737,2.534,2.393,0.128,0.344
2017-03-13,2.695,2.762,2.555,2.411,0.14,0.351
2017-03-14,2.674,2.756,2.563,2.41,0.111,0.346
2017-03-15,2.578,2.677,2.51,2.37,0.067,0.307
2017-03-16,2.604,2.678,2.508,2.369,0.096,0.308
2017-03-17,2.576,2.658,2.499,2.359,0.077,0.3
2017-03-20,2.544,2.629,2.493,2.347,0.051,0.282
2017-03-21,2.503,2.591,2.481,2.332,0.022,0.259
2017-03-22,2.479,2.565,2.474,2.321,0.005,0.244
2017-03-23,2.487,2.563,2.472,2.321,0.015,0.242
2017-03-24,2.474,2.554,2.481,2.318,-0.007,0.236
2017-03-27,2.451,2.54,2.484,2.313,-0.034,0.227
2017-03-28,2.492,2.568,2.513,2.327,-0.021,0.241
2017-03-29,2.457,2.545,2.499,2.316,-0.042,0.229
2017-03-30,2.495,2.564,2.494,2.325,0.002,0.239
2017-03-31,2.474,2.55,2.478,2.317,-0.005,0.232
2017-04-03,2.418,2.506,2.454,2.298,-0.035,0.208
2017-04-04,2.427,2.499,2.444,2.296,-0.017,0.202
2017-04-05,2.407,2.477,2.426,2.288,-0.018,0.189
2017-04-06,2.414,2.477,2.433,2.289,-0.02,0.188
2017-04-07,2.447,2.512,2.482,2.307,-0.035,0.205
2017-04-10,2.431,2.505,2.478,2.305,-0.047,0.2
2017-04-11,2.37,2.453,2.443,2.28,-0.073,0.173
2017-04-12,2.347,2.424,2.441,2.266,-0.094,0.157
2017-04-13,2.302,2.381,2.422,2.246,-0.12,0.135
2017-04-17,2.331,2.386,2.425,2.251,-0.094,0.136
2017-04-18,2.243,2.325,2.4,2.222,-0.157,0.104
2017-04-19,2.28,2.336,2.409,2.227,-0.129,0.109
2017-04-20,2.31,2.361,2.423,2.237,-0.112,0.124
2017-04-21,2.304,2.36,2.415,2.235,-0.111,0.125
2017-04-24,2.345,2.395,2.431,2.253,-0.086,0.141
2017-04-25,2.41,2.449,2.448,2.281,-0.038,0.168
2017-04-26,2.382,2.44,2.438,2.278,-0.056,0.162
2017-04-27,2.365,2.422,2.425,2.269,-0.059,0.153
2017-04-28,2.355,2.416,2.445,2.266,-0.09,0.15
2017-05-01,2.392,2.436,2.436,2.276,-0.044,0.16
2017-05-02,2.357,2.415,2.425,2.266,-0.068,0.149
2017-05-03,2.396,2.444,2.458,2.282,-0.062,0.162
2017-05-04,2.429,2.471,2.466,2.296,-0.036,0.175
2017-05-05,2.422,2.475,2.469,2.301,-0.047,0.175
2017-05-08,2.456,2.498,2.462,2.314,-0.006,0.183
2017-05-09,2.481,2.526,2.488,2.33,-0.006,0.195
2017-05-10,2.485,2.533,2.481,2.334,0.005,0.199
2017-05-11,2.47,2.523,2.48,2.329,-0.011,0.194
2017-05-12,2.406,2.469,2.44,2.302,-0.034,0.167
2017-05-15,2.419,2.467,2.442,2.303,-0.023,0.164
2017-05-16,2.402,2.457,2.441,2.3,-0.039,0.157
2017-05-17,2.296,2.379,2.414,2.262,-0.118,0.117
2017-05-18,2.301,2.368,2.431,2.259,-0.129,0.109
2017-05-19,2.304,2.366,2.44,2.259,-0.136,0.108
2017-05-22,2.318,2.373,2.452,2.265,-0.135,0.109
2017-05-23,2.354,2.402,2.474,2.28,-0.12,0.122
2017-05-24,2.324,2.383,2.449,2.271,-0.125,0.112
2017-05-25,2.314,2.372,2.459,2.267,-0.145,0.106
2017-05-26,2.313,2.37,2.469,2.266,-0.157,0.104
2017-05-30,2.273,2.342,2.459,2.252,-0.186,0.089
2017-05-31,2.267,2.331,2.475,2.251,-0.208,0.08
2017-06-01,2.273,2.331,2.476,2.252,-0.203,0.079
2017-06-02,2.206,2.286,2.463,2.231,-0.257,0.056
2017-06-05,2.234,2.292,2.463,2.233,-0.228,0.06
2017-06-06,2.194,2.265,2.46,2.22,-0.266,0.045
2017-06-07,2.223,2.28,2.482,2.229,-0.259,0.051
2017-06-08,2.238,2.292,2.491,2.236,-0.253,0.056
2017-06-09,2.252,2.307,2.5,2.244,-0.249,0.062
2017-06-12,2.255,2.31,2.49,2.243,-0.234,0.067
2017-06-13,2.252,2.311,2.507,2.244,-0.255,0.067
2017-06-14,2.186,2.267,2.51,2.223,-0.324,0.044
2017-06-15,2.201,2.265,2.52,2.222,-0.319,0.043
2017-06-16,2.192,2.253,2.516,2.217,-0.325,0.036
2017-06-19,2.226,2.281,2.547,2.231,-0.321,0.05
2017-06-20,2.19,2.262,2.545,2.221,-0.354,0.041
2017-06-21,2.196,2.26,2.547,2.217,-0.351,0.044
2017-06-22,2.185,2.247,2.538,2.206,-0.353,0.041
2017-06-23,2.185,2.244,2.531,2.203,-0.346,0.041
2017-06-26,2.178,2.239,2.533,2.201,-0.355,0.038
2017-06-27,2.249,2.285,2.544,2.226,-0.296,0.06
2017-06-28,2.27,2.301,2.515,2.235,-0.245,0.066
2017-06-29,2.326,2.345,2.515,2.26,-0.189,0.085
2017-06-30,2.362,2.386,2.533,2.281,-0.171,0.105
2017-07-03,2.408,2.434,2.55,2.306,-0.143,0.128
2017-07-05,2.384,2.435,2.555,2.307,-0.171,0.128
2017-07-06,2.429,2.462,2.541,2.321,-0.111,0.142
2017-07-07,2.451,2.487,2.539,2.333,-0.088,0.153
2017-07-10,2.435,2.481,2.525,2.331,-0.09,0.15
2017-07-11,2.424,2.474,2.521,2.329,-0.097,0.144
2017-07-12,2.381,2.441,2.498,2.315,-0.117,0.126
2017-07-13,2.402,2.451,2.502,2.321,-0.1,0.13
2017-07-14,2.38,2.435,2.485,2.313,-0.104,0.122
2017-07-17,2.362,2.421,2.482,2.307,-0.12,0.114
2017-07-18,2.317,2.39,2.484,2.293,-0.167,0.097
2017-07-19,2.324,2.385,2.482,2.294,-0.158,0.091
2017-07-20,2.317,2.378,2.48,2.295,-0.163,0.083
2017-07-21,2.292,2.358,2.482,2.288,-0.19,0.071
2017-07-24,2.306,2.367,2.493,2.295,-0.188,0.072
2017-07-25,2.385,2.424,2.512,2.325,-0.127,0.099
2017-07-26,2.344,2.4,2.469,2.312,-0.125,0.088
2017-07-27,2.37,2.411,2.467,2.316,-0.097,0.095
2017-07-28,2.351,2.405,2.47,2.311,-0.119,0.095
2017-07-31,2.351,2.406,2.479,2.309,-0.128,0.097
2017-08-01,2.311,2.381,2.476,2.297,-0.165,0.083
2017-08-02,2.316,2.38,2.489,2.297,-0.172,0.083
2017-08-03,2.284,2.353,2.481,2.283,-0.196,0.07
2017-08-04,2.318,2.37,2.484,2.291,-0.166,0.079
2017-08-07,2.311,2.368,2.489,2.286,-0.179,0.082
2017-08-08,2.337,2.384,2.489,2.295,-0.152,0.09
2017-08-09,2.294,2.358,2.486,2.281,-0.192,0.076
2017-08-10,2.255,2.327,2.485,2.266,-0.23,0.061
2017-08-11,2.242,2.299,2.459,2.251,-0.217,0.048
2017-08-14,2.278,2.32,2.469,2.26,-0.191,0.059
2017-08-15,2.323,2.359,2.486,2.28,-0.163,0.08
2017-08-16,2.283,2.339,2.472,2.268,-0.19,0.071
2017-08-17,2.243,2.308,2.474,2.25,-0.232,0.058
2017-08-18,2.245,2.303,2.475,2.248,-0.23,0.055
2017-08-21,2.236,2.294,2.481,2.242,-0.245,0.052
2017-08-22,2.27,2.315,2.487,2.252,-0.217,0.063
2017-08-23,2.223,2.287,2.479,2.237,-0.256,0.05
2017-08-24,2.245,2.295,2.49,2.24,-0.245,0.055
2017-08-25,2.221,2.283,2.496,2.235,-0.276,0.048
2017-08-28,2.211,2.267,2.48,2.225,-0.27,0.042
2017-08-29,2.178,2.239,2.477,2.213,-0.299,0.025
2017-08-30,2.189,2.241,2.488,2.215,-0.298,0.026
2017-08-31,2.16,2.221,2.489,2.203,-0.329,0.019
2017-09-01,2.202,2.244,2.489,2.213,-0.287,0.031
2017-09-05,2.114,2.184,2.469,2.187,-0.355,-0.002
2017-09-06,2.147,2.193,2.481,2.196,-0.334,-0.003
2017-09-07,2.088,2.151,2.469,2.177,-0.381,-0.026
2017-09-08,2.096,2.147,2.468,2.175,-0.372,-0.028
2017-09-11,2.176,2.204,2.49,2.204,-0.315,0
2017-09-12,2.21,2.243,2.501,2.222,-0.291,0.021
2017-09-13,2.237,2.273,2.503,2.235,-0.267,0.038
2017-09-14,2.234,2.285,2.528,2.241,-0.294,0.044
2017-09-15,2.242,2.299,2.544,2.247,-0.302,0.052
2017-09-18,2.274,2.32,2.548,2.258,-0.273,0.063
2017-09-19,2.283,2.331,2.55,2.263,-0.267,0.069
2017-09-20,2.32,2.368,2.578,2.278,-0.258,0.089
2017-09-21,2.311,2.368,2.584,2.277,-0.273,0.092
2017-09-22,2.3,2.36,2.578,2.271,-0.277,0.089
2017-09-25,2.253,2.325,2.573,2.255,-0.32,0.07
2017-09-26,2.274,2.332,2.582,2.259,-0.308,0.073
2017-09-27,2.345,2.376,2.575,2.281,-0.23,0.095
2017-09-28,2.349,2.383,2.554,2.284,-0.205,0.099
2017-09-29,2.367,2.408,2.581,2.296,-0.214,0.112
2017-10-02,2.375,2.422,2.591,2.301,-0.215,0.121
2017-10-03,2.365,2.415,2.582,2.299,-0.217,0.116
2017-10-04,2.366,2.413,2.583,2.3,-0.217,0.114
2017-10-05,2.385,2.428,2.592,2.307,-0.207,0.121
2017-10-06,2.404,2.449,2.61,2.317,-0.206,0.132
2017-10-10,2.381,2.436,2.603,2.313,-0.223,0.123
2017-10-11,2.374,2.429,2.609,2.311,-0.234,0.118
2017-10-12,2.357,2.417,2.617,2.306,-0.26,0.111
2017-10-13,2.309,2.38,2.617,2.288,-0.308,0.093
2017-10-16,2.325,2.391,2.65,2.292,-0.325,0.099
2017-10-17,2.325,2.392,2.662,2.291,-0.337,0.101
2017-10-18,2.366,2.417,2.66,2.301,-0.294,0.116
2017-10-19,2.353,2.412,2.66,2.298,-0.307,0.114
2017-10-20,2.413,2.451,2.666,2.317,-0.252,0.134
2017-10-23,2.402,2.449,2.65,2.316,-0.248,0.133
2017-10-24,2.446,2.481,2.659,2.333,-0.213,0.148
2017-10-25,2.469,2.503,2.65,2.345,-0.181,0.158
2017-10-26,2.487,2.525,2.662,2.356,-0.175,0.169
2017-10-27,2.45,2.504,2.656,2.345,-0.206,0.159
2017-10-30,2.399,2.465,2.649,2.326,-0.25,0.139
2017-10-31,2.403,2.464,2.668,2.329,-0.264,0.135
2017-11-01,2.392,2.458,2.682,2.33,-0.29,0.128
2017-11-02,2.375,2.441,2.682,2.322,-0.307,0.118
2017-11-03,2.355,2.425,2.693,2.316,-0.338,0.109
2017-11-06,2.337,2.407,2.697,2.308,-0.36,0.099
2017-11-07,2.327,2.397,2.71,2.306,-0.383,0.09
2017-11-08,2.346,2.405,2.718,2.312,-0.372,0.093
2017-11-09,2.36,2.407,2.699,2.315,-0.338,0.092
2017-11-10,2.437,2.459,2.705,2.341,-0.268,0.118
2017-11-13,2.433,2.48,2.732,2.352,-0.299,0.128
2017-11-14,2.413,2.473,2.736,2.351,-0.322,0.122
2017-11-15,2.359,2.437,2.747,2.334,-0.388,0.104
2017-11-16,2.397,2.453,2.758,2.343,-0.361,0.11
2017-11-17,2.377,2.443,2.766,2.34,-0.39,0.104
2017-11-20,2.4,2.459,2.791,2.35,-0.391,0.11
2017-11-21,2.391,2.462,2.814,2.35,-0.423,0.111
2017-11-22,2.358,2.427,2.78,2.333,-0.423,0.094
2017-11-24,2.374,2.429,2.787,2.333,-0.413,0.096
2017-11-27,2.358,2.416,2.782,2.325,-0.424,0.091
2017-11-28,2.369,2.422,2.789,2.329,-0.421,0.092
2017-11-29,2.41,2.447,2.787,2.341,-0.377,0.106
2017-11-30,2.453,2.487,2.81,2.358,-0.356,0.129
2017-12-01,2.398,2.469,2.836,2.348,-0.438,0.121
2017-12-04,2.404,2.474,2.858,2.35,-0.454,0.124
2017-12-05,2.384,2.464,2.883,2.346,-0.499,0.118
2017-12-06,2.351,2.431,2.866,2.329,-0.514,0.102
2017-12-07,2.398,2.446,2.854,2.336,-0.457,0.111
2017-12-08,2.409,2.455,2.85,2.338,-0.441,0.117
2017-12-11,2.409,2.466,2.871,2.346,-0.461,0.121
2017-12-12,2.429,2.479,2.872,2.354,-0.443,0.125
2017-12-13,2.387,2.443,2.838,2.336,-0.451,0.107
2017-12-14,2.376,2.439,2.872,2.335,-0.496,0.105
2017-12-15,2.372,2.442,2.901,2.335,-0.528,0.107
2017-12-18,2.416,2.461,2.876,2.348,-0.46,0.112
2017-12-19,2.494,2.514,2.875,2.376,-0.381,0.138
2017-12-20,2.53,2.553,2.87,2.396,-0.34,0.156
2017-12-21,2.517,2.563,2.89,2.402,-0.373,0.161
2017-12-22,2.514,2.568,2.903,2.403,-0.388,0.165
2017-12-26,2.493,2.559,2.915,2.406,-0.422,0.154
2017-12-27,2.438,2.518,2.915,2.388,-0.477,0.131
2017-12-28,2.459,2.519,2.917,2.387,-0.458,0.132
2017-12-29,2.436,2.5,2.911,2.376,-0.475,0.123
2018-01-02,2.488,2.531,2.918,2.397,-0.43,0.134
2018-01-03,2.469,2.529,2.93,2.395,-0.461,0.133
2018-01-04,2.474,2.538,2.956,2.399,-0.482,0.139
2018-01-05,2.495,2.551,2.959,2.403,-0.464,0.148
2018-01-08,2.506,2.561,2.958,2.41,-0.453,0.15
2018-01-09,2.572,2.602,2.944,2.431,-0.372,0.171
2018-01-10,2.574,2.613,2.937,2.435,-0.363,0.178
2018-01-11,2.561,2.614,2.946,2.435,-0.384,0.179
2018-01-12,2.573,2.629,2.971,2.442,-0.398,0.186
2018-01-16,2.561,2.63,2.992,2.446,-0.431,0.184
2018-01-17,2.587,2.65,3.012,2.455,-0.425,0.195
2018-01-18,2.643,2.687,3.002,2.473,-0.359,0.214
2018-01-19,2.659,2.711,3.018,2.483,-0.36,0.228
2018-01-22,2.676,2.731,3.022,2.493,-0.347,0.237
2018-01-23,2.64,2.708,3.008,2.482,-0.368,0.227
2018-01-24,2.661,2.719,3.013,2.486,-0.352,0.234
2018-01-25,2.631,2.706,3.026,2.478,-0.396,0.228
2018-01-26,2.667,2.733,3.06,2.489,-0.393,0.244
2018-01-29,2.707,2.761,3.056,2.504,-0.35,0.257
2018-01-30,2.739,2.785,3.047,2.515,-0.308,0.27
2018-01-31,2.732,2.796,3.077,2.522,-0.346,0.274
2018-02-01,2.8,2.841,3.075,2.544,-0.275,0.297
2018-02-02,2.866,2.888,3.045,2.568,-0.179,0.32
2018-02-05,2.801,2.85,3.001,2.554,-0.2,0.296
2018-02-06,2.809,2.86,3.025,2.564,-0.216,0.296
2018-02-07,2.876,2.907,3.031,2.593,-0.155,0.315
2018-02-08,2.892,2.924,3.012,2.604,-0.12,0.32
2018-02-09,2.883,2.907,2.956,2.6,-0.073,0.308
2018-02-12,2.91,2.94,3.004,2.626,-0.094,0.314
2018-02-13,2.875,2.928,3.01,2.623,-0.135,0.305
2018-02-14,2.962,2.998,3.065,2.657,-0.103,0.341
2018-02-15,2.944,3.004,3.077,2.659,-0.133,0.345
2018-02-16,2.918,2.988,3.077,2.653,-0.16,0.335
2018-02-20,2.922,2.99,3.093,2.659,-0.171,0.331
2018-02-21,2.977,3.022,3.092,2.675,-0.115,0.348
2018-02-22,2.957,3.014,3.081,2.67,-0.124,0.344
2018-02-23,2.909,2.982,3.083,2.654,-0.173,0.328
2018-02-26,2.893,2.958,3.066,2.646,-0.173,0.312
2018-02-27,2.933,2.989,3.105,2.662,-0.172,0.327
2018-02-28,2.903,2.976,3.11,2.655,-0.207,0.321
2018-03-01,2.844,2.924,3.085,2.627,-0.241,0.297
2018-03-02,2.897,2.949,3.096,2.639,-0.198,0.31
2018-03-05,2.918,2.966,3.091,2.651,-0.173,0.316
2018-03-06,2.915,2.971,3.102,2.654,-0.188,0.317
2018-03-07,2.916,2.975,3.104,2.656,-0.188,0.319
2018-03-08,2.888,2.958,3.106,2.648,-0.218,0.31
2018-03-09,2.918,2.974,3.113,2.655,-0.195,0.319
2018-03-12,2.89,2.959,3.117,2.651,-0.226,0.309
2018-03-13,2.863,2.936,3.115,2.642,-0.252,0.294
2018-03-14,2.835,2.913,3.124,2.636,-0.29,0.278
2018-03-15,2.835,2.91,3.141,2.638,-0.306,0.273
2018-03-16,2.862,2.928,3.152,2.648,-0.29,0.28
2018-03-19,2.865,2.933,3.155,2.654,-0.29,0.279
2018-03-20,2.896,2.959,3.174,2.668,-0.278,0.291
2018-03-21,2.91,2.966,3.155,2.667,-0.245,0.299
2018-03-22,2.835,2.923,3.154,2.642,-0.319,0.281
2018-03-23,2.831,2.901,3.13,2.63,-0.3,0.271
2018-03-26,2.857,2.922,3.157,2.644,-0.3,0.278
2018-03-27,2.785,2.87,3.132,2.619,-0.347,0.251
2018-03-28,2.783,2.861,3.154,2.613,-0.371,0.248
2018-03-29,2.745,2.832,3.155,2.597,-0.411,0.235
2018-04-02,2.745,2.815,3.134,2.59,-0.389,0.225
2018-04-03,2.791,2.849,3.16,2.605,-0.37,0.244
2018-04-04,2.796,2.861,3.166,2.606,-0.371,0.255
2018-04-05,2.829,2.888,3.167,2.617,-0.338,0.27
2018-04-06,2.768,2.85,3.156,2.598,-0.388,0.252
2018-04-09,2.777,2.851,3.171,2.601,-0.394,0.25
2018-04-10,2.792,2.864,3.187,2.607,-0.395,0.257
2018-04-11,2.773,2.854,3.193,2.602,-0.42,0.253
2018-04-12,2.827,2.891,3.213,2.619,-0.386,0.272
2018-04-13,2.814,2.894,3.227,2.621,-0.413,0.273
2018-04-16,2.821,2.9,3.239,2.626,-0.418,0.274
2018-04-17,2.804,2.89,3.252,2.624,-0.448,0.266
2018-04-18,2.863,2.925,3.25,2.641,-0.387,0.283
2018-04-19,2.915,2.965,3.262,2.661,-0.347,0.304
2018-04-20,2.956,3.005,3.274,2.68,-0.318,0.325
2018-04-23,2.977,3.036,3.294,2.699,-0.318,0.337
2018-04-24,2.996,3.05,3.275,2.708,-0.279,0.342
2018-04-25,3.03,3.075,3.264,2.72,-0.233,0.355
2018-04-26,2.996,3.065,3.27,2.713,-0.275,0.351
2018-04-27,2.955,3.039,3.278,2.699,-0.322,0.34
2018-04-30,2.941,3.025,3.286,2.696,-0.345,0.329
2018-05-01,2.96,3.034,3.287,2.7,-0.327,0.333
2018-05-02,2.96,3.029,3.278,2.697,-0.319,0.332
2018-05-03,2.935,3.01,3.269,2.686,-0.333,0.324
2018-05-04,2.963,3.016,3.236,2.689,-0.273,0.327
2018-05-07,2.971,3.019,3.231,2.693,-0.26,0.326
2018-05-08,2.993,3.037,3.242,2.703,-0.249,0.334
2018-05-09,3.022,3.062,3.251,2.716,-0.229,0.346
2018-05-10,2.994,3.055,3.264,2.714,-0.269,0.342
2018-05-11,2.988,3.053,3.281,2.714,-0.293,0.339
2018-05-14,3.01,3.066,3.284,2.724,-0.274,0.342
2018-05-15,3.09,3.126,3.306,2.754,-0.216,0.372
2018-05-16,3.1,3.153,3.326,2.766,-0.226,0.387
2018-05-17,3.12,3.17,3.313,2.775,-0.194,0.395
2018-05-18,3.076,3.142,3.289,2.761,-0.213,0.381
2018-05-21,3.074,3.138,3.288,2.763,-0.214,0.374
2018-05-22,3.078,3.137,3.29,2.765,-0.212,0.372
2018-05-23,3.027,3.091,3.254,2.742,-0.227,0.349
2018-05-24,2.983,3.06,3.28,2.726,-0.297,0.334
2018-05-25,2.936,3.018,3.27,2.705,-0.334,0.314
2018-05-29,2.786,2.88,3.17,2.643,-0.384,0.238
2018-05-30,2.842,2.91,3.239,2.661,-0.397,0.249
2018-05-31,2.833,2.91,3.251,2.662,-0.418,0.248
2018-06-01,2.894,2.957,3.286,2.683,-0.392,0.273
2018-06-04,2.935,2.999,3.304,2.705,-0.369,0.294
2018-06-05,2.913,2.987,3.289,2.7,-0.377,0.287
2018-06-06,2.976,3.029,3.304,2.72,-0.328,0.308
2018-06-07,2.928,3.005,3.296,2.708,-0.368,0.297
2018-06-08,2.931,3,3.293,2.704,-0.363,0.296
2018-06-11,2.952,3.018,3.307,2.713,-0.355,0.305
2018-06-12,2.98,3.031,3.268,2.717,-0.288,0.314
2018-06-13,2.999,3.054,3.296,2.726,-0.296,0.328
2018-06-14,2.954,3.027,3.292,2.711,-0.338,0.316
2018-06-15,2.946,3.013,3.288,2.702,-0.342,0.31
2018-06-18,2.947,3.006,3.279,2.701,-0.332,0.304
2018-06-19,2.915,2.976,3.263,2.689,-0.349,0.288
2018-06-20,2.953,2.995,3.27,2.698,-0.317,0.297
2018-06-21,2.924,2.978,3.265,2.689,-0.34,0.289
2018-06-22,2.926,2.974,3.265,2.686,-0.339,0.288
2018-06-25,2.902,2.953,3.254,2.677,-0.353,0.276
2018-06-26,2.908,2.95,3.244,2.676,-0.336,0.273
2018-06-27,2.857,2.913,3.243,2.657,-0.386,0.256
2018-06-28,2.868,2.915,3.256,2.658,-0.388,0.257
2018-06-29,2.874,2.92,3.258,2.66,-0.383,0.26
2018-07-02,2.885,2.935,3.282,2.671,-0.397,0.264
2018-07-03,2.849,2.91,3.275,2.66,-0.426,0.25
2018-07-05,2.845,2.907,3.289,2.656,-0.444,0.251
2018-07-06,2.834,2.891,3.269,2.648,-0.436,0.243
2018-07-09,2.868,2.915,3.296,2.662,-0.427,0.253
2018-07-10,2.876,2.929,3.308,2.669,-0.431,0.26
2018-07-11,2.856,2.913,3.292,2.66,-0.436,0.253
2018-07-12,2.862,2.914,3.298,2.66,-0.436,0.253
2018-07-13,2.841,2.896,3.293,2.652,-0.452,0.244
2018-07-16,2.863,2.906,3.295,2.66,-0.431,0.246
2018-07-17,2.874,2.916,3.305,2.667,-0.431,0.25
2018-07-18,2.88,2.922,3.312,2.668,-0.431,0.254
2018-07-19,2.851,2.901,3.296,2.657,-0.445,0.244
2018-07-20,2.908,2.928,3.281,2.669,-0.373,0.259
2018-07-23,2.979,2.988,3.295,2.699,-0.316,0.289
2018-07-24,2.96,2.995,3.304,2.704,-0.345,0.291
2018-07-25,2.947,2.991,3.301,2.702,-0.354,0.289
2018-07-26,2.991,3.026,3.328,2.717,-0.337,0.309
2018-07-27,2.965,3.018,3.331,2.712,-0.366,0.305
2018-07-30,2.985,3.026,3.323,2.72,-0.338,0.306
2018-07-31,2.958,3.012,3.331,2.714,-0.373,0.298
2018-08-01,3.008,3.039,3.332,2.728,-0.324,0.311
2018-08-02,2.992,3.031,3.314,2.724,-0.322,0.307
2018-08-03,2.96,3.005,3.293,2.712,-0.333,0.293
2018-08-06,2.944,2.989,3.293,2.708,-0.349,0.281
2018-08-07,2.979,3.011,3.311,2.72,-0.333,0.291
2018-08-08,2.975,3.014,3.311,2.722,-0.336,0.291
2018-08-09,2.939,2.988,3.303,2.711,-0.364,0.277
2018-08-10,2.882,2.938,3.287,2.687,-0.405,0.251
2018-08-13,2.882,2.926,3.284,2.683,-0.401,0.243
2018-08-14,2.9,2.937,3.291,2.691,-0.391,0.246
2018-08-15,2.866,2.912,3.277,2.678,-0.412,0.234
2018-08-16,2.876,2.915,3.291,2.68,-0.415,0.235
2018-08-17,2.871,2.913,3.3,2.678,-0.429,0.236
2018-08-20,2.826,2.878,3.278,2.663,-0.452,0.216
2018-08-21,2.844,2.886,3.292,2.668,-0.447,0.218
2018-08-22,2.821,2.869,3.283,2.66,-0.463,0.21
2018-08-23,2.814,2.865,3.3,2.657,-0.487,0.208
2018-08-24,2.817,2.869,3.309,2.659,-0.492,0.21
2018-08-27,2.845,2.887,3.315,2.67,-0.47,0.216
2018-08-28,2.881,2.916,3.319,2.687,-0.438,0.23
2018-08-29,2.877,2.927,3.347,2.693,-0.47,0.235
2018-08-30,2.849,2.906,3.33,2.681,-0.481,0.224
2018-08-31,2.857,2.9,3.313,2.679,-0.456,0.221
2018-09-04,2.9,2.929,3.315,2.696,-0.415,0.234
2018-09-05,2.901,2.935,3.312,2.701,-0.411,0.234
2018-09-06,2.882,2.923,3.304,2.696,-0.421,0.228
2018-09-07,2.939,2.971,3.343,2.719,-0.404,0.252
2018-09-10,2.93,2.977,3.353,2.723,-0.423,0.254
2018-09-11,2.974,3.01,3.365,2.738,-0.39,0.272
2018-09-12,2.958,3.008,3.374,2.737,-0.416,0.271
2018-09-13,2.96,3.008,3.378,2.736,-0.418,0.272
2018-09-14,2.987,3.029,3.395,2.746,-0.408,0.283
2018-09-17,2.988,3.031,3.389,2.748,-0.401,0.283
2018-09-18,3.05,3.071,3.391,2.768,-0.341,0.303
2018-09-19,3.075,3.099,3.395,2.78,-0.32,0.318
2018-09-20,3.067,3.104,3.407,2.783,-0.341,0.321
2018-09-21,3.063,3.103,3.41,2.784,-0.347,0.319
2018-09-24,3.075,3.111,3.411,2.791,-0.336,0.319
2018-09-25,3.091,3.126,3.421,2.8,-0.33,0.326
2018-09-26,3.057,3.106,3.414,2.789,-0.358,0.316
2018-09-27,3.051,3.098,3.415,2.784,-0.364,0.314
2018-09-28,3.051,3.09,3.4,2.78,-0.349,0.31
2018-10-01,3.088,3.111,3.392,2.794,-0.304,0.316
2018-10-02,3.053,3.095,3.397,2.789,-0.343,0.306
2018-10-03,3.149,3.156,3.405,2.82,-0.257,0.336
2018-10-04,3.198,3.205,3.406,2.844,-0.208,0.361
2018-10-05,3.241,3.245,3.402,2.863,-0.161,0.383
2018-10-09,3.21,3.241,3.412,2.864,-0.202,0.377
2018-10-10,3.225,3.244,3.392,2.869,-0.167,0.375
2018-10-11,3.147,3.198,3.399,2.848,-0.252,0.35
2018-10-12,3.153,3.189,3.394,2.845,-0.24,0.344
2018-10-15,3.165,3.196,3.399,2.853,-0.234,0.343
2018-10-16,3.156,3.195,3.412,2.854,-0.256,0.341
2018-10-17,3.188,3.217,3.415,2.866,-0.227,0.351
2018-10-18,3.175,3.209,3.402,2.864,-0.227,0.346
2018-10-19,3.201,3.231,3.416,2.874,-0.214,0.357
2018-10-22,3.196,3.232,3.415,2.877,-0.219,0.354
2018-10-23,3.172,3.21,3.399,2.868,-0.228,0.342
2018-10-24,3.101,3.149,3.364,2.84,-0.263,0.309
2018-10-25,3.136,3.165,3.388,2.849,-0.252,0.316
2018-10-26,3.081,3.121,3.35,2.828,-0.27,0.293
2018-10-29,3.08,3.114,3.355,2.828,-0.275,0.286
2018-10-30,3.116,3.138,3.361,2.84,-0.245,0.298
2018-10-31,3.155,3.173,3.377,2.857,-0.222,0.316
2018-11-01,3.145,3.169,3.362,2.853,-0.217,0.315
2018-11-02,3.219,3.227,3.392,2.881,-0.173,0.346
2018-11-05,3.198,3.23,3.398,2.885,-0.2,0.345
2018-11-06,3.217,3.245,3.408,2.893,-0.19,0.352
2018-11-07,3.22,3.255,3.423,2.898,-0.203,0.357
2018-11-08,3.237,3.271,3.443,2.904,-0.207,0.367
2018-11-09,3.197,3.24,3.419,2.888,-0.222,0.351
2018-11-13,3.144,3.188,3.393,2.867,-0.249,0.321
2018-11-14,3.124,3.157,3.376,2.854,-0.252,0.303
2018-11-15,3.114,3.14,3.36,2.846,-0.245,0.294
2018-11-16,3.086,3.11,3.338,2.832,-0.252,0.278
2018-11-19,3.075,3.09,3.314,2.826,-0.239,0.264
2018-11-20,3.072,3.089,3.328,2.828,-0.256,0.261
2018-11-21,3.081,3.098,3.34,2.835,-0.26,0.263
2018-11-23,3.069,3.089,3.321,2.832,-0.252,0.257
2018-11-26,3.077,3.102,3.358,2.84,-0.281,0.262
2018-11-27,3.069,3.098,3.355,2.838,-0.286,0.26
2018-11-28,3.037,3.081,3.395,2.83,-0.358,0.252
2018-11-29,3.033,3.068,3.355,2.821,-0.323,0.247
2018-11-30,2.999,3.047,3.377,2.809,-0.378,0.238
2018-12-03,2.982,3.03,3.37,2.803,-0.388,0.228
2018-12-04,2.901,2.97,3.38,2.777,-0.479,0.194
2018-12-06,2.869,2.922,3.364,2.754,-0.495,0.168
2018-12-07,2.839,2.882,3.348,2.734,-0.508,0.148
2018-12-10,2.831,2.871,3.359,2.73,-0.527,0.141
2018-12-11,2.874,2.902,3.379,2.746,-0.504,0.156
2018-12-12,2.893,2.92,3.391,2.755,-0.498,0.165
2018-12-13,2.876,2.914,3.404,2.752,-0.528,0.162
2018-12-14,2.862,2.9,3.401,2.746,-0.539,0.154
2018-12-17,2.83,2.87,3.373,2.732,-0.543,0.138
2018-12-18,2.805,2.84,3.344,2.717,-0.539,0.123
2018-12-19,2.747,2.802,3.353,2.7,-0.606,0.102
2018-12-20,2.768,2.812,3.377,2.705,-0.61,0.107
2018-12-21,2.779,2.81,3.344,2.704,-0.565,0.106
2018-12-24,2.737,2.773,3.299,2.691,-0.562,0.082
2018-12-26,2.806,2.821,3.329,2.717,-0.522,0.104
2018-12-27,2.77,2.796,3.282,2.704,-0.512,0.092
2018-12-28,2.728,2.76,3.257,2.686,-0.529,0.073
2018-12-31,2.7,2.729,3.234,2.68,-0.534,0.05
2019-01-02,2.652,2.698,3.248,2.665,-0.596,0.033
2019-01-03,2.561,2.606,3.17,2.621,-0.61,-0.014
2019-01-04,2.652,2.673,3.245,2.655,-0.592,0.018
2019-01-07,2.681,2.715,3.274,2.678,-0.593,0.037
2019-01-08,2.702,2.748,3.314,2.694,-0.612,0.054
2019-01-09,2.718,2.755,3.286,2.696,-0.567,0.059
2019-01-10,2.717,2.756,3.282,2.695,-0.564,0.062
2019-01-11,2.689,2.735,3.265,2.683,-0.576,0.052
2019-01-14,2.695,2.733,3.259,2.684,-0.564,0.05
2019-01-15,2.706,2.738,3.254,2.687,-0.548,0.051
2019-01-16,2.712,2.749,3.269,2.69,-0.557,0.059
2019-01-17,2.736,2.775,3.291,2.701,-0.555,0.074
2019-01-18,2.764,2.809,3.326,2.715,-0.561,0.094
2019-01-22,2.72,2.78,3.302,2.701,-0.582,0.079
2019-01-23,2.734,2.783,3.308,2.702,-0.574,0.082
2019-01-24,2.699,2.754,3.292,2.684,-0.593,0.07
2019-01-25,2.732,2.775,3.313,2.693,-0.581,0.082
2019-01-28,2.725,2.773,3.309,2.694,-0.584,0.079
2019-01-29,2.691,2.746,3.295,2.682,-0.604,0.064
2019-01-30,2.687,2.717,3.234,2.669,-0.547,0.048
2019-01-31,2.615,2.659,3.208,2.641,-0.593,0.018
2019-02-01,2.678,2.704,3.256,2.662,-0.578,0.042
2019-02-04,2.711,2.739,3.262,2.68,-0.551,0.059
2019-02-05,2.69,2.733,3.257,2.679,-0.568,0.055
2019-02-06,2.68,2.725,3.251,2.675,-0.571,0.05
2019-02-07,2.637,2.688,3.229,2.658,-0.593,0.03
2019-02-08,2.624,2.669,3.219,2.651,-0.595,0.018
2019-02-11,2.646,2.685,3.236,2.662,-0.59,0.023
2019-02-12,2.671,2.707,3.245,2.672,-0.574,0.035
2019-02-13,2.692,2.736,3.276,2.686,-0.584,0.05
2019-02-14,2.645,2.704,3.249,2.671,-0.604,0.034
2019-02-15,2.645,2.703,3.271,2.669,-0.626,0.034
2019-02-19,2.635,2.689,3.252,2.665,-0.617,0.024
2019-02-20,2.633,2.684,3.253,2.663,-0.62,0.021
2019-02-21,2.67,2.711,3.267,2.676,-0.597,0.035
2019-02-22,2.647,2.692,3.234,2.668,-0.588,0.024
2019-02-25,2.658,2.7,3.243,2.673,-0.584,0.027
2019-02-26,2.629,2.679,3.23,2.663,-0.601,0.016
2019-02-27,2.685,2.712,3.23,2.68,-0.545,0.032
2019-02-28,2.721,2.748,3.243,2.696,-0.522,0.052
2019-03-01,2.75,2.785,3.269,2.712,-0.519,0.073
2019-03-04,2.71,2.768,3.264,2.706,-0.553,0.062
2019-03-05,2.704,2.76,3.271,2.703,-0.567,0.057
2019-03-06,2.673,2.731,3.25,2.689,-0.577,0.042
2019-03-07,2.629,2.686,3.22,2.667,-0.591,0.018
2019-03-08,2.608,2.661,3.215,2.656,-0.606,0.004
2019-03-11,2.624,2.668,3.226,2.662,-0.602,0.006
2019-03-12,2.595,2.646,3.213,2.652,-0.618,-0.006
2019-03-13,2.6,2.643,3.212,2.65,-0.612,-0.007
2019-03-14,2.621,2.657,3.211,2.657,-0.59,0.001
2019-03-15,2.584,2.635,3.202,2.645,-0.618,-0.011
2019-03-18,2.595,2.64,3.213,2.647,-0.618,-0.007
2019-03-19,2.602,2.647,3.216,2.652,-0.614,-0.005
2019-03-20,2.542,2.595,3.169,2.628,-0.628,-0.033
2019-03-21,2.535,2.583,3.177,2.624,-0.641,-0.041
2019-03-22,2.45,2.507,3.123,2.588,-0.673,-0.081
2019-03-25,2.442,2.474,3.088,2.575,-0.646,-0.101
2019-03-26,2.421,2.453,3.071,2.568,-0.65,-0.115
2019-03-27,2.4,2.437,3.078,2.56,-0.677,-0.123
2019-03-28,2.404,2.445,3.099,2.562,-0.695,-0.117
2019-03-29,2.411,2.461,3.123,2.566,-0.712,-0.105
2019-04-01,2.496,2.527,3.144,2.598,-0.648,-0.07
2019-04-02,2.481,2.527,3.129,2.596,-0.648,-0.068
2019-04-03,2.523,2.559,3.136,2.611,-0.613,-0.053
2019-04-04,2.512,2.562,3.139,2.613,-0.627,-0.051
2019-04-05,2.501,2.557,3.147,2.611,-0.647,-0.054
2019-04-08,2.52,2.569,3.152,2.616,-0.633,-0.048
2019-04-09,2.502,2.557,3.145,2.609,-0.642,-0.052
2019-04-10,2.475,2.53,3.128,2.596,-0.653,-0.066
2019-04-11,2.503,2.549,3.149,2.605,-0.646,-0.056
2019-04-12,2.561,2.598,3.179,2.629,-0.618,-0.031
2019-04-15,2.548,2.601,3.178,2.629,-0.631,-0.028
2019-04-16,2.592,2.632,3.185,2.643,-0.593,-0.011
2019-04-17,2.597,2.639,3.172,2.646,-0.575,-0.007
2019-04-18,2.568,2.62,3.163,2.637,-0.595,-0.016
2019-04-22,2.597,2.634,3.156,2.645,-0.559,-0.011
2019-04-23,2.581,2.622,3.137,2.64,-0.556,-0.018
2019-04-24,2.534,2.585,3.117,2.623,-0.583,-0.038
2019-04-25,2.544,2.587,3.126,2.625,-0.582,-0.038
2019-04-26,2.518,2.563,3.101,2.614,-0.583,-0.051
2019-04-29,2.553,2.583,3.103,2.626,-0.551,-0.043
2019-04-30,2.522,2.562,3.082,2.617,-0.561,-0.055
2019-05-01,2.524,2.575,3.117,2.623,-0.593,-0.048
2019-05-02,2.557,2.603,3.134,2.638,-0.577,-0.035
2019-05-03,2.539,2.596,3.133,2.633,-0.594,-0.037
2019-05-06,2.511,2.57,3.116,2.621,-0.604,-0.051
2019-05-07,2.458,2.526,3.106,2.599,-0.648,-0.073
2019-05-08,2.497,2.541,3.114,2.606,-0.617,-0.065
2019-05-09,2.461,2.516,3.098,2.595,-0.638,-0.079
2019-05-10,2.482,2.524,3.102,2.599,-0.62,-0.075
2019-05-13,2.415,2.467,3.055,2.571,-0.64,-0.103
2019-05-14,2.438,2.475,3.061,2.575,-0.624,-0.1
2019-05-15,2.391,2.442,3.04,2.561,-0.649,-0.119
2019-05-16,2.415,2.454,3.049,2.567,-0.634,-0.112
2019-05-17,2.405,2.451,3.052,2.564,-0.647,-0.113
2019-05-20,2.43,2.471,3.067,2.573,-0.637,-0.101
2019-05-21,2.446,2.493,3.088,2.581,-0.642,-0.089
2019-05-22,2.408,2.464,3.072,2.565,-0.664,-0.101
2019-05-23,2.329,2.392,3.036,2.529,-0.707,-0.138
2019-05-24,2.341,2.388,3.051,2.526,-0.71,-0.138
2019-05-28,2.28,2.34,3.036,2.503,-0.756,-0.163
2019-05-29,2.268,2.319,3.032,2.493,-0.764,-0.174
2019-05-30,2.236,2.29,3.028,2.482,-0.792,-0.192
2019-05-31,2.161,2.215,2.979,2.445,-0.818,-0.23
2019-06-03,2.086,2.136,2.916,2.407,-0.83,-0.272
2019-06-04,2.15,2.173,2.922,2.427,-0.772,-0.254
2019-06-05,2.147,2.176,2.888,2.429,-0.741,-0.252
2019-06-06,2.149,2.195,2.903,2.436,-0.755,-0.241
2019-06-07,2.103,2.169,2.892,2.417,-0.788,-0.248
2019-06-10,2.165,2.214,2.909,2.438,-0.745,-0.224
2019-06-11,2.167,2.228,2.92,2.442,-0.753,-0.214
2019-06-12,2.141,2.203,2.894,2.427,-0.753,-0.224
2019-06-13,2.112,2.17,2.866,2.406,-0.754,-0.236
2019-06-14,2.104,2.166,2.88,2.402,-0.776,-0.236
2019-06-17,2.098,2.164,2.89,2.402,-0.792,-0.238
2019-06-18,2.066,2.142,2.892,2.391,-0.826,-0.249
2019-06-19,2.043,2.096,2.84,2.364,-0.797,-0.268
2019-06-20,2.019,2.074,2.82,2.347,-0.8,-0.273
2019-06-21,2.081,2.121,2.84,2.365,-0.76,-0.245
2019-06-24,2.034,2.096,2.82,2.354,-0.786,-0.258
2019-06-25,2.012,2.076,2.818,2.345,-0.806,-0.269
2019-06-26,2.068,2.118,2.849,2.367,-0.781,-0.249
2019-06-27,2.027,2.094,2.837,2.355,-0.81,-0.262
2019-06-28,2.016,2.079,2.83,2.347,-0.815,-0.268
2019-07-01,2.046,2.101,2.842,2.361,-0.796,-0.26
2019-07-02,1.991,2.066,2.832,2.345,-0.841,-0.279
2019-07-03,1.961,2.041,2.842,2.334,-0.88,-0.293
2019-07-05,2.045,2.108,2.899,2.369,-0.853,-0.261
2019-07-08,2.046,2.122,2.917,2.377,-0.871,-0.254
2019-07-09,2.067,2.14,2.934,2.385,-0.867,-0.245
2019-07-10,2.07,2.119,2.862,2.369,-0.792,-0.25
2019-07-11,2.133,2.166,2.877,2.388,-0.744,-0.222
2019-07-12,2.122,2.169,2.865,2.386,-0.743,-0.217
2019-07-15,2.1,2.159,2.863,2.379,-0.763,-0.22
2019-07-16,2.13,2.183,2.884,2.389,-0.754,-0.206
2019-07-17,2.063,2.142,2.872,2.367,-0.809,-0.225
2019-07-18,2.033,2.096,2.826,2.338,-0.792,-0.242
2019-07-19,2.042,2.101,2.843,2.338,-0.801,-0.237
2019-07-22,2.05,2.105,2.846,2.342,-0.796,-0.236
2019-07-23,2.073,2.122,2.855,2.349,-0.782,-0.228
2019-07-24,2.049,2.11,2.867,2.345,-0.818,-0.235
2019-07-25,2.071,2.128,2.887,2.355,-0.815,-0.227
2019-07-26,2.071,2.132,2.903,2.359,-0.832,-0.227
2019-07-29,2.052,2.115,2.892,2.35,-0.84,-0.236
2019-07-30,2.052,2.11,2.898,2.344,-0.846,-0.235
2019-07-31,2.014,2.097,2.937,2.336,-0.924,-0.24
2019-08-01,1.886,1.976,2.848,2.275,-0.962,-0.3
2019-08-02,1.848,1.928,2.853,2.251,-1.005,-0.322
2019-08-05,1.741,1.829,2.8,2.201,-1.059,-0.372
2019-08-06,1.721,1.796,2.798,2.187,-1.077,-0.391
2019-08-07,1.704,1.775,2.791,2.174,-1.087,-0.399
2019-08-08,1.711,1.782,2.805,2.177,-1.095,-0.394
2019-08-09,1.735,1.802,2.819,2.183,-1.084,-0.381
2019-08-12,1.639,1.738,2.811,2.15,-1.172,-0.412
2019-08-13,1.673,1.764,2.879,2.161,-1.206,-0.397
2019-08-14,1.589,1.704,2.878,2.127,-1.289,-0.422
2019-08-15,1.525,1.629,2.822,2.083,-1.297,-0.454
2019-08-16,1.552,1.625,2.803,2.075,-1.251,-0.45
2019-08-19,1.608,1.669,2.815,2.099,-1.207,-0.43
2019-08-20,1.558,1.639,2.794,2.086,-1.235,-0.447
2019-08-21,1.597,1.669,2.823,2.103,-1.226,-0.434
2019-08-22,1.622,1.694,2.826,2.118,-1.204,-0.423
2019-08-23,1.531,1.624,2.789,2.082,-1.258,-0.458
2019-08-26,1.553,1.629,2.803,2.087,-1.25,-0.458
2019-08-27,1.499,1.593,2.806,2.071,-1.307,-0.479
2019-08-28,1.483,1.568,2.8,2.059,-1.317,-0.491
2019-08-29,1.517,1.586,2.81,2.067,-1.293,-0.481
2019-08-30,1.515,1.582,2.798,2.066,-1.283,-0.484
2019-09-03,1.491,1.557,2.766,2.053,-1.275,-0.497
2019-09-04,1.486,1.542,2.734,2.046,-1.248,-0.504
2019-09-05,1.584,1.624,2.785,2.085,-1.201,-0.462
2019-09-06,1.567,1.631,2.787,2.087,-1.22,-0.456
2019-09-09,1.644,1.687,2.798,2.112,-1.155,-0.425
2019-09-10,1.723,1.768,2.848,2.148,-1.125,-0.38
2019-09-11,1.75,1.802,2.848,2.161,-1.098,-0.36
2019-09-12,1.791,1.845,2.873,2.18,-1.082,-0.335
2019-09-13,1.897,1.936,2.914,2.222,-1.016,-0.286
2019-09-16,1.842,1.912,2.893,2.212,-1.051,-0.299
2019-09-17,1.817,1.885,2.882,2.2,-1.065,-0.315
2019-09-18,1.811,1.884,2.913,2.196,-1.102,-0.312
2019-09-19,1.793,1.864,2.901,2.183,-1.107,-0.32
2019-09-20,1.746,1.819,2.883,2.159,-1.136,-0.34
2019-09-23,1.723,1.79,2.866,2.147,-1.143,-0.357
2019-09-24,1.649,1.725,2.842,2.116,-1.193,-0.391
2019-09-25,1.733,1.774,2.867,2.137,-1.134,-0.363
2019-09-26,1.708,1.772,2.871,2.13,-1.163,-0.358
2019-09-27,1.692,1.752,2.848,2.114,-1.155,-0.362
2019-09-30,1.687,1.743,2.837,2.111,-1.15,-0.368
2019-10-01,1.666,1.714,2.796,2.094,-1.13,-0.38
2019-10-02,1.619,1.665,2.745,2.066,-1.126,-0.401
2019-10-03,1.556,1.599,2.681,2.026,-1.125,-0.427
2019-10-04,1.53,1.582,2.693,2.015,-1.163,-0.432
2019-10-07,1.563,1.614,2.722,2.033,-1.159,-0.419
2019-10-08,1.548,1.599,2.698,2.024,-1.15,-0.426
2019-10-09,1.592,1.633,2.717,2.038,-1.125,-0.405
2019-10-10,1.662,1.698,2.748,2.064,-1.086,-0.367
2019-10-11,1.753,1.789,2.803,2.104,-1.05,-0.315
2019-10-15,1.755,1.811,2.802,2.11,-1.046,-0.299
2019-10-16,1.742,1.799,2.768,2.1,-1.026,-0.301
2019-10-17,1.747,1.805,2.775,2.1,-1.028,-0.295
2019-10-18,1.749,1.803,2.755,2.098,-1.006,-0.295
2019-10-21,1.787,1.837,2.778,2.115,-0.991,-0.279
2019-10-22,1.767,1.833,2.783,2.112,-1.015,-0.279
2019-10-23,1.758,1.824,2.776,2.106,-1.018,-0.283
2019-10-24,1.765,1.828,2.775,2.11,-1.011,-0.282
2019-10-25,1.789,1.852,2.804,2.122,-1.015,-0.27
2019-10-28,1.841,1.89,2.808,2.139,-0.967,-0.248
2019-10-29,1.832,1.894,2.81,2.137,-0.978,-0.244
2019-10-30,1.773,1.853,2.797,2.115,-1.024,-0.262
2019-10-31,1.692,1.771,2.734,2.068,-1.042,-0.297
2019-11-01,1.716,1.779,2.764,2.066,-1.048,-0.288
2019-11-04,1.778,1.823,2.776,2.086,-0.998,-0.263
2019-11-05,1.858,1.888,2.788,2.117,-0.93,-0.229
2019-11-06,1.815,1.874,2.782,2.11,-0.967,-0.235
2019-11-07,1.936,1.958,2.813,2.15,-0.877,-0.191
2019-11-08,1.957,1.991,2.803,2.164,-0.846,-0.173
2019-11-12,1.932,1.985,2.799,2.163,-0.867,-0.178
2019-11-13,1.889,1.952,2.78,2.148,-0.892,-0.196
2019-11-14,1.836,1.903,2.75,2.125,-0.913,-0.223
2019-11-15,1.845,1.904,2.773,2.127,-0.928,-0.223
2019-11-18,1.822,1.885,2.761,2.118,-0.939,-0.234
2019-11-19,1.796,1.867,2.775,2.11,-0.979,-0.243
2019-11-20,1.744,1.822,2.761,2.088,-1.016,-0.266
2019-11-21,1.784,1.844,2.784,2.1,-1.001,-0.256
2019-11-22,1.779,1.848,2.799,2.102,-1.02,-0.254
2019-11-25,1.774,1.843,2.8,2.101,-1.026,-0.259
2019-11-26,1.75,1.82,2.787,2.091,-1.037,-0.272
2019-11-27,1.783,1.843,2.817,2.104,-1.034,-0.261
2019-11-29,1.799,1.849,2.799,2.106,-1.001,-0.257
2019-12-02,1.86,1.884,2.771,2.123,-0.911,-0.239
2019-12-03,1.739,1.807,2.741,2.083,-1.002,-0.276
2019-12-04,1.784,1.831,2.773,2.092,-0.99,-0.26
2019-12-05,1.811,1.855,2.773,2.1,-0.962,-0.245
2019-12-06,1.854,1.896,2.797,2.118,-0.944,-0.222
2019-12-09,1.844,1.902,2.805,2.12,-0.961,-0.218
2019-12-10,1.852,1.913,2.826,2.125,-0.974,-0.212
2019-12-11,1.802,1.878,2.808,2.109,-1.006,-0.231
2019-12-12,1.915,1.946,2.826,2.141,-0.911,-0.195
2019-12-13,1.835,1.905,2.797,2.121,-0.962,-0.216
2019-12-16,1.902,1.943,2.809,2.141,-0.907,-0.198
2019-12-17,1.902,1.951,2.801,2.145,-0.899,-0.193
2019-12-18,1.943,1.98,2.793,2.159,-0.849,-0.179
2019-12-19,1.943,1.986,2.778,2.163,-0.835,-0.177
2019-12-20,1.947,1.994,2.782,2.169,-0.835,-0.175
2019-12-23,1.948,2.005,2.803,2.177,-0.855,-0.171
2019-12-24,1.932,1.987,2.775,2.17,-0.843,-0.182
2019-12-26,1.927,1.983,2.779,2.169,-0.852,-0.186
2019-12-27,1.906,1.958,2.749,2.157,-0.843,-0.199
2019-12-30,1.926,1.962,2.736,2.161,-0.809,-0.198
2019-12-31,1.954,1.983,2.733,2.171,-0.779,-0.188
2020-01-02,1.903,1.96,2.73,2.158,-0.827,-0.198
2020-01-03,1.82,1.897,2.714,2.126,-0.894,-0.228
2020-01-06,1.829,1.891,2.72,2.124,-0.891,-0.234
2020-01-07,1.849,1.9,2.718,2.128,-0.869,-0.229
2020-01-08,1.892,1.934,2.73,2.144,-0.839,-0.21
2020-01-09,1.871,1.927,2.728,2.14,-0.856,-0.213
2020-01-10,1.843,1.908,2.735,2.13,-0.892,-0.222
2020-01-13,1.861,1.915,2.739,2.135,-0.878,-0.22
2020-01-14,1.829,1.896,2.739,2.127,-0.91,-0.231
2020-01-15,1.797,1.867,2.734,2.114,-0.937,-0.247
2020-01-16,1.824,1.877,2.738,2.117,-0.915,-0.24
2020-01-17,1.849,1.892,2.72,2.125,-0.872,-0.233
2020-01-21,1.793,1.854,2.705,2.107,-0.912,-0.253
2020-01-22,1.784,1.841,2.713,2.101,-0.929,-0.26
2020-01-23,1.746,1.814,2.711,2.088,-0.965,-0.274
2020-01-24,1.705,1.778,2.702,2.07,-0.997,-0.292
2020-01-27,1.614,1.702,2.683,2.035,-1.069,-0.334
2020-01-28,1.654,1.711,2.694,2.043,-1.04,-0.332
2020-01-29,1.6,1.669,2.679,2.023,-1.079,-0.354
2020-01-30,1.576,1.641,2.669,2.011,-1.093,-0.371
2020-01-31,1.52,1.584,2.632,1.984,-1.112,-0.4
2020-02-03,1.539,1.594,2.657,1.991,-1.118,-0.397
2020-02-04,1.611,1.649,2.673,2.018,-1.063,-0.369
2020-02-05,1.663,1.699,2.68,2.042,-1.018,-0.343
2020-02-06,1.644,1.702,2.69,2.043,-1.045,-0.341
2020-02-07,1.594,1.665,2.674,2.024,-1.08,-0.359
2020-02-10,1.566,1.632,2.654,2.01,-1.088,-0.378
2020-02-11,1.591,1.645,2.669,2.016,-1.077,-0.37
2020-02-12,1.638,1.683,2.681,2.034,-1.043,-0.351
2020-02-13,1.622,1.682,2.682,2.034,-1.06,-0.352
2020-02-14,1.6,1.666,2.677,2.025,-1.076,-0.36
2020-02-18,1.564,1.636,2.671,2.011,-1.107,-0.375
2020-02-19,1.574,1.639,2.683,2.013,-1.109,-0.373
2020-02-20,1.527,1.606,2.674,1.997,-1.147,-0.39
2020-02-21,1.463,1.548,2.651,1.967,-1.188,-0.419
2020-02-24,1.387,1.471,2.609,1.927,-1.222,-0.456
2020-02-25,1.333,1.413,2.582,1.898,-1.248,-0.486
2020-02-26,1.332,1.397,2.573,1.89,-1.24,-0.493
2020-02-27,1.305,1.37,2.537,1.87,-1.232,-0.499
2020-02-28,1.139,1.22,2.414,1.777,-1.276,-0.557
2020-03-02,1.116,1.187,2.389,1.738,-1.273,-0.551
2020-03-03,1.04,1.113,2.287,1.677,-1.247,-0.564
2020-03-04,1.043,1.099,2.236,1.638,-1.193,-0.539
2020-03-05,0.939,1.034,2.202,1.578,-1.263,-0.544
2020-03-06,0.783,0.928,2.224,1.497,-1.441,-0.569
2020-03-09,0.607,0.79,2.255,1.4,-1.648,-0.61
2020-03-10,0.859,0.927,2.273,1.462,-1.415,-0.534
2020-03-11,0.855,0.962,2.354,1.47,-1.498,-0.508
2020-03-12,0.955,1.005,2.261,1.479,-1.306,-0.474
2020-03-13,1.028,1.061,2.284,1.496,-1.256,-0.435
2020-03-16,0.798,0.91,2.231,1.414,-1.433,-0.504
2020-03-17,1.129,1.071,2.149,1.483,-1.02,-0.412
2020-03-18,1.289,1.239,2.191,1.54,-0.902,-0.3
2020-03-19,1.24,1.235,2.098,1.526,-0.858,-0.291
2020-03-20,1.035,1.105,2.061,1.46,-1.027,-0.355
2020-03-23,0.831,0.935,2.027,1.378,-1.196,-0.443
2020-03-24,0.91,0.97,2.115,1.394,-1.205,-0.424
2020-03-25,0.936,0.975,2.071,1.391,-1.135,-0.416
2020-03-26,0.892,0.941,2.024,1.371,-1.132,-0.43
2020-03-27,0.782,0.859,2.002,1.335,-1.22,-0.476
2020-03-30,0.762,0.826,1.996,1.332,-1.234,-0.506
2020-03-31,0.774,0.815,1.964,1.335,-1.19,-0.52
2020-04-01,0.686,0.766,2.011,1.314,-1.325,-0.548
2020-04-02,0.701,0.764,2.025,1.315,-1.324,-0.551
2020-04-03,0.695,0.761,2.01,1.315,-1.314,-0.554
2020-04-06,0.747,0.797,2.03,1.337,-1.283,-0.539
2020-04-07,0.807,0.844,2.028,1.361,-1.221,-0.518
2020-04-08,0.838,0.865,1.986,1.38,-1.148,-0.516
2020-04-09,0.79,0.838,1.96,1.376,-1.169,-0.538
2020-04-13,0.832,0.859,1.965,1.394,-1.133,-0.535
2020-04-14,0.821,0.855,1.939,1.392,-1.117,-0.537
2020-04-15,0.684,0.774,1.939,1.348,-1.255,-0.574
2020-04-16,0.665,0.749,1.967,1.333,-1.302,-0.584
2020-04-17,0.71,0.766,1.954,1.338,-1.245,-0.572
2020-04-20,0.673,0.75,1.96,1.327,-1.287,-0.577
2020-04-21,0.625,0.721,1.986,1.309,-1.36,-0.589
2020-04-22,0.675,0.74,1.979,1.317,-1.304,-0.577
2020-04-23,0.652,0.735,1.995,1.312,-1.343,-0.578
2020-04-24,0.65,0.729,1.992,1.309,-1.342,-0.58
2020-04-27,0.712,0.765,1.987,1.326,-1.275,-0.561
2020-04-28,0.66,0.741,1.991,1.313,-1.331,-0.572
2020-04-29,0.665,0.733,1.982,1.308,-1.318,-0.574
2020-04-30,0.684,0.741,1.967,1.31,-1.283,-0.569
2020-05-01,0.679,0.745,1.986,1.313,-1.308,-0.568
2020-05-04,0.676,0.741,1.97,1.313,-1.294,-0.573
2020-05-05,0.692,0.75,1.969,1.32,-1.277,-0.57
2020-05-06,0.753,0.781,1.93,1.337,-1.176,-0.556
2020-05-07,0.653,0.726,1.923,1.31,-1.27,-0.585
2020-05-08,0.712,0.752,1.913,1.325,-1.2,-0.574
2020-05-11,0.745,0.782,1.915,1.341,-1.17,-0.559
2020-05-12,0.707,0.769,1.922,1.336,-1.214,-0.567
2020-05-13,0.666,0.74,1.927,1.323,-1.261,-0.583
2020-05-14,0.649,0.723,1.933,1.314,-1.284,-0.592
2020-05-15,0.674,0.728,1.918,1.317,-1.244,-0.589
2020-05-18,0.758,0.786,1.918,1.346,-1.16,-0.56
2020-05-19,0.732,0.781,1.902,1.344,-1.17,-0.563
2020-05-20,0.709,0.769,1.912,1.338,-1.203,-0.568
2020-05-21,0.701,0.766,1.921,1.336,-1.22,-0.57
2020-05-22,0.673,0.75,1.931,1.328,-1.258,-0.579
2020-05-26,0.716,0.766,1.912,1.338,-1.195,-0.572
2020-05-27,0.695,0.76,1.922,1.337,-1.227,-0.577
2020-05-28,0.719,0.768,1.911,1.342,-1.192,-0.574
2020-05-29,0.67,0.737,1.909,1.328,-1.239,-0.59
2020-06-01,0.68,0.735,1.902,1.327,-1.221,-0.592
2020-06-02,0.699,0.747,1.906,1.334,-1.207,-0.587
2020-06-03,0.783,0.805,1.905,1.363,-1.122,-0.558
2020-06-04,0.839,0.851,1.884,1.385,-1.045,-0.534
2020-06-05,0.931,0.927,1.89,1.422,-0.959,-0.495
2020-06-08,0.903,0.936,1.89,1.429,-0.987,-0.492
2020-06-09,0.853,0.906,1.884,1.417,-1.032,-0.51
2020-06-10,0.768,0.841,1.871,1.387,-1.104,-0.545
2020-06-11,0.675,0.78,1.922,1.356,-1.247,-0.577
2020-06-12,0.718,0.779,1.903,1.355,-1.185,-0.576
2020-06-15,0.721,0.778,1.902,1.356,-1.181,-0.577
2020-06-16,0.763,0.799,1.882,1.366,-1.119,-0.567
2020-06-17,0.746,0.796,1.889,1.364,-1.144,-0.568
2020-06-18,0.71,0.779,1.909,1.353,-1.198,-0.575
2020-06-19,0.708,0.771,1.909,1.348,-1.201,-0.577
2020-06-22,0.716,0.772,1.907,1.349,-1.191,-0.576
2020-06-23,0.722,0.773,1.897,1.349,-1.175,-0.576
2020-06-24,0.69,0.755,1.907,1.339,-1.217,-0.584
2020-06-25,0.69,0.753,1.912,1.338,-1.222,-0.585
2020-06-26,0.652,0.725,1.911,1.324,-1.259,-0.599
2020-06-29,0.644,0.707,1.896,1.315,-1.252,-0.608
2020-06-30,0.669,0.715,1.886,1.321,-1.217,-0.606
2020-07-01,0.696,0.737,1.896,1.33,-1.2,-0.593
2020-07-02,0.683,0.732,1.887,1.327,-1.204,-0.595
2020-07-06,0.697,0.742,1.885,1.332,-1.188,-0.591
2020-07-07,0.65,0.719,1.901,1.321,-1.25,-0.602
2020-07-08,0.664,0.719,1.896,1.321,-1.231,-0.603
2020-07-09,0.616,0.693,1.917,1.307,-1.301,-0.614
2020-07-10,0.653,0.707,1.915,1.312,-1.262,-0.606
2020-07-13,0.641,0.702,1.913,1.31,-1.272,-0.607
2020-07-14,0.624,0.692,1.917,1.304,-1.293,-0.613
2020-07-15,0.637,0.694,1.904,1.306,-1.267,-0.613
2020-07-16,0.623,0.685,1.907,1.299,-1.285,-0.614
2020-07-17,0.637,0.691,1.902,1.3,-1.265,-0.609
2020-07-20,0.624,0.688,1.912,1.299,-1.288,-0.611
2020-07-21,0.608,0.675,1.909,1.292,-1.301,-0.618
2020-07-22,0.601,0.669,1.916,1.29,-1.315,-0.621
2020-07-23,0.586,0.661,1.929,1.284,-1.344,-0.624
2020-07-24,0.593,0.659,1.926,1.283,-1.333,-0.624
2020-07-27,0.615,0.672,1.925,1.288,-1.31,-0.616
2020-07-28,0.58,0.651,1.924,1.277,-1.344,-0.625
2020-07-29,0.579,0.64,1.906,1.271,-1.327,-0.631
2020-07-30,0.544,0.616,1.913,1.258,-1.369,-0.642
2020-07-31,0.541,0.604,1.902,1.251,-1.361,-0.647
2020-08-03,0.555,0.607,1.891,1.253,-1.336,-0.646
2020-08-04,0.508,0.582,1.903,1.24,-1.395,-0.659
2020-08-05,0.544,0.596,1.902,1.248,-1.358,-0.652
2020-08-06,0.534,0.594,1.905,1.247,-1.371,-0.653
2020-08-07,0.561,0.61,1.902,1.255,-1.341,-0.644
2020-08-10,0.577,0.624,1.898,1.262,-1.321,-0.638
2020-08-11,0.632,0.662,1.895,1.281,-1.263,-0.619
2020-08-12,0.676,0.701,1.887,1.3,-1.212,-0.599
2020-08-13,0.705,0.732,1.885,1.314,-1.181,-0.583
2020-08-14,0.702,0.735,1.866,1.316,-1.164,-0.581
2020-08-17,0.675,0.725,1.871,1.312,-1.195,-0.587
2020-08-18,0.66,0.713,1.873,1.306,-1.213,-0.593
2020-08-19,0.672,0.716,1.864,1.309,-1.191,-0.593
2020-08-20,0.639,0.7,1.878,1.302,-1.239,-0.603
2020-08-21,0.628,0.692,1.889,1.298,-1.26,-0.606
2020-08-24,0.642,0.698,1.891,1.302,-1.25,-0.604
2020-08-25,0.679,0.718,1.877,1.311,-1.198,-0.593
2020-08-26,0.685,0.726,1.869,1.315,-1.183,-0.589
2020-08-27,0.738,0.759,1.842,1.331,-1.104,-0.572
2020-08-28,0.738,0.76,1.809,1.332,-1.071,-0.572
2020-08-31,0.717,0.753,1.817,1.331,-1.1,-0.578
2020-09-01,0.672,0.728,1.833,1.321,-1.161,-0.593
2020-09-02,0.651,0.713,1.855,1.314,-1.203,-0.601
2020-09-03,0.617,0.686,1.86,1.3,-1.243,-0.614
2020-09-04,0.71,0.736,1.852,1.324,-1.143,-0.588
2020-09-08,0.678,0.729,1.849,1.322,-1.171,-0.593
2020-09-09,0.691,0.733,1.843,1.324,-1.152,-0.591
2020-09-10,0.668,0.72,1.846,1.317,-1.177,-0.598
2020-09-11,0.66,0.71,1.842,1.312,-1.182,-0.602
2020-09-14,0.663,0.712,1.848,1.313,-1.185,-0.601
2020-09-15,0.663,0.712,1.85,1.312,-1.187,-0.6
2020-09-16,0.678,0.721,1.847,1.317,-1.17,-0.596
2020-09-17,0.677,0.722,1.848,1.316,-1.17,-0.594
2020-09-18,0.689,0.731,1.843,1.32,-1.154,-0.589
2020-09-21,0.666,0.72,1.848,1.314,-1.183,-0.594
2020-09-22,0.662,0.713,1.844,1.31,-1.181,-0.597
2020-09-23,0.664,0.715,1.85,1.312,-1.185,-0.597
2020-09-24,0.655,0.711,1.858,1.309,-1.203,-0.598
2020-09-25,0.647,0.703,1.853,1.305,-1.206,-0.602
2020-09-28,0.651,0.702,1.849,1.305,-1.198,-0.603
2020-09-29,0.641,0.694,1.846,1.3,-1.205,-0.607
2020-09-30,0.674,0.712,1.84,1.309,-1.166,-0.598
2020-10-01,0.666,0.713,1.845,1.309,-1.179,-0.596
2020-10-02,0.688,0.726,1.841,1.315,-1.154,-0.589
2020-10-05,0.77,0.78,1.829,1.342,-1.059,-0.562
2020-10-06,0.748,0.784,1.829,1.344,-1.081,-0.56
2020-10-07,0.793,0.816,1.829,1.36,-1.036,-0.545
2020-10-08,0.768,0.806,1.822,1.356,-1.055,-0.55
2020-10-09,0.779,0.817,1.835,1.362,-1.056,-0.545
2020-10-13,0.73,0.789,1.833,1.35,-1.103,-0.561
2020-10-14,0.72,0.776,1.837,1.344,-1.117,-0.569
2020-10-15,0.735,0.781,1.838,1.347,-1.103,-0.566
2020-10-16,0.745,0.788,1.838,1.351,-1.093,-0.563
2020-10-19,0.768,0.804,1.834,1.358,-1.066,-0.554
2020-10-20,0.801,0.826,1.816,1.369,-1.014,-0.543
2020-10-21,0.823,0.847,1.811,1.379,-0.988,-0.532
2020-10-22,0.866,0.882,1.804,1.396,-0.938,-0.514
2020-10-23,0.848,0.884,1.813,1.398,-0.965,-0.513
2020-10-26,0.81,0.864,1.819,1.389,-1.009,-0.525
2020-10-27,0.785,0.844,1.822,1.379,-1.037,-0.535
2020-10-28,0.786,0.838,1.823,1.376,-1.037,-0.538
2020-10-29,0.851,0.872,1.81,1.392,-0.96,-0.52
2020-10-30,0.889,0.902,1.794,1.406,-0.905,-0.504
2020-11-02,0.871,0.904,1.801,1.408,-0.93,-0.503
2020-11-03,0.901,0.924,1.797,1.419,-0.896,-0.494
2020-11-04,0.779,0.858,1.818,1.387,-1.039,-0.528
2020-11-05,0.781,0.843,1.827,1.379,-1.046,-0.536
2020-11-06,0.827,0.864,1.816,1.389,-0.988,-0.525
2020-11-09,0.957,0.949,1.799,1.43,-0.842,-0.482
2020-11-10,0.984,0.99,1.799,1.45,-0.815,-0.46
2020-11-12,0.873,0.94,1.82,1.425,-0.946,-0.485
2020-11-13,0.889,0.937,1.817,1.423,-0.928,-0.486
2020-11-16,0.903,0.943,1.81,1.426,-0.907,-0.484
2020-11-17,0.859,0.918,1.817,1.414,-0.958,-0.496
2020-11-18,0.876,0.922,1.819,1.415,-0.943,-0.493
2020-11-19,0.851,0.908,1.827,1.407,-0.976,-0.499
2020-11-20,0.83,0.892,1.836,1.398,-1.006,-0.506
2020-11-23,0.855,0.9,1.826,1.401,-0.971,-0.501
2020-11-24,0.88,0.914,1.811,1.409,-0.93,-0.495
2020-11-25,0.882,0.917,1.803,1.411,-0.921,-0.494
2020-11-27,0.841,0.897,1.816,1.403,-0.975,-0.505
2020-11-30,0.846,0.891,1.804,1.399,-0.958,-0.508
2020-12-01,0.929,0.941,1.796,1.424,-0.867,-0.484
2020-12-02,0.957,0.968,1.775,1.438,-0.819,-0.47
2020-12-03,0.927,0.96,1.78,1.434,-0.854,-0.474
2020-12-04,0.977,0.987,1.757,1.449,-0.78,-0.462
2020-12-07,0.936,0.971,1.757,1.442,-0.82,-0.471
2020-12-08,0.916,0.96,1.769,1.437,-0.853,-0.478
2020-12-09,0.94,0.973,1.769,1.443,-0.829,-0.471
2020-12-10,0.911,0.956,1.768,1.435,-0.857,-0.479
2020-12-11,0.895,0.937,1.753,1.426,-0.858,-0.489
2020-12-14,0.897,0.933,1.748,1.425,-0.85,-0.492
2020-12-15,0.919,0.945,1.744,1.431,-0.825,-0.486
2020-12-16,0.921,0.949,1.74,1.435,-0.819,-0.485
2020-12-17,0.934,0.961,1.739,1.441,-0.805,-0.479
2020-12-18,0.948,0.971,1.73,1.446,-0.782,-0.475
2020-12-21,0.949,0.976,1.733,1.449,-0.784,-0.473
2020-12-22,0.923,0.962,1.735,1.443,-0.812,-0.481
2020-12-23,0.963,0.979,1.719,1.452,-0.756,-0.473
2020-12-24,0.936,0.971,1.73,1.448,-0.794,-0.477
2020-12-28,0.938,0.97,1.73,1.45,-0.792,-0.48
2020-12-29,0.942,0.971,1.726,1.452,-0.784,-0.48
2020-12-30,0.933,0.965,1.727,1.447,-0.794,-0.482
2020-12-31,0.925,0.959,1.727,1.443,-0.803,-0.485
2021-01-04,0.921,0.952,1.717,1.44,-0.796,-0.488
2021-01-05,0.952,0.97,1.71,1.449,-0.758,-0.479
2021-01-06,1.044,1.032,1.698,1.479,-0.654,-0.448
2021-01-07,1.092,1.078,1.691,1.502,-0.599,-0.424
2021-01-08,1.138,1.123,1.688,1.524,-0.549,-0.4
2021-01-11,1.163,1.155,1.684,1.54,-0.521,-0.385
2021-01-12,1.161,1.166,1.681,1.546,-0.52,-0.381
2021-01-13,1.111,1.145,1.699,1.538,-0.587,-0.393
2021-01-14,1.162,1.165,1.67,1.548,-0.508,-0.383
2021-01-15,1.118,1.145,1.669,1.54,-0.551,-0.395
2021-01-19,1.114,1.136,1.662,1.537,-0.548,-0.401
2021-01-20,1.11,1.131,1.664,1.535,-0.554,-0.404
2021-01-21,1.134,1.143,1.646,1.541,-0.512,-0.399
2021-01-22,1.11,1.134,1.652,1.537,-0.542,-0.404
2021-01-25,1.056,1.102,1.667,1.522,-0.611,-0.42
2021-01-26,1.058,1.092,1.669,1.516,-0.611,-0.424
2021-01-27,1.041,1.08,1.676,1.51,-0.635,-0.43
2021-01-28,1.072,1.092,1.668,1.514,-0.596,-0.422
2021-01-29,1.127,1.124,1.65,1.528,-0.523,-0.404
2021-02-01,1.1,1.115,1.641,1.524,-0.541,-0.409
2021-02-02,1.131,1.134,1.639,1.534,-0.508,-0.4
2021-02-03,1.162,1.158,1.631,1.543,-0.469,-0.385
2021-02-04,1.168,1.169,1.623,1.548,-0.455,-0.379
2021-02-05,1.201,1.19,1.598,1.557,-0.397,-0.367
2021-02-08,1.2,1.203,1.616,1.564,-0.416,-0.361
2021-02-09,1.192,1.204,1.619,1.565,-0.427,-0.361
2021-02-10,1.158,1.184,1.62,1.556,-0.462,-0.372
2021-02-11,1.171,1.185,1.615,1.558,-0.443,-0.372
2021-02-12,1.229,1.217,1.599,1.573,-0.37,-0.356
2021-02-16,1.334,1.293,1.595,1.61,-0.261,-0.317
2021-02-17,1.339,1.318,1.589,1.623,-0.25,-0.305
2021-02-18,1.335,1.327,1.582,1.627,-0.247,-0.3
2021-02-19,1.397,1.368,1.563,1.649,-0.166,-0.281
2021-02-22,1.423,1.399,1.557,1.664,-0.134,-0.265
2021-02-23,1.421,1.409,1.545,1.671,-0.123,-0.262
2021-02-24,1.441,1.43,1.554,1.682,-0.114,-0.252
2021-02-25,1.636,1.58,1.628,1.755,0.008,-0.174
2021-02-26,1.544,1.567,1.648,1.747,-0.104,-0.181
2021-03-01,1.546,1.554,1.594,1.744,-0.048,-0.19
2021-03-02,1.504,1.525,1.582,1.731,-0.078,-0.206
2021-03-03,1.566,1.562,1.591,1.75,-0.025,-0.189
2021-03-04,1.652,1.621,1.577,1.78,0.075,-0.158
2021-03-05,1.666,1.653,1.591,1.796,0.075,-0.142
2021-03-08,1.706,1.699,1.624,1.818,0.082,-0.119
2021-03-09,1.651,1.684,1.635,1.811,0.016,-0.127
2021-03-10,1.622,1.659,1.623,1.799,-0,-0.14
2021-03-11,1.634,1.653,1.599,1.796,0.035,-0.143
2021-03-12,1.753,1.722,1.577,1.83,0.176,-0.108
2021-03-15,1.73,1.732,1.584,1.836,0.146,-0.103
2021-03-16,1.73,1.735,1.569,1.837,0.161,-0.102
2021-03-17,1.742,1.732,1.519,1.836,0.223,-0.104
2021-03-18,1.83,1.791,1.521,1.864,0.309,-0.074
2021-03-19,1.864,1.834,1.532,1.886,0.332,-0.052
2021-03-22,1.807,1.82,1.547,1.881,0.26,-0.061
2021-03-23,1.747,1.781,1.553,1.862,0.194,-0.081
2021-03-24,1.728,1.758,1.558,1.851,0.17,-0.093
2021-03-25,1.743,1.757,1.541,1.851,0.202,-0.094
2021-03-26,1.789,1.785,1.541,1.865,0.247,-0.08
2021-03-29,1.847,1.829,1.541,1.888,0.306,-0.059
2021-03-30,1.85,1.849,1.557,1.897,0.293,-0.048
2021-03-31,1.867,1.871,1.568,1.909,0.299,-0.037
2021-04-01,1.809,1.85,1.6,1.897,0.209,-0.047
2021-04-02,1.843,1.877,1.647,1.909,0.196,-0.032
2021-04-05,1.847,1.873,1.607,1.907,0.24,-0.034
2021-04-06,1.783,1.827,1.583,1.884,0.2,-0.057
2021-04-07,1.794,1.817,1.568,1.88,0.226,-0.062
2021-04-08,1.746,1.786,1.575,1.864,0.171,-0.078
2021-04-09,1.775,1.797,1.588,1.869,0.187,-0.072
2021-04-12,1.787,1.811,1.603,1.875,0.184,-0.064
2021-04-13,1.737,1.779,1.591,1.86,0.146,-0.082
2021-04-14,1.749,1.778,1.597,1.859,0.152,-0.081
2021-04-15,1.657,1.722,1.608,1.831,0.049,-0.109
2021-04-16,1.691,1.726,1.612,1.832,0.079,-0.106
2021-04-19,1.719,1.736,1.594,1.837,0.125,-0.1
2021-04-20,1.681,1.714,1.591,1.826,0.09,-0.112
2021-04-21,1.673,1.702,1.592,1.821,0.081,-0.119
2021-04-22,1.666,1.696,1.6,1.818,0.066,-0.122
2021-04-23,1.683,1.708,1.611,1.823,0.072,-0.115
2021-04-26,1.681,1.713,1.628,1.825,0.053,-0.111
2021-04-27,1.735,1.744,1.619,1.838,0.116,-0.094
2021-04-28,1.736,1.749,1.605,1.84,0.131,-0.091
2021-04-29,1.755,1.761,1.589,1.846,0.166,-0.085
2021-04-30,1.754,1.765,1.587,1.847,0.167,-0.083
2021-05-03,1.729,1.751,1.579,1.843,0.151,-0.092
2021-05-04,1.709,1.736,1.584,1.836,0.124,-0.101
2021-05-05,1.686,1.714,1.578,1.826,0.107,-0.112
2021-05-06,1.68,1.707,1.586,1.823,0.094,-0.116
2021-05-07,1.694,1.702,1.539,1.821,0.155,-0.119
2021-05-10,1.72,1.717,1.535,1.829,0.184,-0.112
2021-05-11,1.736,1.733,1.536,1.836,0.199,-0.103
2021-05-12,1.807,1.785,1.541,1.861,0.266,-0.076
2021-05-13,1.777,1.781,1.538,1.86,0.239,-0.078
2021-05-14,1.748,1.766,1.547,1.852,0.201,-0.086
2021-05-17,1.755,1.768,1.552,1.854,0.203,-0.086
2021-05-18,1.752,1.764,1.542,1.852,0.21,-0.088
2021-05-19,1.794,1.794,1.553,1.866,0.241,-0.072
2021-05-20,1.741,1.767,1.545,1.852,0.196,-0.086
2021-05-21,1.74,1.763,1.561,1.85,0.179,-0.087
2021-05-24,1.719,1.748,1.558,1.843,0.161,-0.095
2021-05-25,1.667,1.71,1.563,1.825,0.105,-0.115
2021-05-26,1.685,1.705,1.559,1.823,0.127,-0.118
2021-05-27,1.72,1.724,1.55,1.833,0.17,-0.109
2021-05-28,1.689,1.709,1.551,1.825,0.138,-0.116
2021-06-01,1.729,1.73,1.545,1.836,0.184,-0.106
2021-06-02,1.704,1.721,1.549,1.832,0.155,-0.11
2021-06-03,1.74,1.748,1.573,1.844,0.166,-0.097
2021-06-04,1.663,1.707,1.576,1.824,0.087,-0.117
2021-06-07,1.668,1.699,1.581,1.82,0.087,-0.121
2021-06-08,1.629,1.671,1.585,1.806,0.045,-0.134
2021-06-09,1.588,1.638,1.591,1.789,-0.003,-0.152
2021-06-10,1.547,1.601,1.6,1.771,-0.053,-0.17
2021-06-11,1.564,1.603,1.621,1.771,-0.058,-0.168
2021-06-14,1.605,1.628,1.628,1.783,-0.023,-0.154
2021-06-15,1.608,1.636,1.626,1.785,-0.018,-0.149
2021-06-16,1.678,1.697,1.686,1.814,-0.008,-0.117
2021-06-17,1.613,1.688,1.751,1.807,-0.138,-0.12
2021-06-18,1.528,1.649,1.82,1.786,-0.292,-0.136
2021-06-21,1.581,1.654,1.785,1.786,-0.204,-0.132
2021-06-22,1.568,1.636,1.762,1.775,-0.194,-0.139
2021-06-23,1.583,1.645,1.777,1.778,-0.194,-0.133
2021-06-24,1.579,1.646,1.786,1.777,-0.208,-0.131
2021-06-25,1.628,1.672,1.773,1.79,-0.146,-0.118
2021-06-28,1.572,1.647,1.792,1.777,-0.22,-0.13
2021-06-29,1.571,1.639,1.79,1.772,-0.218,-0.134
2021-06-30,1.532,1.613,1.797,1.76,-0.265,-0.147
2021-07-01,1.555,1.621,1.808,1.763,-0.253,-0.142
2021-07-02,1.517,1.595,1.802,1.75,-0.285,-0.154
2021-07-06,1.444,1.54,1.795,1.723,-0.351,-0.183
2021-07-07,1.395,1.496,1.812,1.701,-0.417,-0.205
2021-07-08,1.369,1.454,1.781,1.682,-0.413,-0.228
2021-07-09,1.436,1.486,1.783,1.697,-0.347,-0.212
2021-07-12,1.444,1.5,1.79,1.703,-0.347,-0.203
2021-07-13,1.48,1.532,1.805,1.717,-0.325,-0.185
2021-07-14,1.423,1.502,1.805,1.702,-0.382,-0.2
2021-07-15,1.359,1.46,1.833,1.68,-0.473,-0.22
2021-07-16,1.367,1.451,1.831,1.675,-0.464,-0.224
2021-07-19,1.242,1.366,1.83,1.634,-0.588,-0.267
2021-07-20,1.279,1.351,1.793,1.627,-0.513,-0.276
2021-07-21,1.353,1.391,1.789,1.646,-0.436,-0.254
2021-07-22,1.319,1.381,1.786,1.641,-0.467,-0.26
2021-07-23,1.35,1.396,1.776,1.648,-0.426,-0.252
2021-07-26,1.348,1.401,1.788,1.651,-0.44,-0.25
2021-07-27,1.303,1.376,1.792,1.639,-0.49,-0.262
2021-07-28,1.308,1.375,1.802,1.638,-0.494,-0.263
2021-07-29,1.337,1.387,1.79,1.644,-0.453,-0.257
2021-07-30,1.301,1.367,1.786,1.635,-0.485,-0.268
2021-08-02,1.25,1.329,1.78,1.617,-0.53,-0.288
2021-08-03,1.238,1.309,1.78,1.608,-0.542,-0.299
2021-08-04,1.233,1.307,1.809,1.606,-0.577,-0.299
2021-08-05,1.276,1.34,1.836,1.621,-0.56,-0.281
2021-08-06,1.355,1.396,1.829,1.647,-0.473,-0.252
2021-08-09,1.375,1.427,1.835,1.662,-0.459,-0.235
2021-08-10,1.4,1.459,1.857,1.676,-0.458,-0.216
2021-08-11,1.397,1.461,1.838,1.676,-0.441,-0.215
2021-08-12,1.417,1.479,1.852,1.686,-0.435,-0.206
2021-08-13,1.343,1.444,1.874,1.668,-0.531,-0.224
2021-08-16,1.308,1.406,1.851,1.65,-0.543,-0.244
2021-08-17,1.314,1.402,1.864,1.649,-0.551,-0.247
2021-08-18,1.317,1.404,1.877,1.65,-0.56,-0.246
2021-08-19,1.287,1.389,1.895,1.641,-0.607,-0.252
2021-08-20,1.304,1.395,1.901,1.642,-0.597,-0.247
2021-08-23,1.295,1.386,1.89,1.637,-0.595,-0.251
2021-08-24,1.335,1.407,1.889,1.646,-0.555,-0.239
2021-08-25,1.395,1.447,1.875,1.666,-0.481,-0.219
2021-08-26,1.39,1.461,1.884,1.673,-0.494,-0.212
2021-08-27,1.36,1.44,1.862,1.663,-0.501,-0.223
2021-08-30,1.338,1.419,1.848,1.654,-0.51,-0.235
2021-08-31,1.357,1.423,1.837,1.657,-0.48,-0.234
2021-09-01,1.353,1.425,1.844,1.658,-0.491,-0.234
2021-09-02,1.34,1.419,1.853,1.656,-0.513,-0.237
2021-09-03,1.372,1.434,1.841,1.664,-0.469,-0.23
2021-09-07,1.422,1.471,1.842,1.682,-0.42,-0.211
2021-09-08,1.383,1.462,1.858,1.678,-0.475,-0.216
2021-09-09,1.345,1.438,1.866,1.665,-0.521,-0.227
2021-09-10,1.391,1.459,1.864,1.676,-0.473,-0.216
2021-09-13,1.369,1.452,1.871,1.673,-0.502,-0.22
2021-09-14,1.318,1.422,1.887,1.657,-0.569,-0.235
2021-09-15,1.345,1.43,1.892,1.66,-0.547,-0.23
2021-09-16,1.384,1.458,1.899,1.672,-0.515,-0.215
2021-09-17,1.421,1.491,1.907,1.688,-0.486,-0.196
2021-09-20,1.355,1.46,1.909,1.672,-0.554,-0.212
2021-09-21,1.372,1.46,1.902,1.671,-0.531,-0.211
2021-09-22,1.357,1.463,1.946,1.671,-0.59,-0.208
2021-09-23,1.459,1.528,1.949,1.701,-0.49,-0.173
2021-09-24,1.519,1.581,1.938,1.726,-0.419,-0.145
2021-09-27,1.543,1.614,1.947,1.742,-0.404,-0.128
2021-09-28,1.608,1.66,1.924,1.765,-0.316,-0.105
2021-09-29,1.62,1.678,1.898,1.774,-0.278,-0.097
2021-09-30,1.592,1.669,1.897,1.772,-0.305,-0.103
2021-10-01,1.548,1.635,1.874,1.757,-0.326,-0.122
2021-10-04,1.558,1.637,1.882,1.76,-0.325,-0.123
2021-10-05,1.607,1.669,1.882,1.776,-0.275,-0.107
2021-10-06,1.595,1.676,1.899,1.779,-0.305,-0.104
2021-10-07,1.645,1.71,1.902,1.797,-0.257,-0.086
2021-10-08,1.681,1.745,1.905,1.814,-0.225,-0.069
2021-10-12,1.646,1.75,1.961,1.815,-0.314,-0.065
2021-10-13,1.614,1.741,2.004,1.808,-0.39,-0.068
2021-10-14,1.579,1.707,1.982,1.79,-0.402,-0.084
2021-10-15,1.638,1.747,2.029,1.807,-0.391,-0.061
2021-10-18,1.637,1.763,2.065,1.813,-0.428,-0.05
2021-10-19,1.702,1.792,2.021,1.825,-0.318,-0.033
2021-10-20,1.702,1.799,2.015,1.828,-0.312,-0.029
2021-10-21,1.735,1.842,2.058,1.848,-0.323,-0.006
2021-10-22,1.701,1.836,2.084,1.844,-0.383,-0.008
2021-10-25,1.689,1.813,2.056,1.832,-0.366,-0.018
2021-10-26,1.671,1.801,2.077,1.824,-0.407,-0.024
2021-10-27,1.581,1.749,2.115,1.798,-0.534,-0.049
2021-10-28,1.628,1.757,2.113,1.8,-0.484,-0.043
2021-10-29,1.629,1.752,2.102,1.796,-0.472,-0.044
2021-11-01,1.65,1.768,2.11,1.802,-0.46,-0.034
2021-11-02,1.616,1.737,2.084,1.787,-0.468,-0.05
2021-11-03,1.653,1.759,2.104,1.797,-0.451,-0.038
2021-11-04,1.581,1.703,2.057,1.77,-0.476,-0.067
2021-11-05,1.496,1.639,2.065,1.741,-0.568,-0.102
2021-11-08,1.557,1.674,2.111,1.758,-0.554,-0.084
2021-11-09,1.496,1.635,2.103,1.737,-0.607,-0.102
2021-11-10,1.606,1.72,2.184,1.776,-0.578,-0.056
2021-11-12,1.624,1.75,2.188,1.788,-0.564,-0.037
2021-11-15,1.674,1.784,2.175,1.802,-0.501,-0.017
2021-11-16,1.685,1.8,2.174,1.808,-0.489,-0.008
2021-11-17,1.657,1.786,2.169,1.8,-0.512,-0.015
2021-11-18,1.637,1.77,2.166,1.792,-0.529,-0.023
2021-11-19,1.591,1.747,2.202,1.78,-0.611,-0.033
2021-11-22,1.688,1.812,2.238,1.81,-0.549,0.002
2021-11-23,1.727,1.843,2.22,1.824,-0.493,0.019
2021-11-24,1.701,1.845,2.256,1.824,-0.555,0.02
2021-11-26,1.532,1.715,2.199,1.763,-0.667,-0.048
2021-11-29,1.572,1.703,2.187,1.76,-0.615,-0.057
2021-11-30,1.492,1.654,2.206,1.736,-0.713,-0.082
2021-12-01,1.513,1.645,2.164,1.732,-0.651,-0.087
2021-12-02,1.504,1.655,2.264,1.733,-0.76,-0.078
2021-12-03,1.413,1.587,2.256,1.698,-0.843,-0.11
2021-12-06,1.494,1.621,2.275,1.713,-0.782,-0.092
2021-12-07,1.54,1.662,2.305,1.731,-0.765,-0.069
2021-12-08,1.561,1.677,2.299,1.736,-0.738,-0.059
2021-12-09,1.531,1.666,2.313,1.728,-0.782,-0.062
2021-12-10,1.527,1.658,2.316,1.722,-0.789,-0.064
2021-12-13,1.469,1.618,2.32,1.7,-0.851,-0.082
2021-12-14,1.49,1.623,2.327,1.702,-0.837,-0.079
2021-12-15,1.523,1.645,2.333,1.712,-0.81,-0.067
2021-12-16,1.501,1.606,2.229,1.693,-0.728,-0.088
2021-12-17,1.476,1.589,2.253,1.685,-0.777,-0.097
2021-12-20,1.489,1.584,2.225,1.686,-0.736,-0.102
2021-12-21,1.541,1.624,2.258,1.707,-0.718,-0.082
2021-12-22,1.524,1.626,2.269,1.708,-0.745,-0.081
2021-12-23,1.561,1.652,2.271,1.721,-0.71,-0.07
2021-12-27,1.542,1.651,2.291,1.721,-0.749,-0.07
2021-12-28,1.548,1.648,2.281,1.718,-0.733,-0.071
2021-12-29,1.621,1.685,2.259,1.735,-0.638,-0.05
2021-12-30,1.589,1.675,2.257,1.73,-0.668,-0.055
2021-12-31,1.585,1.669,2.256,1.727,-0.67,-0.059
2022-01-03,1.713,1.756,2.276,1.773,-0.564,-0.017
2022-01-04,1.749,1.792,2.239,1.792,-0.49,0
2022-01-05,1.781,1.845,2.292,1.819,-0.51,0.026
2022-01-06,1.803,1.886,2.338,1.838,-0.536,0.048
2022-01-07,1.857,1.924,2.326,1.857,-0.47,0.067
2022-01-10,1.858,1.949,2.366,1.872,-0.509,0.077
2022-01-11,1.836,1.937,2.363,1.866,-0.527,0.071
2022-01-12,1.821,1.925,2.365,1.86,-0.545,0.065
2022-01-13,1.787,1.893,2.353,1.845,-0.565,0.049
2022-01-14,1.865,1.948,2.397,1.872,-0.532,0.076
2022-01-18,1.953,2.026,2.441,1.913,-0.488,0.113
2022-01-19,1.917,2.017,2.44,1.909,-0.523,0.108
2022-01-20,1.906,2.009,2.447,1.906,-0.541,0.104
2022-01-21,1.831,1.947,2.424,1.875,-0.593,0.072
2022-01-24,1.847,1.93,2.389,1.871,-0.542,0.058
2022-01-25,1.871,1.949,2.416,1.883,-0.545,0.066
2022-01-26,1.929,2.015,2.491,1.914,-0.562,0.102
2022-01-27,1.877,2.009,2.541,1.909,-0.664,0.099
2022-01-28,1.842,1.965,2.519,1.886,-0.678,0.079
2022-01-31,1.863,1.959,2.512,1.887,-0.649,0.072
2022-02-01,1.874,1.958,2.518,1.885,-0.644,0.074
2022-02-02,1.844,1.935,2.512,1.871,-0.668,0.064
2022-02-03,1.887,1.962,2.533,1.884,-0.646,0.078
2022-02-04,1.989,2.054,2.617,1.93,-0.628,0.124
2022-02-07,1.976,2.057,2.601,1.935,-0.625,0.122
2022-02-08,2.015,2.087,2.627,1.95,-0.612,0.138
2022-02-09,2.003,2.09,2.645,1.949,-0.642,0.141
2022-02-10,2.081,2.184,2.789,2.006,-0.708,0.179
2022-02-11,1.984,2.102,2.728,1.966,-0.744,0.137
2022-02-14,2.047,2.129,2.763,1.985,-0.716,0.144
2022-02-15,2.111,2.157,2.738,1.996,-0.627,0.162
2022-02-16,2.092,2.14,2.706,1.983,-0.614,0.157
2022-02-17,2.033,2.097,2.686,1.959,-0.654,0.138
2022-02-18,1.987,2.06,2.684,1.939,-0.697,0.121
2022-02-22,1.992,2.068,2.732,1.947,-0.74,0.122
2022-02-23,2.039,2.095,2.737,1.958,-0.698,0.137
2022-02-24,2.019,2.07,2.682,1.939,-0.663,0.131
2022-02-25,2.031,2.083,2.718,1.944,-0.687,0.139
2022-02-28,1.881,1.967,2.665,1.89,-0.784,0.077
2022-03-01,1.759,1.835,2.574,1.823,-0.815,0.012
2022-03-02,1.911,1.939,2.663,1.875,-0.752,0.064
2022-03-03,1.895,1.95,2.671,1.882,-0.775,0.068
2022-03-04,1.757,1.857,2.667,1.833,-0.91,0.024
2022-03-07,1.806,1.871,2.708,1.843,-0.903,0.028
2022-03-08,1.886,1.932,2.754,1.87,-0.869,0.063
2022-03-09,1.952,1.992,2.786,1.897,-0.834,0.095
2022-03-10,2.002,2.041,2.815,1.918,-0.814,0.123
2022-03-11,2.014,2.069,2.856,1.93,-0.842,0.139
2022-03-14,2.169,2.185,2.893,1.991,-0.724,0.195
2022-03-15,2.171,2.212,2.906,2.005,-0.735,0.207
2022-03-16,2.216,2.264,2.96,2.027,-0.745,0.237
2022-03-17,2.234,2.276,2.929,2.026,-0.694,0.25
2022-03-18,2.165,2.244,2.955,2.007,-0.79,0.238
2022-03-21,2.345,2.375,3.044,2.078,-0.699,0.297
2022-03-22,2.41,2.439,3.068,2.109,-0.658,0.331
2022-03-23,2.366,2.41,3.037,2.091,-0.671,0.319
2022-03-24,2.388,2.421,3.059,2.096,-0.671,0.326
2022-03-25,2.557,2.552,3.154,2.16,-0.596,0.392
2022-03-28,2.493,2.56,3.205,2.168,-0.711,0.391
2022-03-29,2.428,2.51,3.208,2.141,-0.78,0.368
2022-03-30,2.371,2.446,3.192,2.107,-0.821,0.339
2022-03-31,2.34,2.402,3.191,2.082,-0.85,0.32
2022-04-01,2.392,2.461,3.316,2.107,-0.924,0.354
2022-04-04,2.433,2.481,3.291,2.125,-0.858,0.356
2022-04-05,2.563,2.573,3.332,2.17,-0.77,0.403
2022-04-06,2.639,2.627,3.283,2.199,-0.643,0.428
2022-04-07,2.706,2.672,3.229,2.224,-0.523,0.448
2022-04-08,2.769,2.742,3.256,2.262,-0.487,0.48
2022-04-11,2.825,2.795,3.251,2.298,-0.426,0.497
2022-04-12,2.764,2.74,3.138,2.277,-0.374,0.463
2022-04-13,2.74,2.728,3.146,2.277,-0.406,0.451
2022-04-14,2.877,2.836,3.189,2.337,-0.312,0.499
2022-04-18,2.906,2.878,3.162,2.366,-0.256,0.512
2022-04-19,2.979,2.967,3.238,2.412,-0.259,0.555
2022-04-20,2.896,2.938,3.26,2.399,-0.364,0.539
2022-04-21,2.958,2.983,3.317,2.421,-0.359,0.562
2022-04-22,2.951,2.981,3.315,2.419,-0.364,0.562
2022-04-25,2.849,2.901,3.295,2.391,-0.447,0.51
2022-04-26,2.805,2.834,3.267,2.359,-0.462,0.475
2022-04-27,2.854,2.852,3.259,2.367,-0.405,0.485
2022-04-28,2.889,2.889,3.294,2.383,-0.405,0.506
2022-04-29,2.942,2.942,3.327,2.408,-0.385,0.534
2022-05-02,3.04,3.017,3.345,2.45,-0.305,0.567
2022-05-03,3.017,3.028,3.372,2.455,-0.354,0.573
2022-05-04,2.99,2.982,3.281,2.432,-0.291,0.55
2022-05-05,3.124,3.058,3.264,2.465,-0.141,0.594
2022-05-06,3.206,3.134,3.252,2.501,-0.046,0.633
2022-05-09,3.122,3.084,3.194,2.484,-0.073,0.6
2022-05-10,3.05,3.045,3.216,2.47,-0.165,0.575
2022-05-11,2.995,3.005,3.228,2.453,-0.234,0.552
2022-05-12,2.914,2.932,3.205,2.424,-0.291,0.508
2022-05-13,3.014,2.985,3.224,2.459,-0.21,0.526
2022-05-16,2.95,2.952,3.203,2.455,-0.253,0.497
2022-05-17,3.038,3.029,3.286,2.498,-0.248,0.531
2022-05-18,2.938,2.978,3.293,2.473,-0.355,0.505
2022-05-19,2.9,2.928,3.258,2.448,-0.358,0.48
2022-05-20,2.848,2.878,3.24,2.423,-0.392,0.455
2022-05-23,2.925,2.93,3.288,2.453,-0.363,0.477
2022-05-24,2.807,2.85,3.258,2.416,-0.452,0.434
2022-05-25,2.799,2.819,3.208,2.404,-0.409,0.415
2022-05-26,2.798,2.813,3.209,2.404,-0.411,0.409
2022-05-27,2.791,2.82,3.252,2.41,-0.461,0.41
2022-05-31,2.901,2.902,3.278,2.461,-0.377,0.442
2022-06-01,2.979,2.999,3.364,2.51,-0.384,0.489
2022-06-02,2.959,3.004,3.368,2.513,-0.409,0.491
2022-06-03,2.992,3.029,3.379,2.529,-0.387,0.5
2022-06-06,3.086,3.101,3.403,2.571,-0.317,0.53
2022-06-07,3.033,3.08,3.391,2.565,-0.358,0.515
2022-06-08,3.077,3.104,3.411,2.58,-0.333,0.524
2022-06-09,3.082,3.123,3.456,2.591,-0.374,0.531
2022-06-10,3.221,3.249,3.575,2.661,-0.355,0.587
2022-06-13,3.495,3.492,3.737,2.809,-0.243,0.682
2022-06-14,3.583,3.574,3.766,2.873,-0.183,0.7
2022-06-15,3.432,3.422,3.588,2.804,-0.156,0.618
2022-06-16,3.309,3.34,3.732,2.756,-0.423,0.584
2022-06-17,3.333,3.326,3.668,2.748,-0.335,0.578
2022-06-21,3.407,3.362,3.643,2.779,-0.237,0.583
2022-06-22,3.249,3.243,3.592,2.723,-0.343,0.521
2022-06-23,3.182,3.161,3.55,2.688,-0.368,0.473
2022-06-24,3.219,3.17,3.559,2.703,-0.339,0.466
2022-06-27,3.283,3.227,3.604,2.745,-0.321,0.482
2022-06-28,3.292,3.243,3.588,2.759,-0.296,0.484
2022-06-29,3.203,3.177,3.552,2.731,-0.349,0.446
2022-06-30,3.103,3.066,3.441,2.677,-0.338,0.389
2022-07-01,2.942,2.942,3.482,2.619,-0.54,0.323
2022-07-05,2.942,2.89,3.361,2.613,-0.419,0.277
2022-07-06,3.032,2.968,3.449,2.66,-0.417,0.308
2022-07-07,3.108,3.04,3.491,2.701,-0.383,0.339
2022-07-08,3.19,3.12,3.532,2.745,-0.342,0.376
2022-07-11,3.086,3.067,3.539,2.739,-0.453,0.329
2022-07-12,3.035,3.017,3.539,2.727,-0.504,0.29
2022-07-13,2.988,2.998,3.632,2.742,-0.645,0.256
2022-07-14,3.037,3.013,3.635,2.76,-0.599,0.253
2022-07-15,3.013,2.998,3.641,2.755,-0.628,0.243
2022-07-18,3.037,3.012,3.638,2.777,-0.601,0.235
2022-07-19,3.082,3.06,3.694,2.81,-0.612,0.25
2022-07-20,3.107,3.093,3.729,2.829,-0.623,0.264
2022-07-21,2.933,2.971,3.691,2.768,-0.758,0.203
2022-07-22,2.81,2.848,3.622,2.712,-0.812,0.136
2022-07-25,2.844,2.853,3.631,2.73,-0.786,0.123
2022-07-26,2.828,2.852,3.656,2.731,-0.829,0.121
2022-07-27,2.795,2.811,3.601,2.705,-0.806,0.107
2022-07-28,2.693,2.717,3.52,2.655,-0.827,0.062
2022-07-29,2.682,2.702,3.55,2.647,-0.867,0.054
2022-08-01,2.61,2.656,3.558,2.635,-0.948,0.021
2022-08-02,2.748,2.767,3.679,2.692,-0.93,0.075
2022-08-03,2.727,2.777,3.708,2.694,-0.98,0.084
2022-08-04,2.67,2.717,3.648,2.66,-0.978,0.056
2022-08-05,2.817,2.839,3.779,2.723,-0.962,0.116
2022-08-08,2.757,2.811,3.766,2.716,-1.009,0.095
2022-08-09,2.78,2.826,3.821,2.726,-1.041,0.1
2022-08-10,2.779,2.803,3.756,2.714,-0.976,0.09
2022-08-11,2.875,2.853,3.736,2.733,-0.861,0.119
2022-08-12,2.836,2.855,3.757,2.734,-0.921,0.121
2022-08-15,2.784,2.815,3.735,2.721,-0.951,0.093
2022-08-16,2.806,2.831,3.769,2.731,-0.963,0.1
2022-08-17,2.875,2.894,3.826,2.761,-0.95,0.133
2022-08-18,2.864,2.893,3.808,2.76,-0.944,0.133
2022-08-19,2.981,2.97,3.804,2.801,-0.823,0.169
2022-08-22,3.031,3.041,3.851,2.845,-0.82,0.196
2022-08-23,3.06,3.069,3.832,2.863,-0.772,0.206
2022-08-24,3.122,3.131,3.851,2.898,-0.729,0.232
2022-08-25,3.036,3.093,3.861,2.884,-0.825,0.209
2022-08-26,3.061,3.109,3.899,2.895,-0.838,0.214
2022-08-29,3.137,3.164,3.914,2.934,-0.776,0.23
2022-08-30,3.133,3.179,3.934,2.946,-0.801,0.233
2022-08-31,3.177,3.202,3.926,2.96,-0.749,0.242
2022-09-01,3.297,3.292,3.941,3.006,-0.644,0.285
2022-09-02,3.248,3.262,3.876,2.993,-0.628,0.269
2022-09-06,3.372,3.359,3.925,3.05,-0.552,0.31
2022-09-07,3.31,3.337,3.904,3.047,-0.594,0.291
2022-09-08,3.322,3.353,3.934,3.06,-0.612,0.294
2022-09-09,3.353,3.39,3.984,3.082,-0.631,0.307
2022-09-12,3.394,3.415,3.976,3.105,-0.582,0.31
2022-09-13,3.432,3.482,4.112,3.155,-0.679,0.327
2022-09-14,3.42,3.48,4.148,3.158,-0.727,0.322
2022-09-15,3.473,3.512,4.184,3.172,-0.71,0.34
2022-09-16,3.471,3.494,4.132,3.16,-0.661,0.334
2022-09-19,3.502,3.526,4.2,3.187,-0.699,0.339
2022-09-20,3.598,3.585,4.187,3.219,-0.59,0.366
2022-09-21,3.547,3.571,4.219,3.209,-0.672,0.362
2022-09-22,3.741,3.696,4.261,3.264,-0.521,0.432
2022-09-23,3.674,3.722,4.408,3.264,-0.734,0.458
2022-09-26,3.875,3.868,4.476,3.339,-0.601,0.529
2022-09-27,3.981,3.956,4.457,3.378,-0.476,0.577
2022-09-28,3.746,3.778,4.299,3.293,-0.553,0.484
2022-09-29,3.79,3.783,4.331,3.296,-0.541,0.486
2022-09-30,3.862,3.84,4.368,3.323,-0.506,0.517
2022-10-03,3.693,3.73,4.323,3.279,-0.629,0.451
2022-10-04,3.638,3.658,4.293,3.25,-0.655,0.409
2022-10-05,3.822,3.75,4.265,3.298,-0.443,0.451
2022-10-06,3.892,3.829,4.298,3.338,-0.406,0.491
2022-10-07,3.902,3.892,4.435,3.368,-0.533,0.524
2022-10-11,4,3.943,4.342,3.41,-0.342,0.533
2022-10-12,3.975,3.935,4.332,3.417,-0.357,0.518
2022-10-13,4.029,4.003,4.418,3.465,-0.389,0.538
2022-10-14,4.066,4.037,4.442,3.489,-0.377,0.549
2022-10-17,4.078,4.042,4.419,3.509,-0.341,0.533
2022-10-18,4.05,4.024,4.412,3.515,-0.362,0.509
2022-10-19,4.156,4.121,4.506,3.574,-0.351,0.547
2022-10-20,4.234,4.215,4.571,3.625,-0.337,0.59
2022-10-21,4.244,4.198,4.419,3.62,-0.175,0.578
2022-10-24,4.295,4.237,4.397,3.653,-0.102,0.584
2022-10-25,4.135,4.163,4.478,3.625,-0.344,0.538
2022-10-26,4.084,4.101,4.392,3.597,-0.308,0.504
2022-10-27,4.039,4.032,4.355,3.568,-0.316,0.464
2022-10-28,4.125,4.086,4.331,3.602,-0.206,0.484
2022-10-31,4.189,4.15,4.385,3.645,-0.197,0.505
2022-11-01,4.156,4.161,4.503,3.656,-0.346,0.505
2022-11-02,4.16,4.17,4.455,3.659,-0.295,0.511
2022-11-03,4.215,4.207,4.464,3.674,-0.25,0.532
2022-11-04,4.262,4.212,4.386,3.672,-0.124,0.539
2022-11-07,4.326,4.26,4.392,3.702,-0.067,0.558
2022-11-08,4.242,4.204,4.362,3.676,-0.12,0.528
2022-11-09,4.25,4.18,4.322,3.667,-0.071,0.513
2022-11-10,3.867,3.914,4.335,3.54,-0.468,0.375
2022-11-14,3.909,3.903,4.383,3.544,-0.474,0.359
2022-11-15,3.832,3.84,4.353,3.518,-0.521,0.323
2022-11-16,3.689,3.737,4.367,3.471,-0.678,0.266
2022-11-17,3.776,3.78,4.431,3.493,-0.655,0.286
2022-11-18,3.818,3.823,4.478,3.516,-0.66,0.307
2022-11-21,3.915,3.856,4.291,3.538,-0.376,0.318
2022-11-22,3.752,3.793,4.508,3.509,-0.757,0.284
2022-11-23,3.688,3.728,4.506,3.478,-0.818,0.249
2022-11-25,3.66,3.682,4.483,3.457,-0.823,0.225
2022-11-28,3.677,3.683,4.494,3.464,-0.817,0.219
2022-11-29,3.733,3.715,4.49,3.481,-0.757,0.234
2022-11-30,3.657,3.651,4.4,3.452,-0.743,0.2
2022-12-01,3.515,3.527,4.325,3.39,-0.81,0.137
2022-12-02,3.496,3.494,4.345,3.375,-0.85,0.119
2022-12-05,3.584,3.573,4.454,3.418,-0.87,0.154
2022-12-06,3.493,3.52,4.433,3.394,-0.94,0.125
2022-12-07,3.397,3.425,4.378,3.345,-0.981,0.08
2022-12-08,3.474,3.462,4.417,3.36,-0.943,0.103
2022-12-09,3.55,3.516,4.404,3.384,-0.854,0.132
2022-12-12,3.576,3.561,4.448,3.414,-0.872,0.147
2022-12-13,3.455,3.465,4.353,3.367,-0.898,0.098
2022-12-14,3.439,3.435,4.344,3.352,-0.905,0.083
2022-12-15,3.391,3.408,4.371,3.338,-0.98,0.069
2022-12-16,3.437,3.41,4.304,3.338,-0.867,0.072
2022-12-19,3.528,3.487,4.341,3.381,-0.813,0.106
2022-12-20,3.653,3.585,4.327,3.43,-0.675,0.155
2022-12-21,3.661,3.613,4.295,3.442,-0.634,0.171
2022-12-22,3.637,3.626,4.338,3.448,-0.701,0.178
2022-12-23,3.711,3.686,4.36,3.476,-0.648,0.21
2022-12-27,3.814,3.779,4.389,3.531,-0.575,0.248
2022-12-28,3.854,3.824,4.378,3.557,-0.524,0.267
2022-12-29,3.809,3.815,4.393,3.554,-0.584,0.261
2022-12-30,3.853,3.85,4.426,3.57,-0.573,0.28
2023-01-03,3.758,3.794,4.423,3.549,-0.665,0.245
2023-01-04,3.654,3.705,4.407,3.511,-0.753,0.194
2023-01-05,3.668,3.707,4.471,3.522,-0.803,0.185
2023-01-06,3.533,3.562,4.308,3.459,-0.775,0.104
2023-01-09,3.518,3.514,4.282,3.447,-0.764,0.068
2023-01-10,3.602,3.56,4.284,3.478,-0.682,0.082
2023-01-11,3.537,3.527,4.266,3.468,-0.729,0.059
2023-01-12,3.417,3.429,4.213,3.418,-0.795,0.011
2023-01-13,3.443,3.448,4.276,3.427,-0.833,0.022
2023-01-17,3.498,3.467,4.228,3.442,-0.73,0.026
2023-01-18,3.328,3.347,4.166,3.386,-0.838,-0.039
2023-01-19,3.362,3.35,4.195,3.391,-0.833,-0.041
2023-01-20,3.439,3.408,4.223,3.422,-0.784,-0.014
2023-01-23,3.472,3.457,4.262,3.447,-0.79,0.01
2023-01-24,3.415,3.43,4.266,3.434,-0.851,-0.004
2023-01-25,3.415,3.414,4.247,3.425,-0.832,-0.011
2023-01-26,3.444,3.436,4.278,3.433,-0.834,0.003
2023-01-27,3.476,3.462,4.289,3.446,-0.813,0.017
2023-01-30,3.5,3.497,4.33,3.462,-0.83,0.034
2023-01-31,3.488,3.478,4.281,3.453,-0.793,0.025
2023-02-01,3.366,3.369,4.196,3.399,-0.83,-0.03
2023-02-02,3.362,3.348,4.203,3.388,-0.841,-0.04
2023-02-03,3.474,3.463,4.348,3.445,-0.874,0.017
2023-02-06,3.549,3.562,4.459,3.493,-0.91,0.069
2023-02-07,3.59,3.604,4.471,3.51,-0.881,0.094
2023-02-08,3.584,3.594,4.441,3.502,-0.858,0.092
2023-02-09,3.609,3.62,4.488,3.515,-0.88,0.105
2023-02-10,3.699,3.674,4.476,3.542,-0.777,0.132
2023-02-13,3.656,3.674,4.515,3.546,-0.858,0.128
2023-02-14,3.695,3.717,4.598,3.566,-0.903,0.151
2023-02-15,3.87,3.787,4.413,3.599,-0.544,0.188
2023-02-16,3.796,3.799,4.579,3.605,-0.783,0.194
2023-02-17,3.769,3.776,4.554,3.594,-0.786,0.182
2023-02-21,3.893,3.868,4.613,3.643,-0.72,0.225
2023-02-22,3.996,3.914,4.45,3.669,-0.454,0.246
2023-02-23,3.951,3.896,4.44,3.659,-0.49,0.236
2023-02-24,4.021,3.958,4.499,3.689,-0.477,0.269
2023-02-27,3.998,3.949,4.474,3.688,-0.477,0.261
2023-02-28,3.992,3.943,4.479,3.685,-0.488,0.258
2023-03-01,4.082,4.011,4.516,3.718,-0.433,0.293
2023-03-02,4.154,4.07,4.525,3.745,-0.371,0.325
2023-03-03,4.046,4.02,4.546,3.719,-0.5,0.301
2023-03-06,3.947,3.989,4.76,3.705,-0.813,0.284
2023-03-07,4.016,4.009,4.649,3.724,-0.633,0.285
2023-03-08,4.016,4.008,4.685,3.728,-0.669,0.28
2023-03-09,3.961,3.927,4.601,3.69,-0.64,0.237
2023-03-10,3.714,3.718,4.515,3.586,-0.801,0.133
2023-03-13,3.571,3.504,4.26,3.467,-0.689,0.037
2023-03-14,3.634,3.582,4.357,3.51,-0.723,0.072
2023-03-15,3.507,3.489,4.21,3.456,-0.702,0.032
2023-03-16,3.567,3.576,4.313,3.504,-0.746,0.072
2023-03-17,3.432,3.437,4.13,3.422,-0.698,0.016
2023-03-20,3.52,3.511,4.199,3.473,-0.678,0.039
2023-03-21,3.621,3.639,4.317,3.546,-0.696,0.093
2023-03-22,3.52,3.546,4.178,3.508,-0.658,0.037
2023-03-23,3.422,3.428,4.074,3.45,-0.652,-0.023
2023-03-24,3.419,3.422,4.083,3.449,-0.664,-0.027
2023-03-27,3.565,3.566,4.187,3.534,-0.622,0.032
2023-03-28,3.577,3.614,4.22,3.557,-0.643,0.058
2023-03-29,3.599,3.641,4.24,3.569,-0.641,0.072
2023-03-30,3.577,3.632,4.253,3.573,-0.676,0.059
2023-03-31,3.515,3.573,4.239,3.543,-0.724,0.03
2023-04-03,3.462,3.505,4.189,3.515,-0.727,-0.01
2023-04-04,3.384,3.41,4.1,3.471,-0.715,-0.06
2023-04-05,3.335,3.364,4.096,3.451,-0.761,-0.087
2023-04-06,3.325,3.36,4.117,3.459,-0.792,-0.099
2023-04-07,3.41,3.438,4.191,3.503,-0.781,-0.065
2023-04-10,3.427,3.466,4.217,3.528,-0.791,-0.061
2023-04-11,3.44,3.481,4.22,3.537,-0.78,-0.055
2023-04-12,3.42,3.446,4.151,3.52,-0.731,-0.074
2023-04-13,3.468,3.475,4.16,3.54,-0.693,-0.065
2023-04-14,3.534,3.551,4.229,3.583,-0.695,-0.032
2023-04-17,3.609,3.628,4.272,3.628,-0.663,-0
2023-04-18,3.586,3.631,4.277,3.632,-0.691,-0.001
2023-04-19,3.602,3.647,4.305,3.639,-0.703,0.008
2023-04-20,3.553,3.592,4.242,3.607,-0.689,-0.016
2023-04-21,3.586,3.605,4.253,3.613,-0.667,-0.008
2023-04-24,3.532,3.566,4.228,3.597,-0.696,-0.032
2023-04-25,3.424,3.449,4.122,3.54,-0.697,-0.091
2023-04-26,3.458,3.461,4.134,3.551,-0.675,-0.09
2023-04-27,3.556,3.562,4.224,3.605,-0.668,-0.042
2023-04-28,3.469,3.515,4.205,3.579,-0.735,-0.064
2023-05-01,3.609,3.6,4.225,3.629,-0.617,-0.029
2023-05-02,3.456,3.488,4.13,3.576,-0.674,-0.088
2023-05-03,3.407,3.416,4.065,3.547,-0.658,-0.131
2023-05-04,3.395,3.37,3.984,3.531,-0.589,-0.162
2023-05-05,3.463,3.449,4.069,3.577,-0.605,-0.128
2023-05-08,3.539,3.529,4.11,3.622,-0.571,-0.093
2023-05-09,3.551,3.556,4.107,3.637,-0.556,-0.082
2023-05-10,3.474,3.485,4.031,3.601,-0.557,-0.116
2023-05-11,3.417,3.446,4.061,3.581,-0.645,-0.135
2023-05-12,3.484,3.497,4.114,3.608,-0.63,-0.11
2023-05-15,3.532,3.528,4.087,3.624,-0.556,-0.096
2023-05-16,3.577,3.575,4.121,3.649,-0.544,-0.074
2023-05-17,3.601,3.616,4.174,3.671,-0.573,-0.054
2023-05-18,3.682,3.695,4.25,3.712,-0.569,-0.017
2023-05-19,3.738,3.744,4.273,3.733,-0.535,0.011
2023-05-22,3.758,3.766,4.274,3.751,-0.516,0.014
2023-05-23,3.737,3.756,4.279,3.745,-0.541,0.011
2023-05-24,3.76,3.77,4.31,3.753,-0.551,0.017
2023-05-25,3.845,3.86,4.42,3.795,-0.575,0.065
2023-05-26,3.823,3.865,4.463,3.788,-0.64,0.078
2023-05-30,3.732,3.775,4.401,3.751,-0.67,0.024
2023-05-31,3.678,3.696,4.361,3.714,-0.683,-0.019
2023-06-01,3.649,3.647,4.329,3.691,-0.68,-0.044
2023-06-02,3.723,3.72,4.431,3.727,-0.708,-0.007
2023-06-05,3.719,3.72,4.41,3.722,-0.691,-0.002
2023-06-06,3.715,3.727,4.436,3.72,-0.721,0.007
2023-06-07,3.819,3.796,4.449,3.747,-0.629,0.049
2023-06-08,3.736,3.756,4.436,3.719,-0.7,0.036
2023-06-09,3.75,3.77,4.489,3.719,-0.739,0.051
2023-06-12,3.741,3.753,4.465,3.708,-0.724,0.045
2023-06-13,3.823,3.824,4.541,3.736,-0.718,0.088
2023-06-14,3.789,3.838,4.619,3.735,-0.83,0.103
2023-06-15,3.7,3.74,4.518,3.681,-0.818,0.06
2023-06-16,3.722,3.755,4.591,3.684,-0.869,0.071
2023-06-20,3.694,3.728,4.58,3.673,-0.887,0.055
2023-06-21,3.677,3.704,4.583,3.663,-0.906,0.041
2023-06-22,3.74,3.75,4.63,3.684,-0.89,0.065
2023-06-23,3.714,3.727,4.604,3.673,-0.89,0.054
2023-06-26,3.702,3.706,4.581,3.67,-0.88,0.035
2023-06-27,3.719,3.732,4.647,3.683,-0.928,0.048
2023-06-28,3.664,3.689,4.621,3.661,-0.957,0.027
2023-06-29,3.899,3.824,4.593,3.728,-0.694,0.096
2023-06-30,3.85,3.827,4.611,3.725,-0.761,0.102
2023-07-03,3.891,3.865,4.654,3.743,-0.762,0.122
2023-07-05,3.981,3.921,4.636,3.768,-0.656,0.153
2023-07-06,4.088,4.02,4.686,3.815,-0.598,0.204
2023-07-07,4.099,4.043,4.665,3.825,-0.566,0.218
2023-07-10,4.003,3.989,4.67,3.803,-0.667,0.186
2023-07-11,3.969,3.973,4.712,3.799,-0.743,0.174
2023-07-12,3.842,3.855,4.584,3.745,-0.742,0.11
2023-07-13,3.754,3.744,4.483,3.696,-0.729,0.047
2023-07-14,3.772,3.779,4.598,3.717,-0.826,0.062
2023-07-17,3.758,3.769,4.58,3.715,-0.822,0.054
2023-07-18,3.73,3.752,4.594,3.707,-0.864,0.045
2023-07-19,3.674,3.715,4.613,3.689,-0.94,0.026
2023-07-20,3.775,3.78,4.655,3.72,-0.88,0.06
2023-07-21,3.772,3.795,4.672,3.726,-0.9,0.068
2023-07-24,3.826,3.834,4.698,3.745,-0.871,0.089
2023-07-25,3.878,3.882,4.73,3.768,-0.852,0.114
2023-07-26,3.883,3.859,4.567,3.757,-0.684,0.102
2023-07-27,3.978,3.958,4.738,3.804,-0.76,0.154
2023-07-28,3.922,3.935,4.705,3.792,-0.783,0.143
2023-07-31,3.972,3.941,4.598,3.795,-0.627,0.146
2023-08-01,4.076,4.004,4.55,3.825,-0.474,0.178
2023-08-02,4.045,4.019,4.639,3.832,-0.594,0.187
2023-08-03,4.143,4.09,4.616,3.867,-0.473,0.223
2023-08-04,4.008,4.004,4.539,3.827,-0.531,0.177
2023-08-07,4.057,4.015,4.514,3.839,-0.457,0.176
2023-08-08,3.981,3.974,4.51,3.823,-0.529,0.15
2023-08-09,3.966,3.971,4.555,3.824,-0.589,0.147
2023-08-10,4.07,4.036,4.564,3.855,-0.494,0.18
2023-08-11,4.14,4.116,4.621,3.892,-0.482,0.224
2023-08-14,4.131,4.153,4.688,3.909,-0.557,0.244
2023-08-15,4.176,4.175,4.651,3.918,-0.475,0.257
2023-08-16,4.231,4.226,4.676,3.942,-0.445,0.284
2023-08-17,4.274,4.254,4.637,3.954,-0.363,0.3
2023-08-18,4.226,4.234,4.626,3.943,-0.401,0.291
2023-08-21,4.309,4.295,4.651,3.976,-0.342,0.319
2023-08-22,4.391,4.346,4.586,4.002,-0.195,0.344
2023-08-23,4.159,4.23,4.67,3.945,-0.511,0.285
2023-08-24,4.19,4.227,4.691,3.946,-0.502,0.281
2023-08-25,4.206,4.242,4.733,3.955,-0.527,0.287
2023-08-28,4.167,4.207,4.708,3.939,-0.541,0.268
2023-08-29,4.094,4.121,4.619,3.898,-0.525,0.224
2023-08-30,4.113,4.114,4.618,3.895,-0.505,0.219
2023-08-31,4.088,4.09,4.6,3.883,-0.512,0.206
2023-09-01,4.183,4.142,4.58,3.908,-0.397,0.234
2023-09-05,4.242,4.217,4.63,3.946,-0.388,0.271
2023-09-06,4.353,4.296,4.587,3.984,-0.233,0.312
2023-09-07,4.238,4.253,4.641,3.961,-0.403,0.293
2023-09-08,4.222,4.244,4.671,3.955,-0.449,0.289
2023-09-11,4.252,4.255,4.658,3.961,-0.406,0.294
2023-09-12,4.224,4.25,4.688,3.959,-0.465,0.291
2023-09-13,4.212,4.231,4.67,3.949,-0.458,0.282
2023-09-14,4.238,4.25,4.687,3.956,-0.449,0.294
2023-09-15,4.373,4.311,4.578,3.986,-0.205,0.325
2023-09-18,4.363,4.329,4.598,3.995,-0.234,0.334
2023-09-19,4.383,4.364,4.658,4.01,-0.274,0.354
2023-09-20,4.362,4.365,4.69,4.01,-0.328,0.355
2023-09-21,4.538,4.457,4.625,4.055,-0.087,0.402
2023-09-22,4.492,4.453,4.615,4.053,-0.123,0.4
2023-09-25,4.608,4.52,4.578,4.088,0.03,0.432
2023-09-26,4.625,4.554,4.569,4.107,0.056,0.447
2023-09-27,4.688,4.617,4.591,4.139,0.098,0.478
2023-09-28,4.667,4.607,4.554,4.135,0.113,0.472
2023-09-29,4.672,4.607,4.523,4.137,0.149,0.47
2023-10-02,4.771,4.689,4.56,4.181,0.211,0.508
2023-10-03,4.892,4.794,4.568,4.233,0.323,0.561
2023-10-04,4.814,4.763,4.531,4.22,0.283,0.543
2023-10-05,4.803,4.75,4.498,4.216,0.306,0.534
2023-10-06,4.82,4.788,4.565,4.238,0.255,0.549
2023-10-10,4.718,4.712,4.501,4.204,0.217,0.508
2023-10-11,4.616,4.65,4.553,4.175,0.062,0.475
2023-10-12,4.787,4.734,4.525,4.218,0.262,0.516
2023-10-13,4.709,4.705,4.526,4.204,0.183,0.501
2023-10-16,4.796,4.756,4.534,4.228,0.262,0.528
2023-10-17,4.907,4.867,4.62,4.28,0.287,0.587
2023-10-18,4.944,4.929,4.672,4.306,0.272,0.623
2023-10-19,5.051,4.993,4.598,4.334,0.453,0.659
2023-10-20,5.005,4.971,4.541,4.322,0.464,0.648
2023-10-23,4.925,4.926,4.551,4.303,0.373,0.622
2023-10-24,4.903,4.913,4.579,4.299,0.324,0.614
2023-10-25,5.025,4.99,4.59,4.337,0.435,0.653
2023-10-26,4.937,4.941,4.551,4.314,0.386,0.627
2023-10-27,4.923,4.911,4.513,4.302,0.411,0.609
2023-10-30,4.956,4.934,4.529,4.316,0.428,0.618
2023-10-31,4.953,4.946,4.549,4.323,0.404,0.623
2023-11-01,4.837,4.85,4.479,4.277,0.358,0.573
2023-11-02,4.718,4.774,4.537,4.238,0.181,0.536
2023-11-03,4.622,4.651,4.427,4.177,0.194,0.474
2023-11-06,4.707,4.701,4.487,4.202,0.22,0.499
2023-11-07,4.613,4.649,4.493,4.176,0.12,0.473
2023-11-08,4.573,4.605,4.489,4.154,0.084,0.452
2023-11-09,4.724,4.694,4.514,4.194,0.21,0.501
2023-11-10,4.703,4.706,4.542,4.195,0.162,0.511
2023-11-13,4.72,4.712,4.54,4.196,0.18,0.516
2023-11-14,4.497,4.535,4.442,4.108,0.055,0.426
2023-11-15,4.571,4.567,4.495,4.124,0.076,0.443
2023-11-16,4.503,4.513,4.442,4.097,0.061,0.416
2023-11-17,4.469,4.497,4.49,4.088,-0.021,0.409
2023-11-20,4.446,4.476,4.499,4.079,-0.053,0.396
2023-11-21,4.444,4.455,4.468,4.069,-0.024,0.386
2023-11-22,4.456,4.458,4.493,4.071,-0.038,0.387
2023-11-24,4.559,4.517,4.454,4.101,0.105,0.416
2023-11-27,4.431,4.453,4.475,4.07,-0.044,0.383
2023-11-28,4.404,4.39,4.385,4.041,0.019,0.349
2023-11-29,4.341,4.326,4.354,4.012,-0.013,0.315
2023-11-30,4.43,4.388,4.375,4.043,0.054,0.345
2023-12-01,4.285,4.285,4.301,3.993,-0.016,0.292
2023-12-04,4.341,4.326,4.354,4.017,-0.013,0.308
2023-12-05,4.233,4.261,4.343,3.987,-0.109,0.274
2023-12-06,4.158,4.209,4.371,3.963,-0.212,0.246
2023-12-07,4.176,4.195,4.348,3.955,-0.172,0.24
2023-12-08,4.254,4.27,4.429,3.99,-0.175,0.28
2023-12-11,4.263,4.287,4.427,3.997,-0.164,0.29
2023-12-12,4.217,4.262,4.434,3.984,-0.216,0.278
2023-12-13,4.081,4.112,4.284,3.91,-0.202,0.202
2023-12-14,3.955,3.998,4.275,3.856,-0.319,0.142
2023-12-15,3.932,3.974,4.303,3.849,-0.372,0.126
2023-12-18,3.974,3.993,4.307,3.861,-0.333,0.132
2023-12-19,3.966,3.99,4.305,3.859,-0.339,0.131
2023-12-20,3.896,3.934,4.277,3.834,-0.381,0.101
2023-12-21,3.926,3.94,4.265,3.836,-0.339,0.104
2023-12-22,3.937,3.949,4.259,3.843,-0.322,0.106
2023-12-26,3.927,3.957,4.269,3.847,-0.343,0.11
2023-12-27,3.797,3.877,4.273,3.809,-0.476,0.068
2023-12-28,3.845,3.895,4.298,3.819,-0.453,0.076
2023-12-29,3.905,3.92,4.243,3.828,-0.337,0.092
2024-01-02,3.961,3.984,4.283,3.859,-0.322,0.125
2024-01-03,3.928,3.976,4.274,3.856,-0.346,0.12
2024-01-04,4.01,4.033,4.283,3.884,-0.273,0.149
2024-01-05,4.072,4.087,4.281,3.909,-0.21,0.178
2024-01-08,4.031,4.069,4.26,3.9,-0.229,0.168
2024-01-09,4.031,4.07,4.27,3.902,-0.239,0.169
2024-01-10,4.052,4.085,4.264,3.908,-0.212,0.176
2024-01-11,4.001,4.04,4.222,3.888,-0.222,0.152
2024-01-12,3.974,3.998,4.165,3.868,-0.191,0.13
2024-01-16,4.094,4.089,4.184,3.915,-0.09,0.174
2024-01-17,4.123,4.159,4.247,3.951,-0.124,0.208
2024-01-18,4.164,4.195,4.232,3.968,-0.068,0.227
2024-01-19,4.173,4.221,4.254,3.979,-0.081,0.242
2024-01-22,4.121,4.187,4.24,3.962,-0.119,0.225
2024-01-23,4.165,4.202,4.235,3.968,-0.07,0.234
2024-01-24,4.207,4.236,4.239,3.984,-0.031,0.252
2024-01-25,4.165,4.206,4.211,3.968,-0.045,0.238
2024-01-26,4.181,4.221,4.232,3.975,-0.051,0.246
2024-01-29,4.092,4.16,4.21,3.946,-0.118,0.214
2024-01-30,4.082,4.153,4.249,3.942,-0.167,0.21
2024-01-31,4.002,4.079,4.209,3.908,-0.207,0.171
2024-02-01,3.857,3.966,4.212,3.854,-0.355,0.113
2024-02-02,4.043,4.081,4.289,3.911,-0.246,0.17
2024-02-05,4.18,4.203,4.329,3.968,-0.149,0.234
2024-02-06,4.099,4.163,4.292,3.947,-0.193,0.216
2024-02-07,4.117,4.167,4.296,3.948,-0.179,0.219
2024-02-08,4.19,4.22,4.312,3.973,-0.123,0.247
2024-02-09,4.202,4.246,4.329,3.986,-0.126,0.261
2024-02-12,4.196,4.244,4.318,3.984,-0.122,0.26
2024-02-13,4.334,4.366,4.418,4.043,-0.084,0.323
2024-02-14,4.296,4.348,4.378,4.031,-0.082,0.317
2024-02-15,4.269,4.322,4.365,4.018,-0.096,0.305
2024-02-16,4.318,4.361,4.402,4.035,-0.084,0.326
2024-02-20,4.301,4.344,4.369,4.026,-0.069,0.318
2024-02-21,4.347,4.377,4.392,4.041,-0.045,0.335
2024-02-22,4.343,4.396,4.433,4.05,-0.09,0.346
2024-02-23,4.266,4.346,4.43,4.025,-0.164,0.322
2024-02-26,4.284,4.346,4.452,4.022,-0.168,0.324
2024-02-27,4.313,4.358,4.445,4.025,-0.132,0.333
2024-02-28,4.28,4.325,4.415,4.006,-0.134,0.319
2024-02-29,4.259,4.305,4.419,3.996,-0.16,0.31
2024-03-01,4.201,4.24,4.358,3.963,-0.157,0.277
2024-03-04,4.228,4.26,4.391,3.974,-0.164,0.286
2024-03-05,4.136,4.196,4.376,3.944,-0.239,0.253
2024-03-06,4.094,4.16,4.395,3.927,-0.301,0.233
2024-03-07,4.078,4.124,4.362,3.91,-0.284,0.214
2024-03-08,4.08,4.11,4.338,3.904,-0.258,0.206
2024-03-11,4.08,4.118,4.368,3.909,-0.287,0.209
2024-03-12,4.142,4.17,4.404,3.934,-0.262,0.235
2024-03-13,4.172,4.202,4.416,3.949,-0.244,0.253
2024-03-14,4.282,4.288,4.447,3.989,-0.165,0.299
2024-03-15,4.291,4.324,4.473,4.003,-0.182,0.321
2024-03-18,4.321,4.352,4.48,4.015,-0.159,0.338
2024-03-19,4.29,4.328,4.457,4.002,-0.167,0.326
2024-03-20,4.272,4.295,4.414,3.986,-0.143,0.309
2024-03-21,4.27,4.297,4.421,3.989,-0.151,0.308
2024-03-22,4.207,4.253,4.406,3.967,-0.199,0.285
2024-03-25,4.241,4.268,4.414,3.976,-0.172,0.293
2024-03-26,4.225,4.264,4.42,3.973,-0.194,0.291
2024-03-27,4.181,4.23,4.405,3.956,-0.224,0.274
2024-03-28,4.174,4.23,4.44,3.957,-0.266,0.273
2024-04-01,4.298,4.316,4.474,3.997,-0.176,0.319
2024-04-02,4.342,4.354,4.449,4.012,-0.107,0.342
2024-04-03,4.341,4.36,4.434,4.013,-0.093,0.347
2024-04-04,4.297,4.334,4.423,3.999,-0.127,0.334
2024-04-05,4.363,4.389,4.468,4.027,-0.104,0.362
2024-04-08,4.386,4.426,4.506,4.043,-0.12,0.383
2024-04-09,4.33,4.39,4.489,4.024,-0.159,0.366
2024-04-10,4.499,4.538,4.646,4.095,-0.147,0.443
2024-04-11,4.506,4.561,4.628,4.102,-0.122,0.459
2024-04-12,4.456,4.519,4.585,4.079,-0.129,0.44
2024-04-15,4.579,4.593,4.595,4.115,-0.016,0.479
2024-04-16,4.624,4.647,4.62,4.14,0.003,0.508
2024-04-17,4.533,4.601,4.604,4.116,-0.071,0.485
2024-04-18,4.595,4.636,4.63,4.132,-0.036,0.503
2024-04-19,4.572,4.627,4.627,4.128,-0.054,0.499
2024-04-22,4.576,4.624,4.619,4.124,-0.044,0.5
2024-04-23,4.565,4.606,4.581,4.117,-0.016,0.489
2024-04-24,4.613,4.635,4.581,4.133,0.032,0.502
2024-04-25,4.662,4.69,4.623,4.161,0.038,0.529
2024-04-26,4.624,4.679,4.631,4.155,-0.007,0.524
2024-04-29,4.577,4.642,4.621,4.136,-0.044,0.506
2024-04-30,4.628,4.678,4.665,4.152,-0.037,0.525
2024-05-01,4.571,4.628,4.611,4.128,-0.039,0.499
2024-05-02,4.539,4.576,4.549,4.104,-0.01,0.472
2024-05-03,4.47,4.506,4.497,4.074,-0.027,0.432
2024-05-06,4.444,4.486,4.519,4.066,-0.075,0.42
2024-05-07,4.415,4.465,4.53,4.058,-0.115,0.408
2024-05-08,4.451,4.482,4.532,4.066,-0.081,0.415
2024-05-09,4.424,4.462,4.515,4.057,-0.091,0.404
2024-05-10,4.461,4.492,4.541,4.073,-0.08,0.419
2024-05-13,4.445,4.487,4.539,4.07,-0.093,0.416
2024-05-14,4.42,4.458,4.512,4.056,-0.091,0.401
2024-05-15,4.329,4.376,4.462,4.018,-0.133,0.358
2024-05-16,4.363,4.389,4.48,4.026,-0.117,0.362
2024-05-17,4.377,4.411,4.517,4.037,-0.14,0.374
2024-05-20,4.394,4.429,4.525,4.045,-0.131,0.384
2024-05-21,4.365,4.411,4.519,4.036,-0.154,0.376
2024-05-22,4.365,4.416,4.56,4.037,-0.194,0.38
2024-05-23,4.453,4.47,4.547,4.062,-0.094,0.408
2024-05-24,4.457,4.48,4.539,4.066,-0.083,0.414
2024-05-28,4.474,4.511,4.608,4.078,-0.134,0.432
2024-05-29,4.617,4.59,4.546,4.116,0.071,0.474
2024-05-30,4.553,4.566,4.528,4.103,0.025,0.463
2024-05-31,4.509,4.527,4.505,4.085,0.004,0.442
2024-06-03,4.358,4.429,4.524,4.039,-0.166,0.39
2024-06-04,4.283,4.347,4.495,4.001,-0.213,0.346
2024-06-05,4.253,4.298,4.474,3.979,-0.221,0.32
2024-06-06,4.236,4.274,4.465,3.969,-0.229,0.305
2024-06-07,4.369,4.383,4.555,4.022,-0.186,0.361
2024-06-10,4.46,4.444,4.49,4.051,-0.029,0.393
2024-06-11,4.35,4.394,4.511,4.026,-0.161,0.368
2024-06-12,4.274,4.32,4.47,3.99,-0.196,0.33
2024-06-13,4.204,4.245,4.427,3.956,-0.224,0.289
2024-06-14,4.174,4.214,4.439,3.943,-0.265,0.271
2024-06-17,4.225,4.254,4.483,3.963,-0.258,0.291
2024-06-18,4.183,4.219,4.449,3.946,-0.265,0.273
2024-06-20,4.217,4.234,4.452,3.953,-0.235,0.28
2024-06-21,4.217,4.239,4.454,3.955,-0.237,0.284
2024-06-24,4.212,4.24,4.464,3.955,-0.252,0.285
2024-06-25,4.196,4.229,4.463,3.949,-0.266,0.28
2024-06-26,4.286,4.292,4.485,3.979,-0.199,0.312
2024-06-27,4.257,4.281,4.467,3.972,-0.21,0.309
2024-06-28,4.328,4.322,4.454,3.991,-0.126,0.331
2024-07-01,4.47,4.428,4.45,4.042,0.02,0.385
2024-07-02,4.413,4.419,4.435,4.038,-0.021,0.381
2024-07-03,4.339,4.37,4.425,4.016,-0.086,0.354
2024-07-05,4.263,4.289,4.355,3.978,-0.092,0.311
2024-07-08,4.253,4.274,4.368,3.973,-0.115,0.301
2024-07-09,4.286,4.29,4.362,3.983,-0.076,0.307
2024-07-10,4.269,4.287,4.368,3.982,-0.099,0.304
2024-07-11,4.186,4.21,4.299,3.943,-0.114,0.267
2024-07-12,4.18,4.186,4.274,3.933,-0.095,0.253
2024-07-15,4.231,4.218,4.257,3.949,-0.026,0.268
2024-07-16,4.162,4.19,4.262,3.937,-0.099,0.252
2024-07-17,4.146,4.175,4.259,3.932,-0.112,0.243
2024-07-18,4.195,4.209,4.265,3.95,-0.071,0.259
2024-07-19,4.236,4.251,4.283,3.97,-0.046,0.281
2024-07-22,4.252,4.273,4.284,3.98,-0.032,0.293
2024-07-23,4.239,4.264,4.268,3.974,-0.029,0.291
2024-07-24,4.282,4.282,4.233,3.982,0.049,0.3
2024-07-25,4.258,4.287,4.257,3.984,0.001,0.304
2024-07-26,4.19,4.234,4.223,3.957,-0.033,0.277
2024-07-29,4.164,4.206,4.222,3.944,-0.058,0.262
2024-07-30,4.14,4.18,4.209,3.93,-0.069,0.25
2024-07-31,4.072,4.122,4.188,3.903,-0.116,0.22
2024-08-01,3.97,4.022,4.125,3.852,-0.155,0.169
2024-08-02,3.768,3.836,4.002,3.754,-0.234,0.082
2024-08-05,3.747,3.809,4.031,3.745,-0.284,0.065
2024-08-06,3.877,3.904,4.066,3.797,-0.189,0.107
2024-08-07,3.956,3.98,4.073,3.836,-0.117,0.144
2024-08-08,3.991,4.034,4.096,3.864,-0.105,0.17
2024-08-09,3.952,4.022,4.083,3.859,-0.131,0.163
2024-08-12,3.912,3.983,4.052,3.84,-0.14,0.142
2024-08-13,3.837,3.919,4.035,3.808,-0.198,0.111
2024-08-14,3.81,3.895,4.052,3.798,-0.241,0.096
2024-08-15,3.921,3.977,4.096,3.841,-0.175,0.136
2024-08-16,3.882,3.964,4.103,3.832,-0.221,0.132
2024-08-19,3.851,3.942,4.106,3.818,-0.255,0.124
2024-08-20,3.805,3.894,4.083,3.791,-0.278,0.103
2024-08-21,3.774,3.852,4.043,3.767,-0.269,0.085
2024-08-22,3.848,3.906,4.075,3.794,-0.226,0.112
2024-08-23,3.796,3.869,4.029,3.774,-0.232,0.095
2024-08-26,3.805,3.874,4.041,3.773,-0.236,0.101
2024-08-27,3.829,3.884,4.014,3.776,-0.185,0.108
2024-08-28,3.835,3.896,4.013,3.78,-0.178,0.116
2024-08-29,3.864,3.924,4.023,3.794,-0.159,0.129
2024-08-30,3.903,3.961,4.032,3.812,-0.129,0.148
2024-09-03,3.825,3.916,4.019,3.789,-0.194,0.126
2024-09-04,3.748,3.84,3.969,3.751,-0.221,0.09
2024-09-05,3.719,3.81,3.967,3.735,-0.248,0.075
2024-09-06,3.705,3.783,3.931,3.722,-0.227,0.061
2024-09-09,3.68,3.771,3.936,3.714,-0.256,0.057
2024-09-10,3.631,3.728,3.899,3.69,-0.269,0.038
2024-09-11,3.633,3.732,3.925,3.697,-0.291,0.035
2024-09-12,3.665,3.752,3.919,3.704,-0.254,0.048
2024-09-13,3.634,3.729,3.885,3.685,-0.25,0.044
2024-09-16,3.603,3.711,3.881,3.668,-0.278,0.043
2024-09-17,3.623,3.729,3.895,3.673,-0.272,0.056
2024-09-18,3.686,3.771,3.88,3.683,-0.195,0.089
2024-09-19,3.713,3.8,3.874,3.687,-0.161,0.113
2024-09-20,3.706,3.803,3.863,3.679,-0.157,0.124
2024-09-23,3.727,3.824,3.868,3.68,-0.141,0.144
2024-09-24,3.717,3.815,3.833,3.668,-0.116,0.147
2024-09-25,3.769,3.856,3.841,3.685,-0.072,0.171
2024-09-26,3.77,3.882,3.879,3.694,-0.109,0.187
2024-09-27,3.727,3.844,3.848,3.673,-0.12,0.171
2024-09-30,3.784,3.888,3.897,3.693,-0.113,0.194
2024-10-01,3.716,3.841,3.872,3.667,-0.156,0.174
2024-10-02,3.764,3.858,3.872,3.672,-0.109,0.186
2024-10-03,3.829,3.913,3.902,3.695,-0.073,0.217
2024-10-04,3.958,4.046,4.029,3.761,-0.07,0.285
2024-10-07,4.033,4.11,4.021,3.789,0.011,0.32
2024-10-08,4.02,4.11,4.042,3.785,-0.022,0.326
2024-10-09,4.074,4.139,4.032,3.796,0.042,0.342
2024-10-10,4.087,4.15,4.038,3.8,0.049,0.35
2024-10-11,4.094,4.142,3.982,3.794,0.112,0.348
2024-10-15,4.02,4.11,4.031,3.777,-0.011,0.333
2024-10-16,4.013,4.091,4.015,3.766,-0.002,0.325
2024-10-17,4.106,4.142,4,3.793,0.106,0.35
2024-10-18,4.093,4.142,3.985,3.793,0.108,0.349
2024-10-21,4.202,4.224,4.01,3.832,0.192,0.392
2024-10-22,4.222,4.261,4.023,3.849,0.199,0.412
2024-10-23,4.26,4.305,4.049,3.869,0.21,0.436
2024-10-24,4.224,4.295,4.054,3.862,0.17,0.433
2024-10-25,4.267,4.323,4.066,3.877,0.201,0.447
2024-10-28,4.3,4.354,4.086,3.887,0.213,0.467
2024-10-29,4.303,4.359,4.076,3.887,0.227,0.472
2024-10-30,4.307,4.374,4.108,3.89,0.199,0.484
2024-10-31,4.297,4.373,4.135,3.884,0.161,0.489
2024-11-01,4.397,4.434,4.118,3.907,0.279,0.527
2024-11-04,4.332,4.405,4.113,3.89,0.219,0.516
2024-11-05,4.298,4.383,4.137,3.876,0.162,0.507
2024-11-06,4.453,4.477,4.148,3.92,0.305,0.556
2024-11-07,4.345,4.418,4.113,3.89,0.232,0.528
2024-11-08,4.299,4.393,4.158,3.876,0.141,0.517
2024-11-12,4.425,4.475,4.205,3.914,0.221,0.561
2024-11-13,4.462,4.492,4.143,3.917,0.319,0.575
2024-11-14,4.42,4.495,4.209,3.917,0.211,0.578
2024-11-15,4.444,4.49,4.169,3.914,0.275,0.576
2024-11-18,4.434,4.478,4.15,3.909,0.283,0.569
2024-11-19,4.395,4.452,4.15,3.897,0.245,0.555
2024-11-20,4.39,4.45,4.176,3.896,0.214,0.555
2024-11-21,4.407,4.47,4.201,3.906,0.206,0.564
2024-11-22,4.396,4.466,4.216,3.904,0.18,0.563
2024-11-25,4.248,4.353,4.177,3.848,0.071,0.505
2024-11-26,4.292,4.345,4.166,3.843,0.126,0.502
2024-11-27,4.233,4.297,4.142,3.819,0.09,0.478
2024-11-29,4.186,4.239,4.105,3.79,0.081,0.449
2024-12-02,4.178,4.23,4.128,3.785,0.05,0.445
2024-12-03,4.221,4.252,4.122,3.792,0.099,0.46
2024-12-04,4.199,4.235,4.095,3.781,0.104,0.454
2024-12-05,4.158,4.219,4.117,3.771,0.041,0.448
2024-12-06,4.143,4.195,4.081,3.756,0.062,0.439
2024-12-09,4.178,4.219,4.092,3.765,0.086,0.454
2024-12-10,4.2,4.243,4.102,3.774,0.099,0.469
2024-12-11,4.256,4.284,4.098,3.79,0.158,0.494
2024-12-12,4.319,4.339,4.101,3.811,0.218,0.528
2024-12-13,4.402,4.416,4.126,3.845,0.276,0.571
2024-12-16,4.391,4.431,4.13,3.851,0.261,0.58
2024-12-17,4.401,4.442,4.128,3.857,0.273,0.585
2024-12-18,4.523,4.546,4.209,3.905,0.315,0.641
2024-12-19,4.596,4.609,4.166,3.932,0.43,0.678
2024-12-20,4.534,4.588,4.155,3.919,0.379,0.668
2024-12-23,4.611,4.639,4.174,3.945,0.438,0.694
2024-12-24,4.612,4.657,4.187,3.956,0.425,0.701
2024-12-26,4.596,4.647,4.17,3.951,0.426,0.697
2024-12-27,4.645,4.674,4.155,3.96,0.49,0.714
2024-12-30,4.566,4.622,4.109,3.935,0.456,0.686
2024-12-31,4.587,4.626,4.108,3.939,0.479,0.687
2025-01-02,4.578,4.624,4.101,3.938,0.477,0.685
2025-01-03,4.615,4.654,4.121,3.952,0.494,0.702
2025-01-06,4.636,4.673,4.109,3.961,0.527,0.712
2025-01-07,4.697,4.719,4.105,3.983,0.592,0.736
2025-01-08,4.693,4.726,4.091,3.987,0.602,0.739
2025-01-09,4.709,4.742,4.089,3.995,0.62,0.747
2025-01-10,4.814,4.84,4.176,4.044,0.638,0.796
2025-01-13,4.831,4.875,4.182,4.061,0.649,0.813
2025-01-14,4.826,4.872,4.156,4.059,0.669,0.812
2025-01-15,4.68,4.764,4.102,4.007,0.577,0.757
2025-01-16,4.643,4.705,4.071,3.98,0.572,0.725
2025-01-17,4.631,4.697,4.112,3.977,0.519,0.72
2025-01-21,4.587,4.667,4.129,3.963,0.458,0.703
2025-01-22,4.614,4.674,4.137,3.967,0.478,0.707
2025-01-23,4.659,4.699,4.123,3.978,0.536,0.721
2025-01-24,4.641,4.693,4.114,3.974,0.526,0.719
2025-01-27,4.543,4.62,4.116,3.938,0.427,0.682
2025-01-28,4.565,4.613,4.087,3.936,0.478,0.677
2025-01-29,4.57,4.623,4.111,3.942,0.46,0.681
2025-01-30,4.533,4.592,4.086,3.928,0.447,0.665
2025-01-31,4.595,4.63,4.107,3.946,0.488,0.684
2025-02-03,4.534,4.611,4.123,3.938,0.411,0.673
2025-02-04,4.528,4.586,4.106,3.926,0.422,0.66
2025-02-05,4.427,4.513,4.098,3.892,0.329,0.622
2025-02-06,4.443,4.511,4.128,3.891,0.315,0.62
2025-02-07,4.475,4.544,4.168,3.908,0.307,0.636
2025-02-10,4.482,4.546,4.159,3.908,0.323,0.639
2025-02-11,4.521,4.569,4.156,3.918,0.365,0.651
2025-02-12,4.636,4.657,4.194,3.96,0.442,0.697
2025-02-13,4.521,4.6,4.18,3.93,0.342,0.67
2025-02-14,4.47,4.543,4.148,3.901,0.321,0.642
2025-02-18,4.55,4.586,4.165,3.924,0.386,0.662
2025-02-19,4.529,4.575,4.139,3.918,0.391,0.657
2025-02-20,4.5,4.556,4.134,3.908,0.366,0.648
2025-02-21,4.436,4.495,4.104,3.879,0.332,0.616
2025-02-24,4.419,4.468,4.087,3.866,0.333,0.602
2025-02-25,4.314,4.384,4.043,3.827,0.271,0.557
2025-02-26,4.264,4.327,4.031,3.802,0.233,0.525
2025-02-27,4.303,4.336,4.029,3.809,0.274,0.527
2025-02-28,4.255,4.297,3.996,3.791,0.259,0.506
2025-03-03,4.183,4.242,3.981,3.766,0.203,0.475
2025-03-04,4.245,4.267,3.97,3.779,0.275,0.488
2025-03-05,4.307,4.328,3.998,3.81,0.309,0.518
2025-03-06,4.323,4.347,3.967,3.818,0.355,0.528
2025-03-07,4.349,4.378,3.98,3.835,0.369,0.544
2025-03-10,4.249,4.309,3.934,3.801,0.315,0.508
2025-03-11,4.309,4.339,3.937,3.818,0.373,0.521
2025-03-12,4.351,4.385,3.962,3.842,0.389,0.543
2025-03-13,4.301,4.354,3.937,3.827,0.364,0.527
2025-03-14,4.344,4.389,3.974,3.844,0.369,0.545
2025-03-17,4.335,4.397,3.994,3.847,0.342,0.55
2025-03-18,4.309,4.372,3.981,3.834,0.328,0.538
2025-03-19,4.277,4.335,3.972,3.817,0.306,0.518
2025-03-20,4.259,4.309,3.951,3.803,0.308,0.506
2025-03-21,4.275,4.309,3.925,3.803,0.35,0.506
2025-03-24,4.359,4.379,3.96,3.837,0.399,0.542
2025-03-25,4.336,4.374,3.944,3.834,0.391,0.541
2025-03-26,4.369,4.397,3.943,3.845,0.426,0.552
2025-03-27,4.4,4.419,3.93,3.856,0.471,0.563
2025-03-28,4.287,4.341,3.887,3.82,0.399,0.521
2025-03-31,4.251,4.302,3.883,3.803,0.369,0.499
2025-04-01,4.19,4.252,3.874,3.78,0.316,0.472
2025-04-02,4.222,4.268,3.901,3.79,0.321,0.478
2025-04-03,4.084,4.139,3.781,3.73,0.303,0.409
2025-04-04,4.033,4.085,3.796,3.703,0.237,0.382
2025-04-07,4.189,4.172,3.774,3.745,0.415,0.427
2025-04-08,4.32,4.274,3.735,3.797,0.585,0.477
2025-04-09,4.408,4.415,3.884,3.871,0.524,0.544
2025-04-10,4.479,4.461,3.788,3.893,0.691,0.568
2025-04-11,4.549,4.555,3.874,3.939,0.675,0.616
2025-04-14,4.441,4.485,3.806,3.905,0.635,0.579
2025-04-15,4.408,4.448,3.78,3.89,0.628,0.558
2025-04-16,4.344,4.384,3.739,3.861,0.605,0.523
2025-04-17,4.405,4.413,3.752,3.879,0.653,0.534
2025-04-21,4.501,4.462,3.678,3.905,0.823,0.556
2025-04-22,4.478,4.486,3.72,3.919,0.758,0.567
2025-04-23,4.455,4.497,3.781,3.925,0.674,0.572
2025-04-24,4.376,4.433,3.743,3.894,0.633,0.54
2025-04-25,4.33,4.383,3.731,3.87,0.599,0.513
2025-04-28,4.279,4.322,3.695,3.841,0.585,0.48
2025-04-29,4.227,4.272,3.682,3.818,0.545,0.454
2025-04-30,4.218,4.24,3.627,3.805,0.592,0.435
2025-05-01,4.297,4.303,3.664,3.838,0.634,0.466
2025-05-02,4.37,4.386,3.729,3.879,0.641,0.507
2025-05-05,4.404,4.419,3.725,3.893,0.678,0.526
2025-05-06,4.377,4.398,3.696,3.882,0.681,0.516
2025-05-07,4.329,4.366,3.705,3.867,0.624,0.5
2025-05-08,4.435,4.447,3.77,3.905,0.664,0.541
2025-05-09,4.434,4.459,3.768,3.909,0.667,0.55
2025-05-12,4.505,4.529,3.831,3.945,0.675,0.583
2025-05-13,4.547,4.566,3.821,3.963,0.727,0.604
2025-05-14,4.582,4.603,3.844,3.979,0.738,0.624
2025-05-15,4.504,4.541,3.79,3.947,0.715,0.594
2025-05-16,4.483,4.518,3.798,3.934,0.685,0.584
2025-05-19,4.515,4.524,3.779,3.939,0.736,0.584
2025-05-20,4.539,4.536,3.761,3.946,0.777,0.59
2025-05-21,4.653,4.61,3.758,3.981,0.895,0.629
2025-05-22,4.609,4.608,3.753,3.981,0.856,0.627
2025-05-23,4.576,4.589,3.759,3.972,0.817,0.617
2025-05-27,4.492,4.526,3.752,3.942,0.74,0.584
2025-05-28,4.532,4.538,3.768,3.948,0.764,0.59
2025-05-29,4.479,4.496,3.749,3.929,0.729,0.567
2025-05-30,4.466,4.468,3.728,3.916,0.738,0.551
2025-06-02,4.515,4.496,3.726,3.931,0.788,0.566
2025-06-03,4.516,4.512,3.744,3.937,0.772,0.575
2025-06-04,4.415,4.438,3.715,3.902,0.699,0.536
2025-06-05,4.441,4.455,3.762,3.91,0.679,0.545
2025-06-06,4.558,4.552,3.824,3.954,0.734,0.597
2025-06-09,4.533,4.549,3.807,3.952,0.727,0.597
2025-06-10,4.513,4.536,3.81,3.945,0.703,0.591
2025-06-11,4.46,4.485,3.775,3.921,0.685,0.564
2025-06-12,4.395,4.429,3.77,3.895,0.625,0.534
2025-06-13,4.457,4.459,3.771,3.91,0.686,0.55
2025-06-16,4.499,4.492,3.766,3.925,0.733,0.567
2025-06-17,4.423,4.451,3.767,3.903,0.657,0.547
2025-06-18,4.428,4.439,3.761,3.898,0.667,0.541
2025-06-20,4.425,4.425,3.738,3.89,0.686,0.536
2025-06-23,4.384,4.386,3.704,3.869,0.68,0.516
2025-06-24,4.342,4.348,3.684,3.851,0.659,0.496
2025-06-25,4.337,4.334,3.669,3.845,0.667,0.488
2025-06-26,4.308,4.305,3.64,3.834,0.668,0.471
2025-06-27,4.344,4.33,3.651,3.848,0.693,0.482
2025-06-30,4.281,4.298,3.659,3.837,0.622,0.46
2025-07-01,4.3,4.317,3.7,3.848,0.6,0.468
2025-07-02,4.348,4.348,3.691,3.863,0.656,0.484
2025-07-03,4.395,4.403,3.751,3.892,0.645,0.511
2025-07-07,4.444,4.437,3.725,3.909,0.718,0.528
2025-07-08,4.469,4.464,3.74,3.922,0.73,0.543
2025-07-09,4.389,4.414,3.722,3.896,0.668,0.517
2025-07-10,4.393,4.409,3.734,3.893,0.659,0.516
2025-07-11,4.481,4.463,3.726,3.918,0.755,0.545
2025-07-14,4.481,4.475,3.718,3.924,0.763,0.551
2025-07-15,4.546,4.532,3.743,3.952,0.803,0.58
2025-07-16,4.516,4.51,3.695,3.94,0.821,0.569
2025-07-17,4.524,4.52,3.71,3.945,0.814,0.575
2025-07-18,4.49,4.492,3.686,3.931,0.805,0.561
2025-07-21,4.427,4.446,3.683,3.91,0.744,0.535
2025-07-22,4.391,4.407,3.668,3.893,0.724,0.514
2025-07-23,4.438,4.439,3.704,3.909,0.734,0.529
2025-07-24,4.459,4.467,3.726,3.923,0.733,0.544
2025-07-25,4.425,4.447,3.723,3.911,0.702,0.536
2025-07-28,4.456,4.461,3.726,3.916,0.731,0.544
2025-07-29,4.362,4.4,3.722,3.885,0.64,0.515
2025-07-30,4.406,4.424,3.761,3.897,0.645,0.527
2025-07-31,4.398,4.418,3.767,3.892,0.632,0.526
2025-08-01,4.264,4.284,3.64,3.819,0.625,0.465
2025-08-04,4.245,4.25,3.622,3.8,0.623,0.45
2025-08-05,4.247,4.256,3.638,3.802,0.609,0.454
2025-08-06,4.268,4.264,3.615,3.804,0.653,0.46
2025-08-07,4.28,4.285,3.639,3.813,0.641,0.472
2025-08-08,4.32,4.321,3.656,3.83,0.665,0.491
2025-08-11,4.308,4.324,3.659,3.83,0.649,0.494
2025-08-12,4.333,4.331,3.629,3.832,0.704,0.5
2025-08-13,4.277,4.293,3.607,3.81,0.67,0.483
2025-08-14,4.329,4.328,3.617,3.828,0.712,0.5
2025-08-15,4.373,4.364,3.613,3.845,0.761,0.519
2025-08-18,4.383,4.38,3.609,3.854,0.773,0.526
2025-08-19,4.346,4.358,3.6,3.842,0.746,0.516
2025-08-20,4.328,4.34,3.594,3.833,0.734,0.507
2025-08-21,4.37,4.374,3.625,3.852,0.745,0.522
2025-08-22,4.3,4.313,3.567,3.819,0.732,0.494
2025-08-25,4.32,4.324,3.583,3.823,0.737,0.501
2025-08-26,4.302,4.3,3.539,3.811,0.763,0.489
2025-08-27,4.288,4.282,3.512,3.801,0.776,0.48
2025-08-28,4.256,4.264,3.525,3.793,0.731,0.472
2025-08-29,4.274,4.262,3.5,3.79,0.774,0.473
2025-09-02,4.327,4.304,3.508,3.809,0.82,0.495
2025-09-03,4.261,4.269,3.5,3.79,0.761,0.479
2025-09-04,4.212,4.226,3.482,3.766,0.73,0.459
2025-09-05,4.136,4.159,3.461,3.723,0.675,0.436
2025-09-08,4.095,4.124,3.48,3.704,0.614,0.421
2025-09-09,4.113,4.134,3.498,3.707,0.615,0.428
2025-09-10,4.078,4.114,3.506,3.694,0.572,0.42
2025-09-11,4.051,4.091,3.515,3.679,0.536,0.412
2025-09-12,4.103,4.12,3.533,3.691,0.571,0.429
2025-09-15,4.085,4.108,3.525,3.681,0.559,0.427
2025-09-16,4.077,4.096,3.513,3.672,0.565,0.424
2025-09-17,4.101,4.115,3.537,3.678,0.564,0.437
2025-09-18,4.152,4.157,3.538,3.697,0.615,0.46
2025-09-19,4.179,4.184,3.537,3.709,0.642,0.475
2025-09-22,4.187,4.2,3.543,3.713,0.644,0.487
2025-09-23,4.156,4.182,3.54,3.703,0.616,0.48
2025-09-24,4.19,4.206,3.563,3.713,0.627,0.493
2025-09-25,4.205,4.236,3.609,3.729,0.596,0.507
2025-09-26,4.23,4.249,3.601,3.733,0.629,0.516
2025-09-29,4.186,4.222,3.602,3.717,0.583,0.505
2025-09-30,4.199,4.216,3.587,3.713,0.612,0.503
2025-10-01,4.165,4.183,3.548,3.696,0.617,0.487
2025-10-02,4.142,4.167,3.553,3.689,0.589,0.478
2025-10-03,4.178,4.193,3.575,3.703,0.603,0.49
2025-10-06,4.225,4.231,3.576,3.721,0.649,0.51
2025-10-07,4.184,4.211,3.561,3.711,0.624,0.5
2025-10-08,4.187,4.214,3.577,3.712,0.61,0.502
2025-10-09,4.198,4.222,3.583,3.717,0.615,0.505
2025-10-10,4.105,4.153,3.56,3.684,0.545,0.469
2025-10-14,4.078,4.11,3.527,3.664,0.551,0.446
2025-10-15,4.101,4.122,3.534,3.673,0.568,0.45
2025-10-16,4.032,4.068,3.499,3.647,0.534,0.42
2025-10-17,4.066,4.088,3.522,3.657,0.544,0.431
2025-10-20,4.047,4.081,3.522,3.651,0.525,0.431
2025-10-21,4.018,4.061,3.523,3.638,0.496,0.422
2025-10-22,4.016,4.053,3.528,3.634,0.488,0.419
2025-10-23,4.059,4.085,3.545,3.649,0.514,0.437
2025-10-24,4.065,4.093,3.533,3.648,0.533,0.444
2025-10-27,4.056,4.093,3.551,3.643,0.505,0.45
2025-10-28,4.041,4.082,3.551,3.634,0.489,0.448
2025-10-29,4.118,4.145,3.611,3.666,0.507,0.48
2025-10-30,4.152,4.172,3.605,3.677,0.546,0.495
2025-10-31,4.154,4.171,3.589,3.674,0.564,0.498
2025-11-03,4.166,4.179,3.586,3.681,0.581,0.498
2025-11-04,4.142,4.161,3.573,3.672,0.569,0.489
2025-11-05,4.212,4.211,3.594,3.697,0.618,0.514
2025-11-06,4.148,4.169,3.554,3.674,0.593,0.495
2025-11-07,4.148,4.159,3.539,3.669,0.61,0.49
2025-11-10,4.169,4.18,3.562,3.681,0.606,0.499
2025-11-12,4.122,4.151,3.554,3.668,0.569,0.483
2025-11-13,4.162,4.173,3.567,3.68,0.595,0.493
2025-11-14,4.197,4.202,3.571,3.695,0.626,0.507
2025-11-17,4.176,4.195,3.571,3.691,0.605,0.503
2025-11-18,4.172,4.18,3.539,3.683,0.633,0.497
2025-11-19,4.182,4.185,3.548,3.686,0.634,0.499
2025-11-20,4.156,4.168,3.53,3.678,0.626,0.49
2025-11-21,4.118,4.13,3.489,3.658,0.629,0.472
2025-11-24,4.094,4.11,3.496,3.648,0.598,0.461
2025-11-25,4.065,4.08,3.475,3.634,0.59,0.447
2025-11-26,4.054,4.072,3.492,3.631,0.562,0.441
2025-11-28,4.083,4.088,3.499,3.638,0.584,0.451
2025-12-01,4.157,4.145,3.513,3.661,0.644,0.484
2025-12-02,4.156,4.153,3.497,3.66,0.658,0.493
2025-12-03,4.125,4.133,3.479,3.643,0.647,0.489
2025-12-04,4.176,4.172,3.508,3.658,0.668,0.514
2025-12-05,4.194,4.2,3.521,3.667,0.674,0.533
2025-12-08,4.23,4.233,3.534,3.681,0.696,0.552
2025-12-09,4.232,4.251,3.565,3.687,0.667,0.563
2025-12-10,4.222,4.227,3.528,3.672,0.693,0.555
2025-12-11,4.207,4.214,3.503,3.661,0.703,0.553
2025-12-12,4.267,4.249,3.492,3.672,0.775,0.577
2025-12-15,4.255,4.25,3.48,3.671,0.775,0.578
2025-12-16,4.221,4.226,3.466,3.66,0.755,0.566
2025-12-17,4.229,4.23,3.467,3.662,0.763,0.568
2025-12-18,4.191,4.204,3.451,3.649,0.74,0.556
2025-12-19,4.22,4.222,3.461,3.658,0.759,0.564
2025-12-22,4.23,4.238,3.477,3.666,0.753,0.572
2025-12-23,4.221,4.247,3.51,3.67,0.711,0.577
2025-12-24,4.196,4.231,3.518,3.663,0.678,0.569
2025-12-26,4.202,4.213,3.474,3.653,0.728,0.56
2025-12-29,4.183,4.195,3.464,3.646,0.72,0.549
2025-12-30,4.199,4.2,3.464,3.648,0.735,0.552
2025-12-31,4.245,4.24,3.492,3.669,0.752,0.571
2026-01-02,4.27,4.264,3.475,3.68,0.795,0.584
2026-01-05,4.242,4.251,3.462,3.673,0.781,0.579
2026-01-06,4.253,4.259,3.465,3.676,0.788,0.583
2026-01-07,4.209,4.236,3.473,3.664,0.736,0.573
2026-01-08,4.255,4.263,3.497,3.676,0.758,0.588
2026-01-09,4.232,4.267,3.529,3.676,0.703,0.591
2026-01-12,4.248,4.272,3.53,3.68,0.718,0.593
2026-01-13,4.239,4.261,3.523,3.675,0.716,0.586
2026-01-14,4.202,4.232,3.518,3.662,0.684,0.57
2026-01-15,4.224,4.252,3.559,3.671,0.665,0.58
2026-01-16,4.284,4.296,3.576,3.692,0.707,0.604
2026-01-20,4.364,4.349,3.556,3.718,0.808,0.631
2026-01-21,4.324,4.34,3.557,3.714,0.767,0.626
2026-01-22,4.318,4.345,3.588,3.717,0.73,0.628
2026-01-23,4.304,4.334,3.59,3.712,0.714,0.622
2026-01-26,4.281,4.316,3.597,3.703,0.685,0.613
2026-01-27,4.303,4.32,3.584,3.705,0.719,0.616
2026-01-28,4.329,4.341,3.587,3.716,0.741,0.625
2026-01-29,4.308,4.324,3.552,3.709,0.755,0.616
2026-01-30,4.314,4.324,3.548,3.709,0.766,0.615
2026-02-02,4.349,4.355,3.552,3.726,0.797,0.629
2026-02-03,4.345,4.361,3.554,3.73,0.79,0.631
2026-02-04,4.353,4.371,3.568,3.736,0.786,0.635
2026-02-05,4.277,4.307,3.498,3.704,0.779,0.602
2026-02-06,4.282,4.304,3.507,3.705,0.775,0.599
2026-02-09,4.277,4.298,3.497,3.703,0.78,0.595
2026-02-10,4.218,4.257,3.491,3.684,0.727,0.573
2026-02-11,4.25,4.278,3.516,3.696,0.734,0.582
2026-02-12,4.166,4.218,3.497,3.667,0.669,0.551
2026-02-13,4.118,4.158,3.462,3.639,0.656,0.519
2026-02-17,4.117,4.151,3.483,3.637,0.634,0.514
2026-02-18,4.149,4.17,3.493,3.646,0.656,0.524
2026-02-19,4.137,4.166,3.493,3.644,0.644,0.522
2026-02-20,4.143,4.166,3.489,3.643,0.653,0.523
2026-02-23,4.092,4.12,3.456,3.622,0.636,0.499
2026-02-24,4.099,4.118,3.472,3.621,0.628,0.497
2026-02-25,4.104,4.123,3.486,3.622,0.619,0.5
2026-02-26,4.072,4.095,3.471,3.609,0.601,0.487
2026-02-27,4.031,4.048,3.434,3.585,0.597,0.463
2026-03-02,4.103,4.105,3.486,3.614,0.617,0.491
2026-03-03,4.112,4.124,3.499,3.622,0.614,0.502
2026-03-04,4.132,4.149,3.53,3.632,0.602,0.517
2026-03-05,4.17,4.184,3.552,3.646,0.618,0.538
2026-03-06,4.187,4.197,3.538,3.648,0.649,0.549
2026-03-09,4.16,4.185,3.544,3.643,0.616,0.542
2026-03-10,4.181,4.197,3.553,3.647,0.628,0.55
2026-03-11,4.25,4.249,3.572,3.672,0.677,0.577
2026-03-12,4.317,4.327,3.656,3.708,0.661,0.619
2026-03-13,4.332,4.342,3.628,3.713,0.704,0.629
2026-03-16,4.264,4.293,3.597,3.689,0.666,0.603
2026-03-17,4.241,4.265,3.595,3.676,0.646,0.589
2026-03-18,4.305,4.315,3.655,3.701,0.65,0.614
2026-03-19,4.295,4.328,3.7,3.707,0.595,0.621
2026-03-20,4.455,4.437,3.737,3.759,0.718,0.678
2026-03-23,4.402,4.415,3.707,3.746,0.695,0.669
2026-03-24,4.448,4.456,3.77,3.764,0.677,0.692
2026-03-25,4.38,4.411,3.749,3.74,0.631,0.672
2026-03-26,4.484,4.489,3.828,3.775,0.656,0.714
2026-03-27,4.497,4.492,3.756,3.773,0.741,0.718
2026-03-30,4.398,4.42,3.711,3.739,0.686,0.681
2026-03-31,4.347,4.368,3.693,3.714,0.654,0.654
2026-04-01,4.39,4.388,3.705,3.724,0.685,0.664
2026-04-02,4.358,4.373,3.7,3.718,0.658,0.655
2026-04-03,4.403,4.407,3.733,3.735,0.67,0.672
2026-04-06,4.386,4.405,3.741,3.736,0.645,0.669
2026-04-07,4.375,4.387,3.709,3.726,0.667,0.661
2026-04-08,4.339,4.357,3.693,3.711,0.646,0.646
2026-04-09,4.341,4.348,3.681,3.706,0.66,0.642
2026-04-10,4.366,4.367,3.692,3.715,0.674,0.652
2026-04-13,4.343,4.354,3.68,3.711,0.663,0.643
2026-04-14,4.293,4.315,3.663,3.693,0.63,0.622
2026-04-15,4.322,4.326,3.67,3.7,0.652,0.626
2026-04-16,4.354,4.349,3.665,3.711,0.689,0.638
2026-04-17,4.29,4.303,3.623,3.687,0.667,0.616
2026-04-20,4.291,4.301,3.635,3.689,0.655,0.612
2026-04-21,4.331,4.337,3.677,3.706,0.655,0.631
2026-04-22,4.341,4.352,3.686,3.712,0.655,0.64
2026-04-23,4.38,4.388,3.709,3.729,0.671,0.66
2026-04-24,4.346,4.364,3.674,3.716,0.673,0.648
2026-04-27,4.384,4.387,3.686,3.727,0.698,0.66
2026-04-28,4.404,4.414,3.717,3.74,0.687,0.675
2026-04-29,4.469,4.475,3.767,3.767,0.702,0.708
2026-04-30,4.448,4.462,3.729,3.758,0.719,0.704
2026-05-01,4.441,4.46,3.74,3.756,0.701,0.704
2026-05-04,4.506,4.51,3.777,3.781,0.729,0.729
2026-05-05,4.485,4.506,3.777,3.778,0.708,0.728
2026-05-06,4.407,4.444,3.739,3.748,0.668,0.696
2026-05-07,4.454,4.468,3.767,3.759,0.687,0.709
2026-05-08,4.422,4.45,3.759,3.75,0.663,0.7
2026-05-11,4.473,4.485,3.788,3.768,0.685,0.717
2026-05-12,4.531,4.536,3.81,3.792,0.721,0.744
2026-05-13,4.531,4.543,3.798,3.795,0.733,0.749
2026-05-14,4.53,4.551,3.822,3.797,0.708,0.755
2026-05-15,4.68,4.658,3.858,3.847,0.822,0.812
2026-05-18,4.686,4.689,3.856,3.859,0.83,0.829
2026-05-19,4.756,4.748,3.877,3.886,0.88,0.862
2026-05-20,4.647,4.679,3.836,3.849,0.81,0.83
2026-05-21,4.648,4.678,3.868,3.85,0.781,0.828
2026-05-22,4.641,4.68,3.912,3.851,0.729,0.829
2026-05-26,4.568,4.614,3.864,3.82,0.704,0.794
2026-05-27,4.552,4.584,3.86,3.806,0.692,0.779
2026-05-28,4.524,4.557,3.86,3.793,0.663,0.764
2026-05-29,4.513,4.538,3.848,3.784,0.665,0.754
2026-06-01,4.542,4.56,3.879,3.797,0.663,0.763
2026-06-02,4.523,4.552,3.885,3.794,0.638,0.758
2026-06-03,4.565,4.58,3.904,3.807,0.662,0.773
2026-06-04,4.542,4.565,3.882,3.799,0.66,0.765
2026-06-05,4.625,4.636,3.957,3.834,0.668,0.802
2026-06-08,4.632,4.65,3.947,3.842,0.685,0.808
2026-06-09,4.602,4.628,3.932,3.83,0.67,0.798
2026-06-10,4.62,4.634,3.93,3.833,0.69,0.801
2026-06-11,4.517,4.559,3.896,3.796,0.621,0.763
2026-06-12,4.55,4.567,3.912,3.8,0.638,0.767
2026-06-15,4.528,4.55,3.896,3.792,0.632,0.757
2026-06-16,4.482,4.516,3.897,3.777,0.585,0.739
2026-06-17,4.549,4.581,4.011,3.814,0.538,0.767
2026-06-18,4.507,4.553,3.999,3.801,0.508,0.752
2026-06-22,4.563,4.584,4.032,3.82,0.531,0.765
2026-06-23,4.55,4.569,4.007,3.813,0.543,0.757
2026-06-24,4.449,4.494,3.984,3.776,0.465,0.718
2026-06-25,4.432,4.46,3.964,3.761,0.468,0.699
2026-06-26,4.413,4.43,3.938,3.745,0.476,0.685
2026-06-29,4.413,4.428,3.953,3.75,0.46,0.678
2026-06-30,4.477,4.47,3.966,3.773,0.511,0.697
2026-07-01,4.528,4.516,3.981,3.794,0.547,0.722
2026-07-02,4.541,4.528,3.953,3.796,0.588,0.732
2026-07-06,4.526,4.522,3.934,3.796,0.592,0.726
2026-07-07,4.595,4.577,3.967,3.824,0.628,0.753
2026-07-08,4.624,4.612,3.977,3.841,0.646,0.771
2026-07-09,4.599,4.598,3.949,3.831,0.649,0.767
2026-07-10,4.624,4.622,3.977,3.844,0.647,0.779
2026-07-13,4.678,4.673,4.016,3.872,0.661,0.801
2026-07-14,4.642,4.643,3.963,3.854,0.678,0.789
2026-07-15,4.605,4.607,3.922,3.834,0.683,0.773
2026-07-16,4.626,4.622,3.936,3.841,0.689,0.78
2026-07-17,4.608,4.621,3.956,3.842,0.652,0.779
2026-07-20,4.656,4.655,3.971,3.862,0.685,0.793
2026-07-21,4.696,4.696,4.004,3.884,0.692,0.812
2026-07-22,4.735,4.735,4.031,3.904,0.703,0.831
2026-07-23,4.777,4.779,4.059,3.93,0.718,0.849
2026-07-24,4.748,4.762,4.044,3.924,0.704,0.838
2026-07-27,4.711,4.734,4.048,3.913,0.663,0.821
2026-07-28,4.667,4.688,4.02,3.888,0.647,0.8
2026-07-29,4.738,4.708,3.966,3.89,0.771,0.818
2026-07-30,4.75,4.729,3.967,3.896,0.783,0.833
2026-07-31,4.823,4.792,3.987,3.924,0.836,0.868
2026-08-03,4.765,4.771,3.978,3.917,0.787,0.853
2026-08-04,4.696,4.712,3.945,3.891,0.752,0.822
2026-08-05,4.695,4.698,3.94,3.885,0.755,0.813
2026-08-06,4.753,4.745,3.979,3.909,0.774,0.836
2026-08-07,4.718,4.721,3.939,3.895,0.779,0.826
2026-08-10,4.785,4.77,3.965,3.921,0.82,0.849
2026-08-11,4.77,4.769,3.952,3.921,0.818,0.848
2026-08-12,4.759,4.758,3.934,3.914,0.825,0.844
2026-08-13,4.706,4.716,3.903,3.893,0.803,0.823
2026-08-14,4.762,4.748,3.91,3.909,0.851,0.839
2026-08-17,4.795,4.778,3.901,3.924,0.894,0.854
2026-08-18,4.779,4.78,3.909,3.925,0.869,0.855
2026-08-19,4.711,4.746,3.94,3.908,0.771,0.838
2026-08-20,4.756,4.764,3.941,3.917,0.815,0.848
2026-08-21,4.802,4.804,3.963,3.936,0.839,0.868
2026-08-24,4.766,4.794,3.979,3.931,0.787,0.863
2026-08-25,4.696,4.737,3.959,3.902,0.737,0.835
2026-08-26,4.724,4.743,3.975,3.903,0.749,0.839
2026-08-27,4.738,4.754,3.981,3.907,0.757,0.847
2026-08-28,4.794,4.815,4.068,3.939,0.727,0.876
2026-08-31,4.817,4.831,4.055,3.951,0.763,0.88
2026-09-01,4.867,4.871,4.085,3.971,0.782,0.9
2026-09-02,4.837,4.868,4.114,3.969,0.723,0.899
2026-09-03,4.788,4.824,4.03,3.943,0.757,0.881
2026-09-04,4.803,4.838,4.123,3.949,0.68,0.889
2026-09-08,4.82,4.845,4.061,3.953,0.76,0.892
2026-09-09,4.822,4.86,4.115,3.96,0.707,0.9
2026-09-10,4.942,4.96,4.182,4.012,0.76,0.948
2026-09-11,4.948,4.993,4.231,4.032,0.718,0.961
2026-09-14,4.952,5,4.255,4.042,0.697,0.959
2026-09-15,4.975,5.014,4.266,4.05,0.709,0.964
2026-09-16,4.985,5.034,4.315,4.062,0.67,0.972
2026-09-17,4.904,4.969,4.293,4.03,0.611,0.94
2026-09-18,4.971,5.008,4.335,4.048,0.636,0.96
2026-09-21,4.919,,4.339,,0.58,
2026-09-22,4.919,,4.344,,0.576,
2026-09-23,5.071,,4.426,,0.645,
2026-09-24,5.144,,4.414,,0.73,
