date,type,outstanding,held_by_fed,held_privately,outstanding_10y,held_by_fed_10y,held_privately_10y
2009-12-31,bill,1793.4800733,12.137564999999999,1781.3425083000002,61.23605435507231,0.0596951823667845,61.176359172705524
2009-12-31,bond,717.8880406,169.6546216,548.233419,974.9716782595574,206.45246702180677,768.5192112377506
2009-12-31,inflation_protected,568.05531506231,50.51538223941,517.5399328229,473.705441881361,46.803619618271554,426.9018222630895
2009-12-31,note,4181.0660253,534.4966794999999,3646.5693457999996,1667.339196263926,223.68583418774412,1443.6533620761818
2010-01-31,bill,1689.452255,12.137564999999999,1677.31469,55.35679780635094,0.04708313998196859,55.30971466636897
2010-01-31,bond,731.3930401,170.1593767,561.2336634,991.379482572249,205.05196244181602,786.327520130433
2010-01-31,inflation_protected,564.27134152154,49.32444233508,514.94689918646,479.43072941674495,46.69270396856234,432.73802544818255
2010-01-31,note,4202.5080887,536.7895492,3665.7185395,1649.1109302660548,219.76574020294547,1429.3451900631094
2010-02-28,bill,1736.4549189,12.137564999999999,1724.3173539,53.88483747598742,0.04702090059961876,53.8378165753878
2010-02-28,bond,749.1897209,171.95614559999999,577.2335753,1030.5086197781795,209.50748796915556,821.001131809024
2010-02-28,inflation_protected,571.43495161823,49.25451592283,522.1804356954,493.6203849926101,46.05656101057056,447.5638239820396
2010-02-28,note,4308.395448599999,534.0155383,3774.3799103,1718.129923608692,221.10172765934854,1497.0281959493434
2010-03-31,bill,1843.4777541,18.422636699999998,1825.0551174,52.418086043286145,0.0813796033356848,52.33670643995046
2010-03-31,bond,762.343869,172.1099496,590.2339194,1051.186266802826,208.87817426067596,842.3080925421499
2010-03-31,inflation_protected,573.19904892433,49.41038756892,523.78866135541,494.21404229594975,46.16268836060278,448.051353935347
2010-03-31,note,4566.0149049,536.7617933,4029.2531116,1846.9256667929853,221.7945323830259,1625.1311344099595
2010-04-30,bill,1847.529489,16.004608700000002,1831.5248803,52.42690029182671,0.06943686959408828,52.35746342223263
2010-04-30,bond,776.2955304000001,173.0616011,603.2339293,1073.069961946669,209.18018649106617,863.889775455603
2010-04-30,inflation_protected,561.20709445765,46.03666961623,515.1704248414201,505.67203771165424,46.5121095104262,459.159928201228
2010-04-30,note,4704.2407972,536.4444191,4167.7963781,1889.1456627385326,217.94469705367368,1671.2009656848588
2010-05-31,bill,1855.5173765,16.004608700000002,1839.5127678000001,48.20562148014808,0.052611176926336316,48.15301030322175
2010-05-31,bond,793.6898931,174.4560573,619.2338358,1107.7830942504,211.53615210875566,896.2469421416444
2010-05-31,inflation_protected,563.21787354543,46.431444326299996,516.78642921913,492.23486807151437,45.44900010120176,446.78586797031267
2010-05-31,note,4701.5523421,535.1116311,4166.440711,1861.3788203492695,214.84358345674747,1646.535236892522
2010-06-30,bill,1782.5251361,18.422636699999998,1764.1024994000002,45.377957473347976,0.05848058167237507,45.3194768916756
2010-06-30,bond,806.7648712,174.5310858,632.2337854000001,1125.0501127026937,209.3131100645681,915.7370026381257
2010-06-30,inflation_protected,564.4619158015701,46.542846574429994,517.91906922714,480.90294857383964,44.471046014164806,436.43190255967477
2010-06-30,note,4938.334339700001,537.4920993999999,4400.8422402999995,1933.8528811844908,209.88454359856414,1723.9683375859265
2010-07-31,bill,1790.5028961,12.484645700000002,1778.0182504,50.274895064894764,0.04460468360758661,50.230290381287176
2010-07-31,bond,819.7685748,174.5347771,645.2337977,1138.9553717598903,207.13453791801797,931.8208338418724
2010-07-31,inflation_protected,576.91110778701,46.57879074524,530.33231704177,490.8366889464853,44.22077875179134,446.615910194694
2010-07-31,note,4946.9271352000005,534.0700117,4412.8571235,1918.5068894865672,204.74705544663712,1713.75983403993
2010-08-31,bill,1825.5178108999999,12.484645700000002,1813.0331652,48.028470584771995,0.03193820656380009,47.996532378208194
2010-08-31,bond,836.7267597,175.4929085,661.2338512,1179.3175929794759,209.2448460001442,970.0727469793317
2010-08-31,inflation_protected,583.63889687928,46.54560310437999,537.0932937749001,493.8456150163256,42.90047944653221,450.94513556979336
2010-08-31,note,5148.2588597,541.368109,4606.890750699999,1979.607660682374,204.22073506882526,1775.3869256135486
2010-09-30,bill,1788.4524787999999,14.641090700000001,1773.8113881000002,50.18814549064906,0.06311161475557434,50.12503387589349
2010-09-30,bond,849.8674433,177.6075448,672.2598985,1193.0726652761418,209.2221330788805,983.8505321972614
2010-09-30,inflation_protected,593.83984084517,47.80417115522,546.0356696899499,501.1288383846778,44.32458303089698,456.80425535378083
2010-09-30,note,5255.8443822,564.6842112,4691.160171,2022.6196172698092,214.10462478485874,1808.5149924849504
2010-10-31,bill,1768.4598089,14.641090700000001,1753.8187182,48.49663578628628,0.05042907490511911,48.44620671138116
2010-10-31,bond,862.9818915999999,182.5067872,680.4751044,1201.0545186133838,213.53143735743518,987.5230812559487
2010-10-31,inflation_protected,604.65328539317,48.58412317354,556.06916221963,507.08087503687585,45.28512548066661,461.7957495562093
2010-10-31,note,5260.796407100001,586.3049926,4674.4914145,2016.3088259817655,222.82878361839238,1793.480042363373
2010-11-30,bill,1775.4556195,14.641090700000001,1760.8145288,47.30048133361782,0.04085723140838343,47.25962410220943
2010-11-30,bond,879.4110257,190.2458178,689.1652079,1238.8431435720602,223.05407372189072,1015.7890698501697
2010-11-30,inflation_protected,615.35260945589,50.687976896680006,564.66463255921,514.9577947275897,47.031120594046996,467.9266741335427
2010-11-30,note,5467.7468564,637.9792933,4829.7675631,2126.2489851432047,251.48878640209614,1874.7601987411083
2010-12-31,bill,1772.5274562,12.137564999999999,1760.3898912,49.40164456500614,0.05417915107396247,49.34746541393218
2010-12-31,bond,892.6001615,206.6509087,685.9492528000001,1269.0597966122905,240.33594986620318,1028.7238467460872
2010-12-31,inflation_protected,616.10553906598,54.30210390927,561.80343515671,520.3300907191999,51.72448792889145,468.6056027903084
2010-12-31,note,5571.707490299999,731.7638413,4839.943649,2203.0512944605866,305.51899602455467,1897.5322984360319
2011-01-31,bill,1760.5437334,12.137564999999999,1748.4061684,47.44548097233524,0.04262193004015189,47.402859042295084
2011-01-31,bond,905.8850803,214.6708022,691.2142781,1279.037994105459,247.84833137119492,1031.189662734264
2011-01-31,inflation_protected,615.81357962119,56.42072554679,559.3928540744,534.4876969756446,56.99101471965331,477.49668225599123
2011-01-31,note,5672.142736600001,822.7018502,4849.440886400001,2246.3726050417627,355.8211422825552,1890.5514627592074
2011-02-28,bill,1767.5198603000001,12.137564999999999,1755.3822953,47.10858877397264,0.042626189464530055,47.06596258450811
2011-02-28,bond,922.2512411,225.2389155,697.0123255999999,1324.2274666210199,261.3069584066385,1062.9205082143815
2011-02-28,inflation_protected,626.34343106958,60.25917879344,566.08425227614,556.200188746359,61.80014115066987,494.40004759568916
2011-02-28,note,5750.7857417000005,903.571779,4847.2139627,2289.620640576095,400.8558726152729,1888.7647679608222
2011-03-31,bill,1698.5004084999998,16.004608700000002,1682.4957998,48.492222900838094,0.07375171299560616,48.418471187842485
2011-03-31,bond,935.2500587000001,236.8009155,698.4491432000001,1341.4052009711952,274.64266237972095,1066.7625385914744
2011-03-31,inflation_protected,640.83980845703,65.79787669315,575.0419317638799,567.1525657059605,70.3154997723204,496.8370659336401
2011-03-31,note,5847.8304242,1007.4901067,4840.3403175,2322.053710618631,452.97666858202075,1869.0770420366105
2011-04-30,bill,1610.4899804,16.004608700000002,1594.4853717,45.73284505596435,0.06287559838764059,45.669969457576705
2011-04-30,bond,948.8900254,247.3188474,701.5711779999999,1357.5595882292705,285.5817280064293,1071.9778602228412
2011-04-30,inflation_protected,635.4293295749501,65.00434777095,570.424981804,571.2098331828672,74.01151500058957,497.19831818227766
2011-04-30,note,5844.5516205,1076.4746458,4768.0769747,2287.989197741314,483.8993593950384,1804.0898383462754
2011-05-31,bill,1578.5044162000002,16.004608700000002,1562.4998075,43.265755869412516,0.04672482705141459,43.2190310423611
2011-05-31,bond,964.8900293,255.2438474,709.6461819,1389.760680082765,295.7270180866847,1094.0336619960804
2011-05-31,inflation_protected,653.81844899426,68.89586424339,584.92258475087,575.1625869469177,78.03222947381686,497.13035747310084
2011-05-31,note,6054.6989788,1167.5061906,4887.1927882,2354.144051879863,529.0643691271396,1825.0796827527236
2011-06-30,bill,1531.494456,12.484645700000002,1519.0098103,46.59710775967645,0.05305829989123023,46.544049459785214
2011-06-30,bond,977.8855348999999,260.9168474,716.9686875,1403.0914917073683,299.9689226703905,1103.122569036978
2011-06-30,inflation_protected,665.52345401843,74.27946259357,591.2439914248599,596.095855429629,83.07444797531346,513.0214074543155
2011-06-30,note,6151.2236017000005,1260.0282778,4891.1953239,2394.8692033480206,576.7594942686648,1818.109709079356
2011-07-31,bill,1492.4963649,12.484645700000002,1480.0117192,42.95316543632478,0.040280068718563385,42.912885367606215
2011-07-31,bond,990.8855327,265.0938474,725.7916853,1415.2239466520628,301.9977043335298,1113.226242318533
2011-07-31,inflation_protected,681.5044764150199,74.83204643921,606.67242997581,603.4419270652514,82.90531019291717,520.5366168723342
2011-07-31,note,6144.3406744,1276.8646099,4867.476064500001,2332.876019513315,567.9490850794234,1764.9269344338918
2011-08-31,bill,1493.5095593,18.422636699999998,1475.0869226,40.780123093622834,0.06768673364133682,40.712436359981496
2011-08-31,bond,1007.3753331,266.8627758,740.5125573,1453.5172843296104,303.61989345813635,1149.897390871474
2011-08-31,inflation_protected,693.76607245965,76.2353717955,617.5307006641499,588.8902398996305,80.85427340079755,508.035966498833
2011-08-31,note,6318.6335062,1290.5925768,5028.0409294,2359.0906791961384,554.6186816502568,1804.4719975458818
2011-09-30,bill,1477.5048411999999,14.641090700000001,1462.8637505000002,42.240698848559504,0.05666594641076489,42.18403290214874
2011-09-30,bond,1020.3744509,267.7927758,752.5816751,1495.0166508149593,304.4729572909992,1190.5436935239602
2011-09-30,inflation_protected,705.6926013596801,76.90269044095,628.78991091873,586.6119838206411,79.91458490879211,506.6973989118489
2011-09-30,note,6412.4530422,1298.1119216,5114.3411206,2349.80992383519,540.4672084217679,1809.3427154134224
2011-10-31,bill,1482.5023915,14.641090700000001,1467.8613008,41.97614673552682,0.04396951766428264,41.93217721786254
2011-10-31,bond,1033.3743700999999,281.9797758,751.3945943,1512.5495320064092,325.6227281859564,1186.9268038204527
2011-10-31,inflation_protected,715.18291367468,77.34205142565,637.84086224903,611.0374542880381,83.95168412949025,527.0857701585478
2011-10-31,note,6506.9517992,1296.2368559000001,5210.7149433,2400.4667402260698,553.0471387904571,1847.4196014356125
2011-11-30,bill,1512.4775466,18.422636699999998,1494.0549099,41.39825621713857,0.06016081807360819,41.33809539906496
2011-11-30,bond,1050.5986406,302.4030194,748.1956211999999,1554.4145646639033,361.50194770003753,1192.9126169638657
2011-11-30,inflation_protected,727.80238241588,78.25249099166,649.54989142422,614.7856649074494,87.54042890402162,527.2452360034277
2011-11-30,note,6578.9177172,1272.9603171,5305.9574001,2428.0520078849527,558.6690407089515,1869.382967176001
2011-12-31,bill,1520.5168342,12.137564999999999,1508.3792692,42.52658763365853,0.04673347163799107,42.47985416202054
2011-12-31,bond,1064.0744137,318.45379249999996,745.6206212,1572.7933756287725,386.3836553499788,1186.4097202787937
2011-12-31,inflation_protected,738.75542804465,78.08513458423,660.67029346042,607.4480525242036,89.09983179226072,518.348220731943
2011-12-31,note,6543.575370400001,1253.924570761,5289.650799639,2380.7244025449068,559.1838584932462,1821.5405440516604
2012-01-31,bill,1525.4452666,12.137564999999999,1513.3077016,41.20151825363412,0.03565509250330377,41.165863161130815
2012-01-31,bond,1077.996814,329.28444540000004,748.7123686,1585.4666614215812,400.73278389993936,1184.7338775216417
2012-01-31,inflation_protected,745.6715311651001,77.86888785069,667.80264331441,619.7774261105054,92.22620898915959,527.5512171213459
2012-01-31,note,6711.276278699999,1233.8073877000002,5477.4688909999995,2446.5429261867093,560.9387476380944,1885.6041785486148
2012-02-29,bill,1610.4156925,18.422636699999998,1591.9930557999999,42.70995884689715,0.07406040856702348,42.63589843833013
2012-02-29,bond,1095.9477287999998,348.18733030000004,747.7603985000001,1631.409045602315,440.20396460426286,1191.2050809980522
2012-02-29,inflation_protected,753.03939556609,77.95405388146,675.0853416846301,643.785468608245,96.02230257562218,547.7631660326228
2012-02-29,note,6754.3750033,1217.0367076,5537.338295699999,2499.3782995202664,580.2608517357926,1919.1174477844736
2012-03-31,bill,1674.4349276,16.004608700000002,1658.4303189,45.724540955412955,0.059725623887029365,45.66481533152593
2012-03-31,bond,1109.8503919,364.9709861,744.8794058,1649.7587680876102,467.57930825217346,1182.1794598354368
2012-03-31,inflation_protected,769.03644526571,77.82465539187,691.2117898738401,659.4882662275373,99.22718409159624,560.261082135941
2012-03-31,note,6714.6018715,1201.3428201,5513.2590514,2501.477827591719,590.3605830692751,1911.1172445224436
2012-04-30,bill,1613.425143,16.004608700000002,1597.4205342999999,43.78249430255076,0.04919369882478832,43.73330060372597
2012-04-30,bond,1125.2158582,380.3484442,744.8674139999999,1669.8119542438938,491.2521374352844,1178.5598168086094
2012-04-30,inflation_protected,769.6073006626799,76.41849591626,693.18880474642,658.5063290133302,100.77505152349731,557.7312774898329
2012-04-30,note,6883.3089230000005,1189.4870604999999,5693.8218625,2546.080052407338,598.278694438537,1947.8013579688009
2012-05-31,bill,1605.4205155,12.484645700000002,1592.9358698,46.59018913224023,0.04913772232164538,46.54105140991859
2012-05-31,bond,1142.2168768,398.0524084,744.1644684,1716.695318658464,524.8583149688287,1191.8370036896351
2012-05-31,inflation_protected,788.54796270978,77.30879804642,711.23916466336,660.4402482619026,101.55488225111834,558.8853660107843
2012-05-31,note,6941.4674036,1162.8894649000001,5778.5779387,2533.4508425048652,592.5951640223437,1940.8556784825216
2012-06-30,bill,1596.4014329,12.484645700000002,1583.9167871999998,45.441526406312306,0.041880139077244534,45.399646267235056
2012-06-30,bond,1156.1346335,414.067272,742.0673615,1736.1069018107587,550.5983843668645,1185.508517443894
2012-06-30,inflation_protected,798.08947374125,77.75016938424,720.33930435701,678.3599862091583,103.43186160626227,574.928124602896
2012-06-30,note,6905.744688299999,1155.2791667,5750.465521599999,2515.7890077913767,606.0587893177352,1909.7302184736413
2012-07-31,bill,1580.9918651,0,1580.9918651,43.25320188680545,0,43.25320188680545
2012-07-31,bond,1169.1345438,425.293272,743.8412718,1756.1097348218602,570.4045164129662,1185.7052184088939
2012-07-31,inflation_protected,782.9207550014299,78.97918734292,703.94156765851,686.3976977441115,105.37167598475766,581.0260217593539
2012-07-31,note,7067.1107397999995,1139.5819982,5927.5287416,2561.6030774309047,603.5595418770146,1958.0435355538903
2012-08-31,bill,1663.0049887,0,1663.0049887,45.077282077017884,0,45.077282077017884
2012-08-31,bond,1185.1347634,441.521272,743.6134913999999,1793.273098793658,602.4836938492774,1190.7894049443805
2012-08-31,inflation_protected,795.94694521906,80.39942831024001,715.5475169088201,687.7947935345952,108.25773548617934,579.5370580484159
2012-08-31,note,7105.748678399999,1113.9365246,5991.8121538000005,2595.7104804405894,614.7435492000373,1980.966931240552
2012-09-30,bill,1616.0083848,0,1616.0083848,44.20657674483995,0,44.20657674483995
2012-09-30,bond,1198.1299571,455.750272,742.3796851,1807.2245305410563,624.3865831696145,1182.837947371442
2012-09-30,inflation_protected,807.76483955274,81.74875251157,726.01608704117,696.6733342771366,111.28980546602779,585.3835288111089
2012-09-30,note,7067.6618803,1110.078798,5957.5830823,2575.5669299430524,623.1075713832879,1952.4593585597645
2012-10-31,bill,1622.0042101000001,0,1622.0042101000001,43.00524155904263,0,43.00524155904263
2012-10-31,bond,1211.1299761,470.006272,741.1237040999999,1828.3033911090529,649.1940930773051,1179.1092980317478
2012-10-31,inflation_protected,819.01605005346,82.31510361371001,736.70094643975,717.2304781495515,114.62331085469489,602.6071672948565
2012-10-31,note,7228.1287647,1093.0124521999999,6135.1163125,2645.4640881664295,626.7275056299412,2018.7365825364884
2012-11-30,bill,1694.9888203,0,1694.9888203,45.02705867995602,0,45.02705867995602
2012-11-30,bond,1227.1249819,482.604272,744.5207099,1863.187587078766,672.9735676516483,1190.2140194271176
2012-11-30,inflation_protected,835.77608791713,84.19380481121001,751.5822831059199,723.0328785125372,117.32387802229694,605.7090004902403
2012-11-30,note,7267.7049704,1079.746913,6187.9580574,2660.102488526579,627.6170074339003,2032.4854810926786
2012-12-31,bill,1628.970154,0,1628.970154,43.48669761621241,0,43.48669761621241
2012-12-31,bond,1240.1239847,499.491272,740.6327127000001,1882.2873578254917,705.4655669873066,1176.821790838185
2012-12-31,inflation_protected,849.84358997109,85.67757106449,764.1660189065999,726.5609234654369,120.36158776855778,606.1993356968791
2012-12-31,note,7327.0757202,1071.3789774,6255.6967428,2693.674125097355,636.2024190239893,2057.471706073366
2013-01-31,bill,1607.9475419,0,1607.9475419,45.11856527886549,0,45.11856527886549
2013-01-31,bond,1253.1239853999998,511.311272,741.8127134,1900.6940410723867,723.7716161833914,1176.9224248889952
2013-01-31,inflation_protected,860.93529750348,86.77839933783,774.15689816565,742.1158543736149,124.1943588393523,617.9214955342626
2013-01-31,note,7386.1253421,1111.9664726,6274.1588695,2736.3861598343287,661.7931586132679,2074.593001221061
2013-02-28,bill,1741.9496588000002,0,1741.9496588000002,46.794016474185746,0,46.794016474185746
2013-02-28,bond,1269.1238219000002,524.674272,744.4495499,1937.52660122961,749.1342191971505,1188.3923820324594
2013-02-28,inflation_protected,867.66915764014,87.96056910022,779.70858853992,756.5334301058734,126.65622409184095,629.8772060140325
2013-02-28,note,7422.4219707,1136.9087631999998,6285.513207499999,2748.3933927301314,668.895990854124,2079.4974018760076
2013-03-31,bill,1790.9518646,0,1790.9518646,45.22298060317607,0,45.22298060317607
2013-03-31,bond,1282.1238574000001,538.564272,743.5595854,1951.849735056856,768.1603930467861,1183.6893420100698
2013-03-31,inflation_protected,882.79253129718,89.74020231169001,793.05232898549,763.0842698576681,129.54605554960096,633.5382143080672
2013-03-31,note,7377.8078059,1166.1539048,6211.6539011,2710.047955216523,677.2648564903632,2032.7830987261598
2013-04-30,bill,1694.9489247000001,0,1694.9489247000001,43.380945354376735,0,43.380945354376735
2013-04-30,bond,1295.1237439,550.857272,744.2664719,1972.791877636179,786.0679897310617,1186.7238879051172
2013-04-30,inflation_protected,891.5693037759299,92.16747809022,799.4018256857099,766.4984212142563,132.36037253429112,634.1380486799651
2013-04-30,note,7527.930351200001,1193.2017122,6334.728639000001,2749.8246223529163,681.2137633183846,2068.6108590345316
2013-05-31,bill,1606.9394282,0,1606.9394282,46.536209730376356,0,46.536209730376356
2013-05-31,bond,1311.1237735,565.267272,745.8565015,2014.98381205323,815.9651701321308,1199.018641921099
2013-05-31,inflation_protected,907.16979685904,94.27009797703,812.89969888201006,785.6019367405315,136.3883094125294,649.2136273280022
2013-05-31,note,7564.8897412,1224.0197612000002,6340.86998,2829.1393697702047,709.3389675609163,2119.800402209288
2013-06-30,bill,1569.9492802,0,1569.9492802,45.39785790272095,0,45.39785790272095
2013-06-30,bond,1324.1237767999999,578.939272,745.1845048,2043.1120979884176,840.4716083766269,1202.6404896117906
2013-06-30,inflation_protected,913.4784847427401,95.61531702875,817.8631677139899,806.5116853265821,140.46431213002566,666.0473731965565
2013-06-30,note,7523.408131900001,1253.8598633000001,6269.5482686000005,2838.1749612918097,730.9796001070126,2107.195361184797
2013-07-31,bill,1555.9573464,0,1555.9573464,43.64046355976606,0,43.64046355976606
2013-07-31,bond,1337.1230625,594.449272,742.6737905,2054.5080160511857,861.473442918533,1193.0345731326527
2013-07-31,inflation_protected,904.5958142109699,97.34423347773,807.25158073324,822.6499377010692,144.5014013007026,678.1485364003667
2013-07-31,note,7680.0430023,1290.6133514,6389.4296509,2907.766141662354,747.498621997352,2160.267519665002
2013-08-31,bill,1637.963716,0,1637.963716,45.16600762530375,0,45.16600762530375
2013-08-31,bond,1353.1219204,607.094272,746.0276484,2105.83105834989,892.6482707678946,1213.1827875819956
2013-08-31,inflation_protected,922.83654772184,99.00019207969,823.83635564215,830.2966425934269,149.3231670818036,680.9734755116233
2013-08-31,note,7606.5776865,1317.5138465,6289.06384,2901.0614788608796,763.1600873882933,2137.9013914725865
2013-09-30,bill,1529.9713388,0,1529.9713388,42.97732298091632,0,42.97732298091632
2013-09-30,bond,1366.1219391,620.367272,745.7546671,2108.8178035017354,905.6693080201942,1203.148495481541
2013-09-30,inflation_protected,936.37908654371,100.53893125959999,835.84015528411,832.5469993678429,151.52999916135192,681.0170002064909
2013-09-30,note,7757.9116511,1341.0963351,6416.815315999999,2942.969448356171,765.5342694547055,2177.4351789014654
2013-10-31,bill,1544.9611486,0,1544.9611486,46.552606667474535,0,46.552606667474535
2013-10-31,bond,1379.1220308999998,637.407272,741.7147589,2122.7227403964853,930.9241139865125,1191.798626409973
2013-10-31,inflation_protected,944.60224318748,102.16605600594,842.4361871815399,844.6421895332148,154.6286274330863,690.0135621001285
2013-10-31,note,7811.2361593000005,1378.1760173,6433.060142,2940.5345880882774,777.3170729778676,2163.2175151104097
2013-11-30,bill,1620.9552720000002,0,1620.9552720000002,46.6698172765785,0,46.6698172765785
2013-11-30,bond,1395.117074,652.577272,742.539802,2159.2514298652636,960.5210364732268,1198.730393392037
2013-11-30,inflation_protected,958.74328602137,103.72386445795,855.01942156342,855.9471830688833,158.6151162763215,697.3320667925618
2013-11-30,note,7737.3410738,1407.3643063999998,6329.9767674,2935.5290470709515,795.5070014729246,2140.0220455980266
2013-12-31,bill,1591.9512038,0,1591.9512038,45.45446046371971,0,45.45446046371971
2013-12-31,bond,1408.1167807,666.476272,741.6405087,2185.5402317453822,986.6515156752495,1198.8887160701327
2013-12-31,inflation_protected,972.59584972604,104.90441994979,867.6914297762501,862.5755068344355,163.1137692454869,699.4617375889485
2013-12-31,note,7881.6946307,1437.3946405,6444.2999902,3026.2325710078603,814.6378492692453,2211.594721738615
2014-01-31,bill,1485.9762304,0,1485.9762304,44.04062467685464,0,44.04062467685464
2014-01-31,bond,1421.1168178,676.936272,744.1805458,2200.0754836883157,1000.0272925137782,1200.0481911745374
2014-01-31,floating_rate,15.0000775,0,15.0000775,0,0,0
2014-01-31,inflation_protected,959.0985164192599,105.96123550212,853.13728091714,859.0365552915972,164.0962613267769,694.9402939648203
2014-01-31,note,7929.0542855,1460.2773977000002,6468.7768878,2981.267896618493,806.2684515644952,2174.999445053998
2014-02-28,bill,1613.9717737,0,1613.9717737,45.568474279896925,0,45.568474279896925
2014-02-28,bond,1437.1165726000002,686.548272,750.5683005999999,2245.1764062915386,1024.307340088173,1220.8690662033655
2014-02-28,floating_rate,28.0001665,0,28.0001665,0,0,0
2014-02-28,inflation_protected,967.98381218528,106.92489588747,861.05891629781,877.3023072516712,166.7048976474285,710.5974096042427
2014-02-28,note,7949.2951638,1484.4877744,6464.8073894,3001.5189113462943,814.3783765185265,2187.140534827768
2014-03-31,bill,1651.9681036,0,1651.9681036,42.29966347423076,0,42.29966347423076
2014-03-31,bond,1450.1166844,697.979272,752.1374124,2268.3595230918277,1044.9475651250823,1223.4119579667456
2014-03-31,floating_rate,41.0003172,0,41.0003172,0,0,0
2014-03-31,inflation_protected,984.47818861726,108.46079285712,876.0173957601401,887.6119881385126,169.0532675310763,718.5587206074364
2014-03-31,note,7992.8535752,1505.0969904,6487.7565848,3012.57982870728,817.1041875384653,2195.475641168814
2014-04-30,bill,1483.9700656,0,1483.9700656,40.55580478010279,0,40.55580478010279
2014-04-30,bond,1463.1166971,708.052272,755.0644251,2285.9451931924277,1060.1366091922598,1225.808584000168
2014-04-30,floating_rate,56.0005639,0,56.0005639,0,0,0
2014-04-30,inflation_protected,989.2167918483201,109.88309447114999,879.33369737717,892.2879222536006,171.25727081319562,721.030651440405
2014-04-30,note,8034.122281000001,1532.3365767999999,6501.7857042,3010.3586104945816,821.7781520432042,2188.5804584513776
2014-05-31,bill,1448.9837279,0,1448.9837279,42.31903235307891,0,42.31903235307891
2014-05-31,bond,1479.1118437999999,713.468272,765.6435718,2321.843827304419,1071.7496000166357,1250.0942272877835
2014-05-31,floating_rate,68.995128,0,68.995128,0,0,0
2014-05-31,inflation_protected,1008.4366644009399,111.27815322473,897.15851117621,896.0639476022602,172.01499675294318,724.0489508493171
2014-05-31,note,7956.6443125999995,1545.9407383,6410.7035743,2951.677084141834,814.6700293246633,2137.0070548171702
2014-06-30,bill,1387.9860645,0,1387.9860645,41.02579775799201,0,41.02579775799201
2014-06-30,bond,1492.1118409,721.133272,770.9785688999999,2339.867227466737,1082.0466326240162,1257.8205948427208
2014-06-30,floating_rate,81.9953971,0,81.9953971,0,0,0
2014-06-30,inflation_protected,1019.18699713459,112.48581482764,906.7011823069499,912.088437992366,173.79592969555347,738.2925082968127
2014-06-30,note,8089.2495401,1563.3524525999999,6525.8970875,3009.76086756147,814.319213890856,2195.4416536706144
2014-07-31,bill,1409.9861303999999,0,1409.9861303999999,42.386953128320464,0,42.386953128320464
2014-07-31,bond,1505.1088115999999,728.181272,776.9275396,2361.0022661248845,1091.895493490808,1269.1067726340764
2014-07-31,floating_rate,96.9954947,0,96.9954947,0,0,0
2014-07-31,inflation_protected,1013.7961229126801,113.53950165024,900.25662126244,927.2806273397038,175.66978728918212,751.6108400505217
2014-07-31,note,8123.2979316,1578.5244945,6544.7734371,3016.2628767133983,812.9040452894452,2203.3588314239532
2014-08-31,bill,1451.9972424999999,0,1451.9972424999999,41.502712798596136,0,41.502712798596136
2014-08-31,bond,1521.1088115,733.516272,787.5925394999999,2404.611373291919,1104.8891280823907,1299.7222452095284
2014-08-31,floating_rate,109.9956612,0.004873000000000001,109.9907882,0,0,0
2014-08-31,inflation_protected,1031.88777231417,114.28316014312,917.60461217105,919.8969598889514,174.9491698648028,744.9477900241486
2014-08-31,note,8041.4235468,1588.1333072,6453.2902396,2951.525406068679,800.1686841362701,2151.356721932409
2014-09-30,bill,1410.9795915000002,0,1410.9795915000002,40.708144911173235,0,40.708144911173235
2014-09-30,bond,1534.1088624,738.067272,796.0415904,2423.888115848321,1109.4086415076351,1314.4794743406858
2014-09-30,floating_rate,122.9904191,0.004873000000000001,122.98554610000001,0,0,0
2014-09-30,inflation_protected,1044.72718279587,114.76817298639,929.95900980948,928.3643821620773,175.2942127928059,753.0701693692714
2014-09-30,note,8167.7198103,1595.7944842999998,6571.9253260000005,3024.173067818854,796.9539971091083,2227.2190707097457
2014-10-31,bill,1413.944774,0,1413.944774,42.121455805093646,0,42.121455805093646
2014-10-31,bond,1547.1088414,742.288272,804.8205694,2435.6326131568308,1109.203896519161,1326.42871663767
2014-10-31,floating_rate,137.9906092,0.004873000000000001,137.9857362,0,0,0
2014-10-31,inflation_protected,1050.16422897597,114.86655640766,935.2976725683101,931.3730982225895,174.08095291878456,757.2921453038049
2014-10-31,note,8199.6792033,1604.4196916,6595.2595117,3002.440421076214,782.9201307734982,2219.520290302716
2014-11-30,bill,1439.9216597,0,1439.9216597,41.79756247504333,0,41.79756247504333
2014-11-30,bond,1563.1302326,742.3096236,820.820609,2477.865461136451,1111.877273448257,1365.9881876881936
2014-11-30,floating_rate,150.99068160000002,0.004873000000000001,150.98580859999998,0,0,0
2014-11-30,inflation_protected,1063.84807321824,114.93211674217,948.9159564760699,929.1781063841306,171.9229548792207,757.25515150491
2014-11-30,note,8111.562799599999,1604.3981174,6507.164682199999,2946.8057844126533,765.6959161298751,2181.1098682827783
2014-12-31,bill,1457.8846694000001,0,1457.8846694000001,40.519749776146746,0,40.519749776146746
2014-12-31,bond,1576.1302418,742.3096236,833.8206182,2507.673694262637,1111.393508627447,1396.2801856351898
2014-12-31,floating_rate,163.99078279999998,0.004873000000000001,163.9859098,0,0,0
2014-12-31,inflation_protected,1077.55441774145,114.65196700105,962.9024507404,924.2532211991767,170.48917905302696,753.7640421461497
2014-12-31,note,8229.1474782,1604.3972102,6624.750268,2988.6240352252694,750.1042921286285,2238.519743096641
2015-01-31,bill,1412.8864816999999,0,1412.8864816999999,40.098561004194266,0,40.098561004194266
2015-01-31,bond,1589.1297329,742.3096236,846.8201093,2517.5792203932424,1100.6719405997092,1416.9072797935335
2015-01-31,floating_rate,163.99078279999998,0.004873000000000001,163.9859098,0,0,0
2015-01-31,inflation_protected,1063.72725210961,114.09280922121,949.6344428884,910.9181887549166,166.10936254448387,744.8088262104327
2015-01-31,note,8162.1919479,1604.3966718,6557.795276100001,2878.3365339785278,719.7074461357556,2158.629087842772
2015-02-28,bill,1472.8873148999999,0,1472.8873148999999,41.23546971145524,0,41.23546971145524
2015-02-28,bond,1594.6100328,742.3094943,852.3005385,2561.6510511321435,1105.1438331365912,1456.5072179955525
2015-02-28,floating_rate,191.9912396,0.004873000000000001,191.9863666,0,0,0
2015-02-28,inflation_protected,1067.0702045590501,113.45556919493,953.61463536412,938.2558205755612,166.93947630797635,771.3163442675849
2015-02-28,note,8152.0442247,1604.3965767999998,6547.6476479,2935.7065169399557,719.4016013908528,2216.304915549103
2015-03-31,bill,1477.8991606,0,1477.8991606,39.62716971575088,0,39.62716971575088
2015-03-31,bond,1607.6100341000001,742.3094943,865.3005398,2576.928856240306,1098.1526695259554,1478.7761867143504
2015-03-31,floating_rate,204.99145199999998,0.004873000000000001,204.986579,0,0,0
2015-03-31,inflation_protected,1075.22373779611,112.95611364765999,962.26762414845,935.0523199422718,164.56557570927325,770.4867442329984
2015-03-31,note,8264.3943262,1604.3949153,6659.9994109,2973.0815863796483,703.2457770030502,2269.835809376598
2015-04-30,bill,1432.9342005,0,1432.9342005,43.29130726337472,0,43.29130726337472
2015-04-30,bond,1620.6100429,742.3094943,878.3005486,2582.350868439341,1088.2566729991393,1494.0941954402017
2015-04-30,floating_rate,220.0463723,0.004873000000000001,220.0414993,0,0,0
2015-04-30,inflation_protected,1074.2420865501201,113.32585674739,960.9162298027301,945.0341299106875,165.37657229696998,779.6575576137176
2015-04-30,note,8283.9849565,1603.9443091,6680.0406474,2989.568592749734,692.7645689154984,2296.8040238342355
2015-05-31,bill,1446.9579133,0,1446.9579133,42.04134634318697,0,42.04134634318697
2015-05-31,bond,1636.9719438,742.6713734,894.3005704,2616.032601308437,1088.4516065904597,1527.580994717977
2015-05-31,floating_rate,233.0463928,0.0597438,232.986649,0,0,0
2015-05-31,inflation_protected,1092.75936766513,113.99602117058001,978.76334649455,953.5645810873801,164.9670359477431,788.597545139637
2015-05-31,note,8188.7331601,1603.911452,6584.8217081,2963.4762295537635,683.6920378370678,2279.7841917166957
2015-06-30,bill,1394.9910748999998,0,1394.9910748999998,41.22686525082676,0,41.22686525082676
2015-06-30,bond,1649.9717564,742.6713734,907.300383,2631.983216745724,1083.749987710382,1548.2332290353415
2015-06-30,floating_rate,246.0461463,0.0597438,245.9864025,0,0,0
2015-06-30,inflation_protected,1102.3547297801101,114.26864521468,988.0860845654299,975.2706288113279,165.58697509941203,809.6836537119159
2015-06-30,note,8305.340747,1603.9103708,6701.4303762,3041.4167988515796,676.6327053676097,2364.78409348397
2015-07-31,bill,1439.98829,0,1439.98829,42.03491106808242,0,42.03491106808242
2015-07-31,bond,1662.9717575,742.6713734,920.3003841,2651.27311035522,1078.6607347278007,1572.6123756274196
2015-07-31,floating_rate,261.04627,0.0597438,260.9865262,0,0,0
2015-07-31,inflation_protected,1101.92905853679,114.86026167985,987.06879685694,981.4724783535843,164.60165012669145,816.8708282268929
2015-07-31,note,8335.1068486,1603.9094228000001,6731.1974258,3018.581930315406,657.2411780912842,2361.340752224122
2015-08-31,bill,1423.9746393,0,1423.9746393,40.307763394722514,0,40.307763394722514
2015-08-31,bond,1675.2694887999999,742.7756136,932.4938752,2692.7967127809093,1081.671258899701,1611.1254538812086
2015-08-31,floating_rate,274.0460236,0.0597438,273.98627980000003,0,0,0
2015-08-31,inflation_protected,1122.1479911348601,115.2352520439,1006.91273909096,983.6184779474777,164.35235902299303,819.2661189244847
2015-08-31,note,8338.7201984,1603.8047571999998,6734.9154412,3030.2776635088117,646.0782686773232,2384.1993948314885
2015-09-30,bill,1357.9965754,0,1357.9965754,37.605925100258204,0,37.605925100258204
2015-09-30,bond,1688.2688225,742.7756136,945.4932089,2699.432857848798,1072.086444340409,1627.3464135083889
2015-09-30,floating_rate,287.04583710000003,0.0597438,286.9860933,0,0,0
2015-09-30,inflation_protected,1135.43087341983,115.30804488189,1020.12282853794,978.6338302197137,161.73254508342873,816.901285136285
2015-09-30,note,8372.6185975,1603.8040991,6768.8144984,3011.6804721728004,627.7833915685952,2383.8970806042053
2015-10-31,bill,1272.9975487,0,1272.9975487,37.278423214005926,0,37.278423214005926
2015-10-31,bond,1701.2688277,742.7756136,958.4932140999999,2718.2320552188207,1067.7075110431003,1650.5245441757202
2015-10-31,floating_rate,287.04583710000003,0.0597438,286.9860933,0,0,0
2015-10-31,inflation_protected,1141.01275658944,115.16046342773,1025.8522931617101,994.0736738799495,161.93088483332176,832.1427890466277
2015-10-31,note,8317.9015545,1603.8036246,6714.0979299,2976.13159917011,615.6730172919071,2360.4585818782025
2015-11-30,bill,1505.974413,0,1505.974413,37.87059458009225,0,37.87059458009225
2015-11-30,bond,1711.7656495,742.5316350999999,969.2340144,2759.336500253769,1070.0846604288652,1689.2518398249038
2015-11-30,floating_rate,315.045845,0.0597438,314.98610119999995,0,0,0
2015-11-30,inflation_protected,1152.23505796427,114.98932010875001,1037.24573785552,998.3809268989779,161.0817999652278,837.2991269337501
2015-11-30,note,8422.5464423,1604.0474785,6818.4989638,3037.2647403352676,604.7851119374176,2432.4796283978503
2015-12-31,bill,1513.9567956,0,1513.9567956,38.364482976276314,0,38.364482976276314
2015-12-31,bond,1724.7656528,742.5316350999999,982.2340177,2775.8589235607387,1064.7184182744584,1711.1405052862801
2015-12-31,floating_rate,328.0412624,0.0597438,327.9815186,0,0,0
2015-12-31,inflation_protected,1167.92375949347,114.91537402015,1053.00838547332,996.2506149724543,160.0013935704569,836.2492214019974
2015-12-31,note,8456.7927272,1604.0471252,6852.745602,3041.372711104712,591.449228301549,2449.923482803163
2016-01-31,bill,1477.9332935,0,1477.9332935,36.49326652980121,0,36.49326652980121
2016-01-31,bond,1737.7606384,742.5316350999999,995.2290032999999,2780.2412865880697,1053.8203794294354,1726.4209071586342
2016-01-31,floating_rate,287.0409457,0.0597438,286.9812019,0,0,0
2016-01-31,inflation_protected,1160.3578793466302,114.70252280904,1045.65535653759,987.5574945213236,156.7307599922666,830.826734529057
2016-01-31,note,8402.0938432,1602.1356897,6799.9581535,2950.5500043401616,568.5438054390794,2382.0061989010824
2016-02-29,bill,1551.9466928000002,0,1551.9466928000002,37.32385288464279,0,37.32385288464279
2016-02-29,bond,1748.5017061,741.5284412999999,1006.9732648,2817.0021454424214,1056.2145507012815,1760.7875947411396
2016-02-29,floating_rate,315.3135573,0.3328061,314.9807512,0,0,0
2016-02-29,inflation_protected,1165.98951971925,114.34691976191,1051.6425999573398,995.5726490686203,155.0115104068348,840.5611386617855
2016-02-29,note,8515.9008505,1573.1642361000002,6942.736614400001,2995.662071592326,554.9932899049197,2440.6687816874064
2016-03-31,bill,1617.9591673,0,1617.9591673,42.072832783545486,0,42.072832783545486
2016-03-31,bond,1760.5016061,741.5284412999999,1018.9731648,2834.210963415135,1051.569202776012,1782.6417606391228
2016-03-31,floating_rate,328.3136217,0.3328061,327.98081559999997,0,0,0
2016-03-31,inflation_protected,1181.1278870367798,116.80784361779,1064.32004341899,1004.9952638279342,161.6581595475808,843.3371042803534
2016-03-31,note,8543.1614981,1579.0700471,6964.091451,3009.2791955192306,556.7488271769984,2452.530368342232
2016-04-30,bill,1526.9554849,0,1526.9554849,39.605315903041515,0,39.605315903041515
2016-04-30,bond,1772.5810537999998,741.6128889,1030.9681649,2846.37130982575,1045.4853065684333,1800.8860032573166
2016-04-30,floating_rate,287.3235464,0.3328061,286.9907403,0,0,0
2016-04-30,inflation_protected,1156.80009501373,119.12120844997,1037.67888656376,1007.8360356904449,164.2740853861328,843.561950304312
2016-04-30,note,8459.3349254,1572.9748849,6886.3600405,2968.7173719684915,554.5645745782648,2414.1527973902266
2016-05-31,bill,1523.9564859,0,1523.9564859,37.96304389554404,0,37.96304389554404
2016-05-31,bond,1772.1497487,739.380943,1032.7688057,2897.791952874892,1056.2477446241555,1841.5442082507368
2016-05-31,floating_rate,319.3096094,4.3189007,314.9907087,0,0,0
2016-05-31,inflation_protected,1175.38862253572,119.5448474141,1055.84377512162,1013.7065738111546,163.32823645445936,850.3783373566953
2016-05-31,note,8587.6422577,1573.1441461,7014.498111600001,3047.397550672329,560.5929165512711,2486.8046341210584
2016-06-30,bill,1507.9466240000002,0,1507.9466240000002,39.12851202130173,0,39.12851202130173
2016-06-30,bond,1784.1497309000001,739.380943,1044.7687879,2905.230216469404,1046.665228956969,1858.5649875124348
2016-06-30,floating_rate,332.30962589999996,4.3189007,327.9907252,0,0,0
2016-06-30,inflation_protected,1186.71620625395,123.01669163189,1063.6995146220602,1009.3565497013624,163.84003003814595,845.5165196632164
2016-06-30,note,8606.5692324,1582.0197159,7024.5495165,3004.049965169267,549.1395872200958,2454.9103779491716
2016-07-31,bill,1549.9318782,0,1549.9318782,39.31541256559991,0,39.31541256559991
2016-07-31,bond,1796.9310374999998,740.1625298,1056.7685076999999,2927.7284449101357,1044.278158291869,1883.450286618267
2016-07-31,floating_rate,291.3095988,4.3140277,286.9955711,0,0,0
2016-07-31,inflation_protected,1180.51299603876,120.55823688891,1059.9547591498501,1018.6496334032314,165.91225057403355,852.7373828291978
2016-07-31,note,8527.682439200002,1590.5350055,6937.1474337,2951.694710568134,542.0114436881444,2409.6832668799893
2016-08-31,bill,1632.9483923,0,1632.9483923,40.33103016494157,0,40.33103016494157
2016-08-31,bond,1813.467397,741.6989547999999,1071.7684422,2980.0868581817795,1052.3681920051686,1927.718666176611
2016-08-31,floating_rate,320.357213,5.3615366,314.9956764,0,0,0
2016-08-31,inflation_protected,1200.0031933464502,121.99814640189,1078.00504694456,1026.1031477802376,167.3402556616509,858.7628921185866
2016-08-31,note,8619.19285,1594.5865296,7024.606320399999,3025.0464263603835,542.0206180190629,2483.0258083413205
2016-09-30,bill,1646.9636212,0,1646.9636212,44.596929813189334,0,44.596929813189334
2016-09-30,bond,1825.4674132999999,741.6989547999999,1083.7684585,2983.825649547709,1043.3615419878647,1940.4641075598443
2016-09-30,floating_rate,334.1496917,5.3615366,328.78815510000004,0,0,0
2016-09-30,inflation_protected,1209.96681574011,121.81325472686001,1088.1535610132498,1028.0609297818216,166.2660071559612,861.7949226258605
2016-09-30,note,8630.9544153,1587.7591922,7043.1952231000005,3028.1750411403855,528.8419845621776,2499.3330565782076
2016-10-31,bill,1752.9483682,0,1752.9483682,45.489400684989434,0,45.489400684989434
2016-10-31,bond,1837.4674443,741.6989547999999,1095.7684895,2996.1920778113713,1038.283940576184,1957.9081372351873
2016-10-31,floating_rate,309.0561663,6.1539955,302.9021708,0,0,0
2016-10-31,inflation_protected,1216.2927846759399,122.56764270698,1093.7251419689599,1044.65256064703,167.93749561201696,876.7150650350129
2016-10-31,note,8641.1900613,1586.5945261,7054.5955352,3057.990559059707,523.0039025094788,2534.986656550228
2016-11-30,bill,1872.9540697999998,0,1872.9540697999998,46.60136871081307,0,46.60136871081307
2016-11-30,bond,1836.9638131,736.4167733999999,1100.5470397,3058.7425816608807,1054.8337150669238,2003.908866593957
2016-11-30,floating_rate,322.05616810000004,7.060801499999999,314.9953666,0,0,0
2016-11-30,inflation_protected,1231.3909907833402,124.35784635788,1107.0331444254598,1073.3233638744307,173.03768038353073,900.2856834909
2016-11-30,note,8645.004704399998,1596.025885,7048.9788194,3147.9638837992616,537.3876038245874,2610.5762799746744
2016-12-31,bill,1817.962855,0,1817.962855,46.338372741756345,0,46.338372741756345
2016-12-31,bond,1848.9638429000001,736.3717733999999,1112.5920695,3073.565804368686,1049.7651956416487,2023.8006087270371
2016-12-31,floating_rate,335.0562,7.060801499999999,327.9953985,0,0,0
2016-12-31,inflation_protected,1247.20272399534,124.49790896353001,1122.7048150318099,1072.9211547609916,172.46355622204953,900.4575985389421
2016-12-31,note,8562.8982366,1583.9690615999998,6978.929175,3106.7759944909935,523.9739964436915,2582.8019980473023
2017-01-31,bill,1761.978384,0,1761.978384,43.05979965232894,0,43.05979965232894
2017-01-31,bond,1861.6287708,737.0366991,1124.5920717,3085.9657917890154,1044.7987693624905,2041.1670224265247
2017-01-31,floating_rate,310.00676539999995,7.060801499999999,302.94596390000004,0,0,0
2017-01-31,inflation_protected,1238.60486584187,121.25550212653,1117.34936371534,1078.0696445261003,171.59898280521503,906.4706617208852
2017-01-31,note,8678.442271299999,1590.7528834,7087.689387900001,3153.829933496237,516.4811853796393,2637.3487481165976
2017-02-28,bill,1752.9625193,0,1752.9625193,41.94388435488719,0,41.94388435488719
2017-02-28,bond,1878.3606605,738.768607,1139.5920535,3131.155783531447,1050.8456277199311,2080.310155811516
2017-02-28,floating_rate,323.00666379999996,8.012016599999999,314.99464720000003,0,0,0
2017-02-28,inflation_protected,1246.89987125892,122.07401142785,1124.8258598310701,1089.4621087856488,171.5815084470106,917.8806003386381
2017-02-28,note,8684.597548,1581.4261673,7103.1713807,3158.958670373802,508.9552870201811,2650.003383353621
2017-03-31,bill,1756.9599712,0,1756.9599712,45.98918720273557,0,45.98918720273557
2017-03-31,bond,1890.3606547000002,738.9686069999999,1151.3920477,3138.4539191579843,1043.9769991860223,2094.476919971962
2017-03-31,floating_rate,337.5803807,8.012016599999999,329.5683641,0,0,0
2017-03-31,inflation_protected,1266.3338138639401,123.72419358688,1142.60962027706,1097.7849112595725,174.30016240916146,923.484748850411
2017-03-31,note,8702.3358398,1580.0712697000001,7122.2645701,3161.8356778795264,501.0658611148971,2660.7698167646295
2017-04-30,bill,1741.9904248,0,1741.9904248,45.254827134715796,0,45.254827134715796
2017-04-30,bond,1902.4592748,739.0672391,1163.3920357,3141.781777137305,1035.3151338309342,2106.4666433063708
2017-04-30,floating_rate,296.5256864,9.5309999,286.9946865,0,0,0
2017-04-30,inflation_protected,1238.5443422986,124.98969987014,1113.55464242846,1094.4480788622488,174.70635338991917,919.7417254723297
2017-04-30,note,8621.9634412,1577.0836136,7044.879827600001,3096.267629966813,489.81710680937783,2606.4505231574353
2017-05-31,bill,1747.958274,0,1747.958274,44.30185397441295,0,44.30185397441295
2017-05-31,bond,1906.8507107,736.6908863,1170.1598244,3191.801366327908,1047.0884212039173,2144.7129451239907
2017-05-31,floating_rate,326.572437,11.5782755,314.99416149999996,0,0,0
2017-05-31,inflation_protected,1252.34227490828,126.47909620946,1125.86317869882,1092.2893158177928,174.37361398653943,917.9157018312535
2017-05-31,note,8735.8312946,1589.9473054,7145.8839892,3153.1392598199063,496.3293532035631,2656.8099066163436
2017-06-30,bill,1717.9576493,0,1717.9576493,47.107796124985285,0,47.107796124985285
2017-06-30,bond,1918.8503024,736.6908863,1182.1594161,3219.035123366354,1045.7149879781698,2173.3201353881846
2017-06-30,floating_rate,341.1526714,11.5782755,329.5743959,0,0,0
2017-06-30,inflation_protected,1261.64509317113,126.82928649812,1134.8158066730098,1104.0233112135713,174.17828542463877,929.8450257889326
2017-06-30,note,8758.279273299999,1577.0624986999999,7181.2167746000005,3165.7837588148177,484.09787171685724,2681.6858870979604
2017-07-31,bill,1757.9560890999999,0,1757.9560890999999,46.00130816188688,0,46.00130816188688
2017-07-31,bond,1931.1242208,736.9647931999999,1194.1594276,3219.4466549066246,1036.9133128234612,2182.5333420831635
2017-07-31,floating_rate,316.6784202,13.1584877,303.5199325,0,0,0
2017-07-31,inflation_protected,1260.61137610641,126.28264289501001,1134.3287332114,1110.7752364169075,175.1716685605632,935.6035678563443
2017-07-31,note,8782.272318399999,1576.9693883,7205.302930100001,3161.199935828325,475.1799289048452,2686.0200069234797
2017-08-31,bill,1747.922,0,1747.922,47.204322653428534,0,47.204322653428534
2017-08-31,bond,1939.6691364,735.3330996,1204.3360367999999,3268.3694496902776,1047.7074567168245,2220.661992973453
2017-08-31,floating_rate,329.6783553,14.6836071,314.9947482,0,0,0
2017-08-31,inflation_protected,1276.29533241573,127.73446489854,1148.56086751719,1101.508340054749,175.1396137850829,926.3687262696661
2017-08-31,note,8788.4671845,1584.3514117999998,7204.1157727,3148.9216523395667,472.0088724350727,2676.912779904494
2017-09-30,bill,1801.9358112,0,1801.9358112,48.34654129004128,0,48.34654129004128
2017-09-30,bond,1951.6690166,735.3330996,1216.3359169999999,3290.880681836706,1045.6806174340302,2245.2000644026757
2017-09-30,floating_rate,342.678811,14.6836071,327.99520390000004,0,0,0
2017-09-30,inflation_protected,1286.51580121665,128.10071173450999,1158.41508948214,1111.080515930148,175.6061607972371,935.4743551329111
2017-09-30,note,8714.5475588,1576.3630089,7138.1845499,3127.3159346443836,463.69678911750515,2663.6191455268786
2017-10-31,bill,1855.9282925,0,1855.9282925,47.34984105457587,0,47.34984105457587
2017-10-31,bond,1963.6681935000001,735.3330996,1228.3350939,3304.1865942436625,1040.2203289901533,2263.9662652535094
2017-10-31,floating_rate,317.05873479999997,14.6836071,302.3751277,0,0,0
2017-10-31,inflation_protected,1295.39650976627,128.40107785974,1166.99543190653,1121.0498487358623,175.62717318635873,945.4226755495034
2017-10-31,note,8830.0949829,1578.608161,7251.4868219,3174.850283269109,455.27911744446897,2719.57116582464
2017-11-30,bill,1970.9095032999999,0,1970.9095032999999,50.23729454304857,0,50.23729454304857
2017-11-30,bond,1980.4919367,737.1570816000001,1243.3348551000001,3361.1803718365213,1049.1758110580859,2312.0045607784355
2017-11-30,floating_rate,330.0518369,15.0588126,314.9930243,0,0,0
2017-11-30,inflation_protected,1313.8525052725,129.26083461845,1184.5916706540502,1129.3576991110847,176.1782784788237,953.179420632261
2017-11-30,note,8830.7070084,1567.613186,7263.0938224,3189.004926316783,447.948643052622,2741.0562832641613
2017-12-31,bill,1955.9321433,0,1955.9321433,49.051569029786286,0,49.051569029786286
2017-12-31,bond,1992.4910015,736.9570816,1255.5339198999998,3379.036894399392,1043.9261749101365,2335.1107194892556
2017-12-31,floating_rate,343.0518802,15.0588126,327.9930676,0,0,0
2017-12-31,inflation_protected,1327.52822228309,129.81423334542,1197.71398893767,1124.3048671796914,175.84707730280596,948.4577898768856
2017-12-31,note,8758.2539451,1554.8848661,7203.369079,3131.0996528574333,435.03898500646517,2696.060667850968
2018-01-31,bill,1966.9389391,0,1966.9389391,49.70823715451416,0,49.70823715451416
2018-01-31,bond,2004.8969442,737.3634706,1267.5334736,3406.2719062313613,1044.271218425402,2362.0006878059594
2018-01-31,floating_rate,318.9839992,16.990298,301.99370120000003,0,0,0
2018-01-31,inflation_protected,1323.05946530319,128.61977313262,1194.43969217057,1146.1247373022684,179.37175358766675,966.7529837146016
2018-01-31,note,8889.1376491,1557.7173052,7331.420343899999,3222.3955641339444,442.0194882020696,2780.3760759318748
2018-02-28,bill,2077.9659205,0,2077.9659205,52.84987913057265,0,52.84987913057265
2018-02-28,bond,2023.9191844,740.3875457,1283.5316387,3456.0840979885293,1054.201029931619,2401.8830680569104
2018-02-28,floating_rate,333.9849917,16.990298,316.9946937,0,0,0
2018-02-28,inflation_protected,1331.02514909373,130.35686501520001,1200.66828407853,1168.1211877754042,184.92246177735754,983.1987259980467
2018-02-28,note,8899.5190383,1536.5070901,7363.0119482,3270.6491149878493,448.14524259692706,2822.5038723909224
2018-03-31,bill,2288.9685423,0,2288.9685423,59.12695210686993,0,59.12695210686993
2018-03-31,bond,2036.9191765,740.3875457,1296.5316308,3470.0544552206447,1047.326728024435,2422.72772719621
2018-03-31,floating_rate,333.9849917,16.990298,316.9946937,0,0,0
2018-03-31,inflation_protected,1348.81741673117,130.99820212571,1217.81921460546,1166.7159877240763,183.66067858985548,983.0553091342209
2018-03-31,note,8827.0233935,1505.3059639,7321.7174296,3197.886950359521,430.79459889428006,2767.092351465241
2018-04-30,bill,2168.9865654,0,2168.9865654,58.42773787524409,0,58.42773787524409
2018-04-30,bond,2049.9414498,740.4098328,1309.5316169999999,3491.9055914303854,1044.656019249262,2447.2495721811233
2018-04-30,floating_rate,325.81081439999997,15.646560299999999,310.1642541,0,0,0
2018-04-30,inflation_protected,1319.4446495991601,131.22290320701998,1188.22174639214,1182.3932797361263,185.2326631992016,997.1606165369247
2018-04-30,note,8974.1821404,1491.5922712000001,7482.589869199999,3283.8052917857503,428.9346883524114,2854.870603433339
2018-05-31,bill,2183.9817205,0,2183.9817205,60.67657371337801,0,60.67657371337801
2018-05-31,bond,2064.3221946,740.6190881,1323.7031065,3543.5091175430616,1053.8442453111354,2489.664872231926
2018-05-31,floating_rate,341.8109135,17.8163859,323.9945276,0,0,0
2018-05-31,inflation_protected,1335.5923328875301,133.66067386299,1201.93165902454,1179.5667537659667,184.5779298398703,994.9888239260965
2018-05-31,note,9002.1599659,1466.5278475,7535.6321184,3291.166068548599,428.2474827055368,2862.9185858430624
2018-06-30,bill,2157.9803364,0,2157.9803364,59.5617080297093,0,59.5617080297093
2018-06-30,bond,2078.3222238999997,740.6190881,1337.7031358000002,3560.9673072271753,1048.1811708463179,2512.7861363808574
2018-06-30,floating_rate,357.8109685,17.8163859,339.9945826,0,0,0
2018-06-30,inflation_protected,1345.7235486224101,136.08873590908,1209.63481271333,1188.0643463904044,186.36562962041785,1001.6987167699864
2018-06-30,note,8937.4329375,1453.2717831999998,7484.1611543,3243.283179955028,423.2102701771216,2820.0729097779063
2018-07-31,bill,2205.8955926999997,0,2205.8955926999997,58.78479974398197,0,58.78479974398197
2018-07-31,bond,2092.3756349,740.6735032,1351.7021317,3573.409001328125,1041.9771998673095,2531.4318014608157
2018-07-31,floating_rate,333.9485759,15.976418099999998,317.9721578,0,0,0
2018-07-31,inflation_protected,1347.76925320428,135.46381394464998,1212.30543925963,1202.1645163388193,186.6770422052944,1015.4874741335249
2018-07-31,note,9094.9036906,1437.476878,7657.4268126,3312.624220930779,417.375029785421,2895.249191145358
2018-08-31,bill,2340.9226584000003,0.1,2340.8226584,62.291566048885876,0.0019935591551352772,62.289572489730745
2018-08-31,bond,2112.7904403999996,743.0934146000001,1369.6970258,3623.0658882157686,1047.9171960526871,2575.1486921630817
2018-08-31,floating_rate,352.1416479,16.9538423,335.1878056,0,0,0
2018-08-31,inflation_protected,1365.23033175502,136.4831764875,1228.74715526752,1196.4258043875443,186.5041060563953,1009.9216983311491
2018-08-31,note,9120.3433787,1407.0265227999998,7713.3168559,3318.5808865070157,411.12692890662726,2907.453957600388
2018-09-30,bill,2239.9358671,0.1,2239.8358671,60.8048798345767,0.0010617663487234124,60.80381806822798
2018-09-30,bond,2127.7904635,743.0934146000001,1384.6970489,3641.4895802351275,1043.2802472568053,2598.2093329783224
2018-09-30,floating_rate,369.1417047,18.1520124,350.9896923,0,0,0
2018-09-30,inflation_protected,1376.42555078609,137.50624618660999,1238.91930459948,1204.690793075483,187.0559575264686,1017.6348355490144
2018-09-30,note,9061.8555134,1395.3497226,7666.5057908,3296.3274881661505,405.01744425621985,2891.3100439099308
2018-10-31,bill,2258.0009857,0.053,2257.9479857,59.07788933702421,1.3484093608788549e-4,59.077754496088126
2018-10-31,bond,2142.790416,743.0934146000001,1399.6970013999999,3640.095875300287,1033.7189055972856,2606.376969703001
2018-10-31,floating_rate,346.23525,17.2452064,328.9900436,0,0,0
2018-10-31,inflation_protected,1382.28756388465,137.58394402786,1244.7036198567898,1209.6274076028121,186.22842395123922,1023.398983651573
2018-10-31,note,9218.173095799999,1372.4233086000002,7845.7497872,3363.0060241057113,393.38886365970626,2969.6171604460046
2018-11-30,bill,2389.0996818,0,2389.0996818,61.19656544828859,0,61.19656544828859
2018-11-30,bond,2158.4895367,743.1260993,1415.3634373999998,3692.0118253504775,1041.7370928311732,2650.274732519304
2018-11-30,floating_rate,365.81577639999995,17.2452064,348.57057000000003,0,0,0
2018-11-30,inflation_protected,1395.89897251334,137.73309793468,1258.1658745786601,1203.334594608612,184.03945718171778,1019.2951374268943
2018-11-30,note,9240.396632,1330.0965422,7910.3000898,3372.7423664723087,387.6371671311801,2985.105199341129
2018-12-31,bill,2339.9921697,0,2339.9921697,56.26110624276141,0,56.26110624276141
2018-12-31,bond,2174.4895285999996,743.1260993,1431.3634293,3699.514859704906,1030.9960059154507,2668.518853789455
2018-12-31,floating_rate,383.8150941,18.8258741,364.98922,0,0,0
2018-12-31,inflation_protected,1412.5911454072002,138.92068917058998,1273.6704562366099,1180.8756754910885,181.32473480232818,999.5509406887603
2018-12-31,note,9297.010497,1321.6345122,7975.3759848,3331.283994704179,374.3815818392494,2956.90241286493
2019-01-31,bill,2299.0644633999996,0,2299.0644633999996,60.36334297757189,0,60.36334297757189
2019-01-31,bond,2190.4842273,743.1260993,1447.358128,3708.753919461174,1022.4309298501594,2686.3229896110147
2019-01-31,floating_rate,360.29025290000004,16.3008049,343.989448,0,0,0
2019-01-31,inflation_protected,1403.78719574245,136.42512075179,1267.36207499066,1178.9729215080772,179.67349943390803,999.2994220741691
2019-01-31,note,9355.812778000001,1309.9690249999999,8045.843752999999,3326.1143009907087,360.9300437690221,2965.1842572216865
2019-02-28,bill,2396.0415279,0,2396.0415279,61.62450733892467,0,61.62450733892467
2019-02-28,bond,2200.9683330000003,740.2047178,1460.7636151999998,3773.455187810684,1036.314288054179,2737.140899756505
2019-02-28,floating_rate,378.28515899999996,16.3008049,361.9843541,0,0,0
2019-02-28,inflation_protected,1407.7392643185199,135.99025029502,1271.7490140235,1196.166041720999,179.4726928839482,1016.6933488370506
2019-02-28,note,9376.2341671,1277.0671891999998,8099.1669779,3374.3059542432757,362.15148550282163,3012.1544687404544
2019-03-31,bill,2480.0347738,0,2480.0347738,59.485771975902416,0,59.485771975902416
2019-03-31,bond,2216.9682166999996,740.2047178,1476.7634989,3779.153164882937,1024.9780796891457,2754.1750851937913
2019-03-31,floating_rate,396.2850955,16.3008049,379.9842906,0,0,0
2019-03-31,inflation_protected,1420.96904066159,136.5852967907,1284.38374387089,1181.1340018465053,177.49991811462317,1003.634083731882
2019-03-31,note,9320.3965907,1260.1262405999998,8060.2703501000005,3277.6317004968205,347.6587587241596,2929.9729417726608
2019-04-30,bill,2383.9927061,0,2383.9927061,58.463223269327656,0,58.463223269327656
2019-04-30,bond,2232.9702411,740.2069409000001,1492.7633002,3792.8074018819334,1018.619130907894,2774.1882709740394
2019-04-30,floating_rate,371.9134909,12.6733171,359.2401738,0,0,0
2019-04-30,inflation_protected,1390.27525492822,137.07012114909,1253.20513377913,1188.886413243935,177.9593938483586,1010.9270193955765
2019-04-30,note,9491.3517988,1231.8471951,8259.5046037,3352.9837508540845,337.87046322624286,3015.1132876278416
2019-05-31,bill,2353.9458209,0.05,2353.8958209,57.33503059839635,2.607222124418542e-4,57.334769876183906
2019-05-31,bond,2258.4427299999998,746.6794357,1511.7632942999999,3848.1300503711145,1029.655703415239,2818.4743469558753
2019-05-31,floating_rate,391.8034645,12.928660299999999,378.8748042,0,0,0
2019-05-31,inflation_protected,1410.29580915042,138.12840311402002,1272.1674060364,1175.958733576584,175.1827393944199,1000.7759941821641
2019-05-31,note,9516.3552247,1196.9005722999998,8319.4546524,3333.3877695006063,336.19164299587896,2997.1961265047275
2019-06-30,bill,2250.9334481,0.005,2250.9284481,54.6204950950983,3.3050992874089474e-5,54.62046204410542
2019-06-30,bond,2274.4423785,746.6794357,1527.7629427999998,3849.032052511862,1018.7757071250115,2830.2563453868506
2019-06-30,floating_rate,409.8034854,14.8195244,394.983961,0,0,0
2019-06-30,inflation_protected,1432.4626083390401,139.98107797695002,1292.48153036209,1168.983402226616,174.81481575736078,994.168586469255
2019-06-30,note,9460.9233507,1187.3084908,8273.6148599,3266.3355580522234,329.1096688719886,2937.225889180235
2019-07-31,bill,2205.8964309999997,0.0023333,2205.8940976999997,53.03551947004119,4.2014080111593985e-6,53.035515268633176
2019-07-31,bond,2290.5786099,746.8156564,1543.7629535,3867.2108418898124,1013.0654772924961,2854.145364597316
2019-07-31,floating_rate,388.0673178,14.1389136,373.9284042,0,0,0
2019-07-31,inflation_protected,1432.53626040988,140.3012041384,1292.2350562714798,1178.3277626266736,175.1724310839461,1003.1553315427275
2019-07-31,note,9642.1843749,1179.4417412,8462.7426337,3329.455436488097,323.78080537119365,3005.674631116903
2019-08-31,bill,2331.9147162,3.001,2328.9137162,54.98761611090563,0.10189249760346078,54.88572361330216
2019-08-31,bond,2303.0361872,745.9810532,1557.055134,3938.386902628977,1037.1223566899987,2901.2645459389787
2019-08-31,floating_rate,406.0672189,14.1389136,391.92830530000003,0,0,0
2019-08-31,inflation_protected,1440.02600209748,140.32641429226,1299.6995878052198,1162.3062166546445,170.96897774917753,991.3372389054668
2019-08-31,note,9565.5699122,1177.0086469,8388.5612653,3241.0423807193883,335.47031023913155,2905.572070480257
2019-09-30,bill,2376.9575128,6.002,2370.9555128,55.75566906286863,0.27016270204613013,55.4855063608225
2019-09-30,bond,2319.0340159,748.5990532,1570.4349627000001,3965.592764869079,1038.7329665579182,2926.859798311161
2019-09-30,floating_rate,424.0671165,14.5399136,409.52720289999996,0,0,0
2019-09-30,inflation_protected,1455.6573166670898,142.47519106531,1313.1821256017802,1173.1529697896979,172.07103035059413,1001.0819394391037
2019-09-30,note,9762.7470233,1183.0811125,8579.6659108,3338.8760591609735,335.8814088777256,3002.9946502832477
2019-10-31,bill,2456.0749614,51.008,2405.0669614,59.610052510995494,2.360858216947152,57.249194294048344
2019-10-31,bond,2335.0340346999997,750.8230532,1584.2109815,3975.2862617077553,1034.143122064615,2941.1431396431403
2019-10-31,floating_rate,404.78482549999995,14.5657081,390.2191174,0,0,0
2019-10-31,inflation_protected,1474.4442255218598,145.51260963845,1328.93161588341,1171.3177461393702,176.72672393639132,994.5910222029788
2019-10-31,note,9834.9085549,1197.8994061,8637.0091488,3349.010399305589,336.7789558159646,3012.231443489625
2019-11-30,bill,2515.1276638000004,106.511,2408.6166638000004,59.09287869151769,4.882597890023207,54.210280801494484
2019-11-30,bond,2363.0278614,762.0887144000001,1600.9391469999998,4055.954981930144,1063.537464191556,2992.4175177385882
2019-11-30,floating_rate,422.784986,17.0577164,405.7272696,0,0,0
2019-11-30,inflation_protected,1487.53577520249,149.37975457326,1338.15602062923,1177.0644464117056,178.42591215776343,998.6385342539422
2019-11-30,note,9738.9824886,1204.485061,8534.4974276,3342.5986764984127,357.28033200053346,2985.318344497879
2019-12-31,bill,2416.863808,169.525,2247.338808,56.758501483064414,7.538678573981462,49.21982290908295
2019-12-31,bond,2379.0268164999998,764.3147144000001,1614.7121021,4069.336233577656,1061.8621804917195,3007.4740530859362
2019-12-31,floating_rate,440.8100596,17.4087164,423.4013432,0,0,0
2019-12-31,inflation_protected,1507.36483395303,152.8586539998,1354.50617995323,1182.4027322935715,183.83831262268725,998.5644196708843
2019-12-31,note,9929.1938838,1224.8262078,8704.367676000002,3428.453736686525,362.44886873525184,3066.0048679512734
2020-01-31,bill,2404.2903509,236.352,2167.9383509,58.88659414022358,9.454221492038617,49.43237264818496
2020-01-31,bond,2395.5387834999997,767.1106555,1628.428128,4073.2111397123613,1054.7978554712024,3018.4132842411586
2020-01-31,floating_rate,413.0264851,12.9508118,400.07567329999995,0,0,0
2020-01-31,inflation_protected,1499.57085149162,153.45343927457,1346.11741221705,1166.8332006367327,180.40703410638446,986.4261665303483
2020-01-31,note,9998.699238199999,1227.8799121000002,8770.8193261,3373.3591597638515,350.41199711624665,3022.9471626476047
2020-02-29,bill,2564.5826852,284.2955942,2280.287091,58.47595787702287,9.75622761332961,48.71973026369326
2020-02-29,bond,2413.5122954000003,771.2684462999999,1642.2438491,4126.2739289598285,1074.3523427020862,3051.921586257742
2020-02-29,floating_rate,431.02645529999995,15.4169983,415.609457,0,0,0
2020-02-29,inflation_protected,1506.2894103473,156.43723172012,1349.85217862718,1158.8076641321027,182.25111607357135,976.5565480585313
2020-02-29,note,9895.414783600001,1233.3181669,8662.096616699999,3298.510339913117,362.1522696814024,2936.358070231715
2020-03-31,bill,2657.4389337,325.6266853,2331.8122484,57.52606418089104,9.583573870983994,47.94249030990705
2020-03-31,bond,2429.5274365,850.7608309000001,1578.7666055999998,4103.347243612901,1193.1205981415462,2910.226645471355
2020-03-31,floating_rate,449.0265384,15.8179983,433.2085401,0,0,0
2020-03-31,inflation_protected,1525.47704264613,196.20288167062,1329.27416097551,1137.9473378191294,207.59157625194456,930.3557615671849
2020-03-31,note,10092.4607331,1572.7403267000002,8519.7204064,3307.5509028640026,465.18605130091623,2842.3648515630866
2020-04-30,bill,4001.7727910000003,318.9747272,3682.7980638,85.51535083782507,8.881943035941244,76.63340780188382
2020-04-30,bond,2446.5833752000003,996.2957839000001,1450.2875913,4124.354676294922,1452.9269091699975,2671.427767124924
2020-04-30,floating_rate,421.7672826,13.6351727,408.1321099,0,0,0
2020-04-30,inflation_protected,1492.91453851766,278.32801735397,1214.5865211636901,1138.96571655079,278.3602150511384,860.6055014996515
2020-04-30,note,10163.6900001,2343.3079565,7820.3820436000005,3311.2108266394976,717.4233662622468,2593.787460377251
2020-05-31,bill,4629.918226,316.43999180000003,4313.4782342,98.36093113201349,8.401815122086743,89.95911600992675
2020-05-31,bond,2472.6359477,1017.761857,1454.8740907000001,4194.374710535978,1506.2693094694391,2688.1054010665393
2020-05-31,floating_rate,441.7670408,15.5457461,426.22129470000004,0,0,0
2020-05-31,inflation_protected,1502.16569344172,294.2943682092,1207.87132523252,1136.5015963093197,291.78883725357423,844.7127590557454
2020-05-31,note,10073.9560157,2440.4337023999997,7633.522313300001,3303.2478041996083,764.8506746596047,2538.3971295400033
2020-06-30,bill,5079.6256586,315.2634703,4764.3621883000005,110.7297552725236,7.884214844229483,102.84554042829413
2020-06-30,bond,2533.3309128,1029.7086459,1503.6222668999999,4301.215449382776,1521.7472941552003,2779.468155227575
2020-06-30,floating_rate,461.7669522,15.5457461,446.2212061,0,0,0
2020-06-30,inflation_protected,1509.4844575484399,300.43633032203,1209.0481272264099,1127.5452430162231,293.96407592519705,833.5811670910259
2020-06-30,note,10314.4283026,2502.9652017999997,7811.463100800001,3400.430007134664,775.5133083742232,2624.916698760441
2020-07-31,bill,5078.9405027,313.88235840000004,4765.0581443,113.11858918756344,8.084933715851527,105.03365547171191
2020-07-31,bond,2572.9296299000002,1046.4176603,1526.5119696,4375.600518453643,1548.539082953048,2827.061435500595
2020-07-31,floating_rate,434.3236064,13.3691518,420.9544546,0,0,0
2020-07-31,inflation_protected,1486.7493744083401,306.02715267261,1180.72222173573,1129.502127894367,301.10576128600724,828.3963666083598
2020-07-31,note,10427.592193,2579.4321396,7848.1600534,3415.4715337790944,784.1798359072693,2631.2916978718254
2020-08-31,bill,5076.7210284,317.3712158,4759.3498125999995,108.59210986214575,7.903787460673781,100.68832240147196
2020-08-31,bond,2624.5057414000003,1060.6939874,1563.811754,4524.728319663726,1607.8867078724952,2916.8416117912316
2020-08-31,floating_rate,456.3238322,16.0964753,440.2273569,0,0,0
2020-08-31,inflation_protected,1501.87197970456,314.34555667842,1187.52642302614,1156.5065555953902,310.4124360476867,846.0941195477035
2020-08-31,note,10523.9952772,2625.7413906,7898.2538865999995,3523.1138575190735,829.4340088728545,2693.679848646219
2020-09-30,bill,5028.9072358,326.044,4702.8632357999995,106.7953418042031,7.5644800036030215,99.23086180060008
2020-09-30,bond,2673.4631381,1079.170295,1594.2928431,4607.251379426408,1634.2610129613115,2972.990366465096
2020-09-30,floating_rate,478.3238991,16.0964753,462.2274238,0,0,0
2020-09-30,inflation_protected,1523.1905911681001,328.97983661655,1194.2107545515498,1160.2968249144596,319.5022339541976,840.7945909602621
2020-09-30,note,10663.7270706,2695.1864099,7968.5406606999995,3566.852909090801,845.3636784317803,2721.4892306590204
2020-10-31,bill,4985.3391122,316.5577739,4668.7813383,108.77008987785544,7.506759393224007,101.26333048463144
2020-10-31,bond,2697.1065117000003,1090.3056677000002,1606.800844,4654.8327020267725,1651.5636296415423,3003.2690723852306
2020-10-31,floating_rate,421.74383770000003,14.5108076,407.23303009999995,0,0,0
2020-10-31,inflation_protected,1544.96387765202,337.8792542279,1207.08462342412,1170.0809545611182,327.06237299742236,843.0185815636959
2020-10-31,note,10627.1701787,2736.1670372000003,7891.0031415,3559.481479026737,853.6054428464481,2705.876036180289
2020-11-30,bill,4943.6630925,317.1510918,4626.5120007,105.50910959038886,7.549812378810397,97.95929721157847
2020-11-30,bond,2786.5896746,1111.7151688000001,1674.8745058,4845.186368191257,1697.9800145615172,3147.20635362974
2020-11-30,floating_rate,474.5022636,17.2692427,457.2330209,0,0,0
2020-11-30,inflation_protected,1561.22688555724,346.22062927054003,1215.0062562867001,1171.7598406171674,330.0894653012109,841.6703753159566
2020-11-30,note,10919.0994317,2776.4749888,8142.6244429,3721.1137040235794,874.8527079014688,2846.2609961221106
2020-12-31,bill,4964.139439500001,302.6140547,4661.5253848,114.5183651251255,7.438866300667748,107.07949882445774
2020-12-31,bond,2839.2633757,1135.9821081,1703.2812675999999,4941.851112333175,1737.8283250409722,3204.0227872922023
2020-12-31,floating_rate,498.5023684,17.2692427,481.23312569999996,0,0,0
2020-12-31,inflation_protected,1579.270102496,355.67862651963003,1223.59147597637,1173.7509620074368,336.2072375157223,837.5437244917146
2020-12-31,note,11091.8877508,2821.2310729,8270.6566779,3798.84296149782,884.0828197570544,2914.7601417407654
2021-01-31,bill,4954.9497425,307.0915955,4647.858147,111.24591478448501,7.80405732620538,103.44185745827963
2021-01-31,bond,2865.6759967999997,1153.7891921,1711.8868047,4985.85728028031,1765.1075140795647,3220.749766200746
2021-01-31,floating_rate,442.50731709999997,17.2542427,425.2530744,0,0,0
2021-01-31,inflation_protected,1549.7838252570798,358.49580273057995,1191.2880225265,1186.465383971907,340.456534879839,846.008849092068
2021-01-31,note,11068.089365599999,2878.7620206,8189.327345,3796.125429712216,905.3835091570634,2890.741920555153
2021-02-28,bill,4859.0324356,310.6234125,4548.4090231,109.86807883962726,8.204804878630247,101.663273960997
2021-02-28,bond,2919.6389002,1170.503413,1749.1354872,5148.887983013375,1825.245672379153,3323.642310634222
2021-02-28,floating_rate,500.2922496,21.0386685,479.2535811,0,0,0
2021-02-28,inflation_protected,1559.9885898674502,367.75116021336,1192.23742965409,1221.1612984949654,353.3520901733647,867.8092083216007
2021-02-28,note,11195.8390445,2913.7440008999997,8282.0950436,3954.570193540383,951.3598757224268,3003.210317817956
2021-03-31,bill,4669.0380970999995,326.044,4342.9940971,102.65894216034916,8.204653219752934,94.45428894059621
2021-03-31,bond,3006.2850468,1204.8935578,1801.391489,5323.928028721776,1890.3020125036296,3433.6260162181466
2021-03-31,floating_rate,526.2922902,21.0386685,505.2536217,0,0,0
2021-03-31,inflation_protected,1581.9757665109498,380.8403178143,1201.1354486966502,1246.1750984579533,368.752796045243,877.4223024127102
2021-03-31,note,11597.1805907,3009.4609496999997,8587.719641000002,4186.8755917130375,997.8370740344906,3189.038517678547
2021-04-30,bill,4540.0499942,314.0735998,4225.9763944,101.83012877315049,8.145766910324019,93.68436186282646
2021-04-30,bond,3062.5528146,1226.3389602000002,1836.2138544000002,5414.954816005422,1922.0385529534485,3492.916263051973
2021-04-30,floating_rate,501.46915659999996,18.524461199999998,482.9446954,0,0,0
2021-04-30,inflation_protected,1562.1861152772801,380.30709393157,1181.8790213457098,1246.9750644231558,370.9972181800537,875.977846243102
2021-04-30,note,11783.2677456,3015.2312933999997,8768.0364522,4241.449210851728,990.0051939395935,3251.444016912135
2021-05-31,bill,4377.0772699,315.7338556,4061.3434143,95.7002667533342,8.017552985981872,87.68271376735233
2021-05-31,bond,3093.8096664,1252.22443,1841.5852364,5502.077272185204,1986.6461751685831,3515.4310970166202
2021-05-31,floating_rate,527.469295,23.8716911,503.59760389999997,0,0,0
2021-05-31,inflation_protected,1585.3242186436398,393.32657737796995,1191.9976412656702,1250.9401380786587,376.64783168921866,874.29230638944
2021-05-31,note,11714.4397949,3050.9291012999997,8663.510693600001,4220.976394029081,1026.3640043290961,3194.612389699985
2021-06-30,bill,4275.0915526,326.044,3949.0475526,93.61457560205771,7.783757359378768,85.83081824267894
2021-06-30,bond,3179.8991807999996,1279.5765349,1900.3226459,5642.990635263365,2026.0889458773931,3616.901689385972
2021-06-30,floating_rate,553.4696407,23.8466911,529.6229496000001,0,0,0
2021-06-30,inflation_protected,1618.1303974971302,407.99218130359003,1210.13821619354,1250.1260032089324,382.73831109127883,867.3876921176535
2021-06-30,note,12106.3151611,3145.9253578,8960.3898033,4360.667959184098,1052.2277024393338,3308.440256744765
2021-07-31,bill,4142.1262699,312.9432778,3829.1829921,93.06283041202128,7.723063775468332,85.33976663655297
2021-07-31,bond,3207.8501259,1295.7794529,1912.070673,5657.489315164767,2037.2437896806555,3620.2455254841116
2021-07-31,floating_rate,496.6841797,22.198182499999998,474.4859972,0,0,0
2021-07-31,inflation_protected,1603.9871061484,405.865126735,1198.1219794134,1253.138601082372,382.3402000834937,870.7984009988782
2021-07-31,note,12078.018911800002,3191.3489741,8886.6699377,4275.704572688276,1042.9900284399096,3232.7145442483666
2021-08-31,bill,4038.1123328,308.5722586,3729.5400742,90.65210070277776,7.629909575364765,83.022191127413
2021-08-31,bond,3294.0802639000003,1315.9695864,1978.1106775,5864.406634523384,2097.8167948559094,3766.5898396674747
2021-08-31,floating_rate,553.3663884,24.8795459,528.4868425000001,0,0,0
2021-08-31,inflation_protected,1628.63298426125,416.28374513785,1212.3492391234001,1284.2962906321436,390.74633449590124,893.5499561362424
2021-08-31,note,12411.8766067,3235.8048831,9176.0717236,4471.09828957089,1076.2543736164462,3394.8439159544437
2021-09-30,bill,3714.1181533,311.6143407,3402.5038126,88.92321184000211,7.576213620880625,81.34699821912149
2021-09-30,bond,3347.5261123,1337.4525127000002,2010.0735996,5977.269988438416,2138.4284306270733,3838.8415578113427
2021-09-30,floating_rate,579.366423,24.8795459,554.4868771,0,0,0
2021-09-30,inflation_protected,1652.66759326057,426.95983891858,1225.70775434199,1305.3672413575491,401.60161596746923,903.7656253900798
2021-09-30,note,12578.904846200001,3289.1038583,9289.8009879,4571.951667077273,1096.9471925246391,3475.004474552633
2021-10-31,bill,3852.1055284000004,313.4830478,3538.6224806,86.71655996511214,7.679684536287868,79.03687542882426
2021-10-31,bond,3373.3309902,1356.7347227,2016.5962675,6039.393192388816,2172.8456677762365,3866.547524612579
2021-10-31,floating_rate,521.2559849,21.4995376,499.7564473,0,0,0
2021-10-31,inflation_protected,1675.0318836785,436.71166938069996,1238.3202142978,1307.5767202375746,407.9825512324332,899.5941690051413
2021-10-31,note,12536.8906771,3348.4479914000003,9188.4426857,4522.506794414861,1104.2768094800062,3418.229984934855
2021-11-30,bill,3786.0959123999996,307.19726000000003,3478.8986524,86.43671808529915,7.743600584336922,78.69311750096222
2021-11-30,bond,3433.4959559,1365.3391965,2068.1567594,6226.564827398651,2235.6908402599347,3990.8739871387156
2021-11-30,floating_rate,576.0987904000001,24.3211787,551.7776117,0,0,0
2021-11-30,inflation_protected,1695.2722213532,443.62446811943,1251.64775323377,1306.4679004704615,408.1352427911688,898.3326576792927
2021-11-30,note,12854.525024499999,3402.0151114,9452.5099131,4674.083230275416,1127.4650477757473,3546.6181824996684
2021-12-31,bill,3770.0651531,305.5808296,3464.4843235,94.90880028611514,7.597905815496517,87.31089447061862
2021-12-31,bond,3481.4821835,1383.5399559,2097.9422276,6302.19290504043,2261.423974800565,4040.768930239865
2021-12-31,floating_rate,603.3598342,24.3211787,579.0386555,0,0,0
2021-12-31,inflation_protected,1728.59526146469,455.41884577258,1273.1764156921101,1316.7431381667868,416.5281447120934,900.2149934546935
2021-12-31,note,13000.470271,3431.699857,9568.770414,4731.007460107575,1134.0420986288343,3596.9653614787408
2022-01-31,bill,3961.0509553,308.39503629999996,3652.655919,94.38627910609677,7.747148437034019,86.63913066906274
2022-01-31,bond,3530.0002657,1396.6880265,2133.3122391999996,6407.847017377637,2288.2017370879175,4119.645280289719
2022-01-31,floating_rate,575.1823034,25.2666304,549.915673,0,0,0
2022-01-31,inflation_protected,1705.03125367344,454.95982687316,1250.0714268002798,1341.732032957139,422.55381319135716,919.1782197657819
2022-01-31,note,13141.5146683,3479.7792121,9661.7354562,4819.266753453075,1153.5936801606688,3665.6730732924057
2022-02-28,bill,4055.0012715,311.3368717,3743.6643998,94.95933063707531,7.9562593721339185,87.0030712649414
2022-02-28,bond,3589.1664806999997,1420.4424077,2168.724073,6539.7334229529415,2340.927746197368,4198.805676755574
2022-02-28,floating_rate,597.182465,29.152660899999997,568.0298041000001,0,0,0
2022-02-28,inflation_protected,1720.9044982775201,461.30640771667004,1259.59809056085,1371.7311554465537,427.53349124553466,944.197664201019
2022-02-28,note,13227.5886461,3473.4812832,9754.1073629,4896.609429442365,1179.5147159637245,3717.09471347864
2022-03-31,bill,3928.9604586,310.36165159999996,3618.598807,98.92644415998893,8.008996256245284,90.91744790374365
2022-03-31,bond,3631.4773485,1428.9317967999998,2202.5455516999996,6679.580569548293,2375.7483742805753,4303.832195267718
2022-03-31,floating_rate,619.1829233,29.152660899999997,590.0302624,0,0,0
2022-03-31,inflation_protected,1751.9453868672301,467.50069366403,1284.4446932032001,1416.3313547976138,443.68381802327804,972.6475367743359
2022-03-31,note,13348.427256699999,3475.2637522,9873.1635045,5017.907888862258,1196.6123662910338,3821.295522571224
2022-04-30,bill,3827.9276873,312.8299442,3515.0977431,96.96452112824767,8.353327474951683,88.61119365329598
2022-04-30,bond,3656.2482066000002,1436.6812923,2219.5669143,6752.319411833046,2398.4861975695594,4353.833214263485
2022-04-30,floating_rate,555.2724385,27.2420875,528.030351,0,0,0
2022-04-30,inflation_protected,1735.6388476530901,462.50591631422,1273.1329313388699,1457.8689712114278,456.38440493055754,1001.4845662808702
2022-04-30,note,13296.109185000001,3486.4441365000002,9809.6650485,5084.007100116762,1220.2185260112399,3863.788574105522
2022-05-31,bill,3672.9229021,308.28032169999994,3364.6425804,91.74841939122034,8.358823996412264,83.38959539480808
2022-05-31,bond,3731.4030893,1454.2960870000002,2277.1070022999997,6867.3160768094795,2426.830782720389,4440.4852940890905
2022-05-31,floating_rate,604.5964391000001,30.5696818,574.0267573000001,0,0,0
2022-05-31,inflation_protected,1775.8196856023699,467.90961173763,1307.91007386474,1471.8780863429959,454.73653688038945,1017.1415494626062
2022-05-31,note,13516.294582499999,3465.3407674,10050.9538151,5200.980113256758,1233.1639453793807,3967.816167877377
2022-06-30,bill,3523.9249016,310.3333341,3213.5915675,91.33696122249845,8.287408088981524,83.04955313351692
2022-06-30,bond,3766.5907629999997,1457.9439991,2308.6467639,6923.078744585121,2427.0403308012224,4496.038413783898
2022-06-30,floating_rate,626.5968033,30.5696818,596.0271215,0,0,0
2022-06-30,inflation_protected,1805.99583292125,473.83167779097,1332.16415513028,1477.9791592783974,457.1148060210239,1020.8643532573734
2022-06-30,note,13583.5612191,3442.2090681,10141.352151000001,5221.069763143481,1219.8696291920785,4001.200133951403
2022-07-31,bill,3514.9355861999998,312.81646620000004,3202.1191200000003,86.66360663808081,8.16768402074613,78.49592261733468
2022-07-31,bond,3788.0123737999998,1461.4356867,2326.5766870999996,6875.949612393163,2399.3542508127052,4476.595361580457
2022-07-31,floating_rate,555.9010272,27.8423583,528.0586689,0,0,0
2022-07-31,inflation_protected,1789.33648459629,467.6777058851,1321.65877871119,1479.0436657946632,453.3107948204533,1025.7328709742098
2022-07-31,note,13511.0164672,3420.3486844000004,10090.6677828,5074.204274329357,1181.4478488498835,3892.756425479473
2022-08-31,bill,3724.978967,326.044,3398.934967,88.85067661473607,8.66767027874144,80.18300633599463
2022-08-31,bond,3844.3237306,1471.6218767999999,2372.7018538,7096.720562930632,2465.8996419710247,4630.820920959607
2022-08-31,floating_rate,603.9772267,29.924645100000003,574.0525816,0,0,0
2022-08-31,inflation_protected,1824.6561797283,475.87837398211,1348.77780574619,1546.6344360767123,469.1325816687286,1077.5018544079837
2022-08-31,note,13672.109715800001,3391.5279241,10280.5817917,5275.63557367533,1220.0020436514105,4055.6335300239193
2022-09-30,bill,3644.6197853999997,297.438679,3347.1811064,92.23181412329875,7.73956959466111,84.49224452863764
2022-09-30,bond,3874.3231308,1471.6218767999999,2402.7012539999996,7193.8561011239435,2480.0370113457952,4713.819089778149
2022-09-30,floating_rate,625.9771773,29.924645100000003,596.0525322,0,0,0
2022-09-30,inflation_protected,1840.53206033947,475.82557972255,1364.7064806169199,1581.888275311669,474.20757793694713,1107.6806973747218
2022-09-30,note,13703.759259,3347.8854962,10355.8737628,5403.974291463692,1222.6622942074337,4181.311997256258
2022-10-31,bill,3665.9780342999998,284.68083390000004,3381.2972004,90.66957719148226,7.530472578604443,83.13910461287782
2022-10-31,bond,3904.3112625,1471.6218767999999,2432.6893857,7184.077397922251,2458.660504881407,4725.416893040844
2022-10-31,floating_rate,573.2248228,27.16621,546.0586128,0,0,0
2022-10-31,inflation_protected,1860.88587893899,475.68063201753,1385.20524692146,1597.9423048292012,476.3062968572185,1121.6360079719827
2022-10-31,note,13734.1729642,3304.3459732,10429.826991,5435.308604848957,1203.191487019452,4232.117117829504
2022-11-30,bill,3811.9047364,296.0593852,3515.8453512,91.20686723353215,8.294236199015002,82.91263103451715
2022-11-30,bond,3941.86046,1475.470805,2466.389655,7280.422308372011,2478.1997781264454,4802.222530245565
2022-11-30,floating_rate,595.2141581999999,27.16621,568.0479482,0,0,0
2022-11-30,inflation_protected,1881.7071817866201,478.3708072216,1403.33637456502,1573.9703530618685,466.4853551869025,1107.484997874966
2022-11-30,note,13717.9012602,3238.9163191,10478.9849411,5350.628200837308,1177.0569006913513,4173.571300145957
2022-12-31,bill,3697.3857288000004,271.9195886,3425.4661401999997,96.9844811129396,7.652113102074077,89.33236801086552
2022-12-31,bond,3959.8446329000003,1475.470805,2484.3738279,7299.581458571499,2471.940115468167,4827.6413431033325
2022-12-31,floating_rate,617.2041916999999,27.16621,590.0379817,0,0,0
2022-12-31,inflation_protected,1908.07199402553,480.12359662896,1427.94839739657,1582.4743079479908,466.3268738607119,1116.147434087279
2022-12-31,note,13617.612047800001,3185.5263808,10432.085667,5306.771913079529,1155.2646407424459,4151.507272337083
2023-01-31,bill,3938.8730328,267.7243164,3671.1487164,97.88116545175042,7.45454014947676,90.42662530227366
2023-01-31,bond,4001.8327358999995,1475.470805,2526.3619309,7316.153500882791,2448.0411139288376,4868.112386953953
2023-01-31,floating_rate,557.4181945,23.428784200000003,533.9894103,0,0,0
2023-01-31,inflation_protected,1870.81837540239,476.77623491379995,1394.0421404885901,1560.5433042870495,455.4102458649937,1105.1330584220557
2023-01-31,note,13753.7545539,3136.8371417999997,10616.9174121,5254.151857781469,1106.6846669429985,4147.467190838471
2023-02-28,bill,4057.7782089999996,267.5407416,3790.2374674,101.25832578415043,7.858243298369777,93.40008248578066
2023-02-28,bond,4033.665142,1472.6308562,2561.0342858,7478.399992980332,2489.4940532229148,4988.905939757417
2023-02-28,floating_rate,579.4082857999999,23.428784200000003,555.9795015999999,0,0,0
2023-02-28,inflation_protected,1876.3124822051002,475.53318228144,1400.77929992366,1601.849564495298,459.1941199485517,1142.6554445467461
2023-02-28,note,13730.488373600001,3047.0096963,10683.478677300001,5365.29182454578,1118.283956309414,4247.007868236366
2023-03-31,bill,4068.8324369,269.3342166,3799.4982203,99.30446296597978,7.361083346938055,91.94337961904172
2023-03-31,bond,4063.6646917,1476.0889181,2587.5757736,7426.587565444896,2455.886551387856,4970.701014057041
2023-03-31,floating_rate,601.4071949,23.428784200000003,577.9784107,0,0,0
2023-03-31,inflation_protected,1905.60779890871,480.8307202107,1424.77707869801,1581.6128685485876,455.0134363198835,1126.599432228704
2023-03-31,note,13737.816867599999,3018.2787659,10719.5381017,5242.833822559705,1081.9083537406618,4160.925468819043
2023-04-30,bill,3942.6449903000002,269.52842080000005,3673.1165695,96.16411830770726,7.327704583576652,88.83641372413061
2023-04-30,bond,4082.7962003000002,1477.2397867999998,2605.5564135,7416.027630600366,2440.286219113905,4975.7414114864605
2023-04-30,floating_rate,516.0591696,18.0845543,497.9746153,0,0,0
2023-04-30,inflation_protected,1879.77584508247,469.34993688921,1410.42590819326,1579.920833268542,451.7563774829143,1128.164455785628
2023-04-30,note,13627.8941287,2961.3212392,10666.5728895,5153.50376484591,1054.6213712559356,4098.8823935899745
2023-05-31,bill,3993.420776,281.041361,3712.379415,102.78655547135611,8.20096211879306,94.58559335256305
2023-05-31,bond,4140.474765800001,1486.9491374,2653.5256283999997,7552.436422428554,2470.588007110703,5081.848415317851
2023-05-31,floating_rate,564.3596943,20.426754000000003,543.9329403,0,0,0
2023-05-31,inflation_protected,1904.89723501899,474.14271236921,1430.75452264978,1598.620478319376,455.33522052223975,1143.2852577971362
2023-05-31,note,13718.2414938,2901.6770277,10816.5644661,5270.9793122207975,1067.4689185084956,4203.510393712301
2023-06-30,bill,4466.6973166,259.5317267,4207.1655899,114.29298105544119,7.16298741360039,107.1299936418408
2023-06-30,bond,4170.4734438,1486.9991373999999,2683.4743064,7622.409370756916,2472.3538475023065,5150.055523254609
2023-06-30,floating_rate,586.3597624,20.426754000000003,565.9330084000001,0,0,0
2023-06-30,inflation_protected,1933.6292502419699,476.35378730407,1457.2754629379,1610.330289317686,456.12741419105015,1154.202875126636
2023-06-30,note,13723.932609,2853.3990303,10870.5335787,5277.074127255903,1046.2820269877113,4230.7921002681915
2023-07-31,bill,4770.5141807,249.9506804,4520.563500300001,113.16737705615189,6.805887909778251,106.36148914637363
2023-07-31,bond,4200.3220565,1486.9991373999999,2713.3229191,7642.709440480099,2460.4729889552264,5182.236451524874
2023-07-31,floating_rate,527.5666633999999,17.7453906,509.82127280000003,0,0,0
2023-07-31,inflation_protected,1901.96512705857,472.71471781409997,1429.2504092444701,1626.7879072087553,455.77625296225204,1171.0116542465034
2023-07-31,note,13732.0705407,2810.8544365,10921.2161042,5284.23334510979,1025.4004958357323,4258.832849274058
2023-08-31,bill,5073.9219969,249.4320856,4824.4899113,123.04140930793167,7.563047448037132,115.47836185989453
2023-08-31,bond,4226.8994637000005,1479.7432336,2747.1562301,7745.357930370421,2481.9005600510864,5263.4573703193355
2023-08-31,floating_rate,551.5559597,17.7453906,533.8105691,0,0,0
2023-08-31,inflation_protected,1917.1179053613398,474.38394710123004,1442.7339582601098,1647.5051208152413,455.3991729850283,1192.105947830213
2023-08-31,note,13702.511377,2742.4971759,10960.014201099999,5332.418846153426,1026.0323047500335,4306.386541403393
2023-09-30,bill,5260.4065094,233.6474685,5026.7590409,123.1564596592984,6.3108430803549025,116.8456165789435
2023-09-30,bond,4246.8984743,1481.3555556000001,2765.5429187,7748.061773730414,2476.353787059049,5271.707986671365
2023-09-30,floating_rate,575.5561607999999,17.7703906,557.7857702,0,0,0
2023-09-30,inflation_protected,1935.81480458101,476.10212266708004,1459.71268191393,1680.070773501885,462.28777414887645,1217.7829993530086
2023-09-30,note,13594.5240252,2716.2904422,10878.233583000001,5364.336599662561,1027.6189774362113,4336.71762222635
2023-10-31,bill,5456.9979983,220.8541485,5236.1438498,128.99230561590764,5.980658805348255,123.0116468105594
2023-10-31,bond,4292.8976939,1481.3555556000001,2811.5421383,7785.471203287368,2464.268552502314,5321.202650785054
2023-10-31,floating_rate,519.4523749,11.6631113,507.7892636,0,0,0
2023-10-31,inflation_protected,1966.29128045936,477.86998525761,1488.42129520175,1700.0768225267184,464.3116872015113,1235.765135325207
2023-10-31,note,13762.271315400001,2669.9552108999997,11092.3161045,5478.806891325844,1012.3272000525415,4466.479691273303
2023-11-30,bill,5671.1488032,217.20238329999998,5453.9464199,140.54897920964544,6.997851832412679,133.55112737723277
2023-11-30,bond,4333.5378034,1481.8222709,2851.7155325,7874.760365299921,2465.3122395057735,5409.448125794149
2023-11-30,floating_rate,545.4524346000001,11.6631113,533.7893233000001,0,0,0
2023-11-30,inflation_protected,1986.65611196305,479.45679343794,1507.19931852511,1667.1086534671924,451.9804550954247,1215.128198371768
2023-11-30,note,13729.574693600001,2607.4016992,11122.1729944,5378.309162032322,969.8629799597671,4408.446182072555
2023-12-31,bill,5675.7806485,210.5126614,5465.267987100001,132.39929236549742,5.807122166098203,126.5921701993992
2023-12-31,bond,4354.5253552,1482.0065655,2872.5187897,7863.080582003521,2441.9473678301424,5421.133214173379
2023-12-31,floating_rate,571.452618,11.6631113,559.7895067000001,0,0,0
2023-12-31,inflation_protected,2006.22410422602,479.51139358876,1526.71271063726,1626.2649145605026,439.07340033074274,1187.1915142297598
2023-12-31,note,13621.8387714,2563.4777412999997,11058.361030099999,5189.9922763271225,925.3137970632176,4264.678479263905
2024-01-31,bill,5780.2433745,210.3533741,5569.890000400001,134.39182401896025,5.9456819304048105,128.44614208855546
2024-01-31,bond,4401.520418499999,1482.0065655,2919.513853,7888.484093136253,2425.425746004509,5463.058347131744
2024-01-31,floating_rate,525.5657939,7.777080799999999,517.7887131,0,0,0
2024-01-31,inflation_protected,1966.3050443949899,471.47325659957,1494.83178779542,1632.2908370676248,435.600367425156,1196.690469642469
2024-01-31,note,13831.147042199998,2521.1106466,11310.0363956,5285.870047890603,904.2327131985411,4381.637334692062
2024-02-29,bill,6011.235962500001,199.9852206,5811.250741899999,146.42961360235228,6.8007003220809965,139.62891328027126
2024-02-29,bond,4445.0493759,1483.8405001,2961.2088758,8037.216690865904,2449.807232443255,5587.409458422649
2024-02-29,floating_rate,553.5656081,7.777080799999999,545.7885272999999,0,0,0
2024-02-29,inflation_protected,1973.6868518723602,471.02089222741,1502.66595964495,1659.316046857124,436.98247764260617,1222.3335692145179
2024-02-29,note,13829.756447799999,2450.8335786000002,11378.9228692,5373.302878042028,897.3903192125046,4475.912558829524
2024-03-31,bill,6062.8649216,194.1759663,5868.6889553,139.90348499124093,5.2770557774213875,134.62642921381956
2024-03-31,bond,4467.0287524,1484.5807172,2982.4480351999996,8036.044268354335,2435.2682614112014,5600.776006943134
2024-03-31,floating_rate,553.5656081,7.777080799999999,545.7885272999999,0,0,0
2024-03-31,inflation_protected,1999.3334030269,473.63066749958,1525.70273552732,1661.5607347904986,434.4457900127319,1227.1149447777666
2024-03-31,note,13731.462969100001,2413.4055697,11318.057399399999,5287.850129602079,875.1028294683034,4412.747300133775
2024-04-30,bill,5866.7620331,185.88699929999999,5680.8750338,142.6638727103482,5.17855303755444,137.48531967279374
2024-04-30,bond,4515.2405806,1484.9435371000002,3030.2970435,8104.335135526641,2434.4415037460367,5669.893631780605
2024-04-30,floating_rate,540.3494249,4.4484865,535.9009384,0,0,0
2024-04-30,inflation_protected,1995.63881432017,463.30099729566996,1532.3378170245,1697.495436978592,440.2829638547673,1257.2124731238246
2024-04-30,note,13994.818429199999,2368.1660805,11626.6523487,5492.909659817585,869.9571106510975,4622.952549166487
2024-05-31,bill,5866.7799607,184.6068505,5682.1731102,145.21707807767683,6.531994047393227,138.6850840302836
2024-05-31,bond,4560.3303602999995,1488.1477453999998,3072.1826149,8202.540972531398,2444.0434752806914,5758.497497250707
2024-05-31,floating_rate,570.0118652,4.5914695000000005,565.4203957,0,0,0
2024-05-31,inflation_protected,2025.75159943381,466.82031139989,1558.9312880339198,1694.2425853750715,435.6585499676712,1258.5840354074003
2024-05-31,note,14013.737145,2291.5196815,11722.217463500001,5492.86741796504,851.0275081780017,4641.839909787039
2024-06-30,bill,5765.8296749,192.4514708,5573.3782040999995,138.3141240213113,5.456912429544612,132.8572115917667
2024-06-30,bond,4581.0373339,1489.809229,3091.2281049000003,8186.807664683355,2426.8668434688125,5759.940821214543
2024-06-30,floating_rate,598.0114179999999,6.2537646,591.7576534,0,0,0
2024-06-30,inflation_protected,2053.86628733401,469.55783099640996,1584.3084563376,1681.32164177909,430.97914539665703,1250.342496382433
2024-06-30,note,13922.4107044,2269.8473107,11652.5633937,5384.588650404065,830.4345224678664,4554.154127936199
2024-07-31,bill,5915.7817687,195.2929267,5720.488842,137.3898951820708,5.399980132455623,131.98991504961518
2024-07-31,bond,4631.7759961,1494.6031195,3137.1728766,8186.4316308513535,2406.080437374234,5780.3511934771195
2024-07-31,floating_rate,559.5793834,5.8255838,553.7537996,0,0,0
2024-07-31,inflation_protected,2023.71263271607,460.89345393111,1562.81917878496,1669.9609510481457,424.00700763181925,1245.9539434163264
2024-07-31,note,14226.950187100001,2256.9997418,11969.950445299999,5439.114143216291,815.9917365885024,4623.122406627789
2024-08-31,bill,6121.8014303,185.1164441,5936.6849862,140.74784277842784,6.11814863521068,134.62969414321716
2024-08-31,bond,4657.5306550000005,1499.3075024,3158.2231526,8248.410407908035,2414.609455751897,5833.800952156139
2024-08-31,floating_rate,587.5783708,5.850583800000001,581.727787,0,0,0
2024-08-31,inflation_protected,2032.19752993104,461.03441133517003,1571.16311859587,1663.755542958935,418.12146158433444,1245.6340813746003
2024-08-31,note,14067.2425329,2211.4219534,11855.820579500001,5355.048050574161,802.8720255643924,4552.176025009769
2024-09-30,bill,6004.7602627,193.3988615,5811.3614012,134.02206657548078,4.934983969296088,129.08708260618468
2024-09-30,bond,4708.2802773,1500.7899644,3207.4903129,8281.195527785207,2398.249122086852,5882.946405698355
2024-09-30,floating_rate,615.578116,5.850583800000001,609.7275322,0,0,0
2024-09-30,inflation_protected,2051.74289076141,461.49563693374,1590.24725382767,1658.3205691148046,412.5885192264157,1245.732049888389
2024-09-30,note,14343.3988113,2196.4408329,12146.9579784,5440.891452160085,785.9731911881432,4654.918260971941
2024-10-31,bill,6186.7773775000005,174.8891527,6011.8882248,154.1205596684827,5.144257198749593,148.97630246973313
2024-10-31,bond,4743.8007384,1501.4102739,3242.3904645,8355.598718826055,2403.83486357532,5951.763855250735
2024-10-31,floating_rate,578.1099211000001,5.839583800000001,572.2703373,0,0,0
2024-10-31,inflation_protected,2033.9082920246,458.08522660364,1575.8230654209601,1685.7164471758986,416.85017085656654,1268.866276319332
2024-10-31,note,14443.5976051,2174.958925,12268.638680099999,5547.895360464838,781.4328579513741,4766.462502513463
2024-11-30,bill,6389.762817,181.3810685,6208.3817485,152.34887699660237,6.16443942975313,146.18443756684925
2024-11-30,bond,4759.2686052,1501.5791462999998,3257.6894589,8438.224299776552,2423.761038406957,6014.463261369595
2024-11-30,floating_rate,606.1097427,6.3456422,599.7641004999999,0,0,0
2024-11-30,inflation_protected,2053.87452451167,459.18875490054,1594.68576961113,1678.4067830918934,411.2406309688896,1267.1661521230037
2024-11-30,note,14289.1305055,2139.4856853,12149.6448202,5481.318758360216,776.5378455317239,4704.780912828492
2024-12-31,bill,6186.8816557,195.34292670000002,5991.538729,151.1424192099634,5.670900758522787,145.47151845144063
2024-12-31,bond,4811.6401859,1502.9528693,3308.6873166,8491.162732483068,2419.2775769425,6071.885155540568
2024-12-31,floating_rate,634.1079724,6.3456422,627.7623302,0,0,0
2024-12-31,inflation_protected,2078.06572117458,459.98379838005,1618.0819227945299,1695.3136338858953,412.8794836077503,1282.434150278145
2024-12-31,note,14565.3961606,2126.4811793,12438.9149813,5671.127334287341,775.1806668194711,4895.94666746787
2025-01-31,bill,6379.9245452,179.9232843,6200.0012609000005,156.41901686212543,5.592824111666974,150.82619275045843
2025-01-31,bond,4850.180761,1507.7871154,3342.3936456,8500.468456693148,2410.847789035105,6089.620667658044
2025-01-31,floating_rate,597.7857587999999,6.3326422000000004,591.4531166,0,0,0
2025-01-31,inflation_protected,1995.38958415207,425.53263807814005,1569.85694607393,1698.9382723674776,408.58317856119834,1290.3550938062792
2025-01-31,note,14690.9954813,2117.2766877,12573.718793600001,5688.423963843648,766.2894997176573,4922.134464125991
2025-02-28,bill,6367.9512943,184.85752,6183.0937742999995,153.27711477182513,6.271858723929258,147.00525604789584
2025-02-28,bond,4886.148383999999,1509.2513267000002,3376.8970573,8602.006187324512,2423.9918710828965,6178.014316241616
2025-02-28,floating_rate,628.6073680000001,7.9985217,620.6088463,0,0,0
2025-02-28,inflation_protected,2005.2884855655102,426.76882065192,1578.51966491359,1690.5113873215698,402.79826398261935,1287.7131233389505
2025-02-28,note,14735.978751800001,2077.9597029,12658.019048900002,5667.320176963566,760.5782957079188,4906.741881255647
2025-03-31,bill,6155.9500245,192.8487182,5963.1013063,142.33352134990741,4.845835025127499,137.4876863247799
2025-03-31,bond,4919.8853476,1511.2318702,3408.6534774,8584.44323626066,2405.018637755718,6179.424598504943
2025-03-31,floating_rate,656.6058719,10.8206512,645.7852207,0,0,0
2025-03-31,inflation_protected,2036.18070123004,430.03483698347003,1606.14586424657,1697.5271158214846,402.53506827902567,1294.992047542459
2025-03-31,note,14813.8517336,2064.7157051,12749.1360285,5668.6197216136425,749.3386222154536,4919.281099398189
2025-04-30,bill,6060.0182455,195.34292670000002,5864.6753188,141.25552237349262,4.899215259038206,136.35630711445444
2025-04-30,bond,4957.437051,1516.1780883,3441.2589627,8558.8970097725,2388.3416303931517,6170.555379379347
2025-04-30,floating_rate,618.3598221,10.5328241,607.826998,0,0,0
2025-04-30,inflation_protected,2027.64781301112,423.05518074672,1604.5926322644,1693.7770365128404,400.41004625485584,1293.3669902579843
2025-04-30,note,14907.7184143,2070.7041109,12837.014303400001,5676.227872432399,746.2249203057379,4930.0029521266615
2025-05-31,bill,6003.023826600001,183.367098,5819.6567286,144.85511164943233,5.632413332121732,139.2226983173106
2025-05-31,bond,4987.2415297,1525.0229126,3462.2186171,8650.306016566485,2418.402171491402,6231.903845075082
2025-05-31,floating_rate,646.3496801,10.5328241,635.816856,0,0,0
2025-05-31,inflation_protected,2049.66761424379,423.91372665412,1625.75388758967,1711.557835019106,400.610454201096,1310.9473808180103
2025-05-31,note,14763.9179515,2029.6908845,12734.227067,5686.386346444521,757.7016528058949,4928.684693638626
2025-06-30,bill,5784.060636800001,186.97771,5597.082926800001,136.8868005829599,4.874749905652317,132.01205067730757
2025-06-30,bond,5040.1190237,1527.6589818,3512.4600419,8675.525582153541,2401.0850665043417,6274.440515649199
2025-06-30,floating_rate,674.3495412,10.5328241,663.8167171,0,0,0
2025-06-30,inflation_protected,2081.04152868874,425.10626335061,1655.93526533813,1697.8971084449747,394.87465753531785,1303.022450909657
2025-06-30,note,15073.5619309,2027.5547705000001,13046.007160399999,5758.984100302513,745.5348324225981,5013.449267879915
2025-07-31,bill,5995.9098639,181.45262119999998,5814.4572427,150.54783025812768,5.180282004362164,145.3675482537655
2025-07-31,bond,5076.6051454,1531.555772,3545.0493734,8702.464002372986,2397.7379422475165,6304.726060125471
2025-07-31,floating_rate,634.5135914,10.5328241,623.9807672999999,0,0,0
2025-07-31,inflation_protected,2051.82504328797,417.57224673070004,1634.25279655727,1716.817319205102,394.9771190187743,1321.8402001863276
2025-07-31,note,15206.955628900001,2032.2211069,13174.734522,5796.222561493794,744.1880465308135,5052.034514962981
2025-08-31,bill,6369.006224,191.0429786,6177.963245399999,146.74583514270333,5.740117095467594,141.00571804723572
2025-08-31,bond,5094.9006338,1533.0988681000001,3561.8017657,8737.878025264996,2408.0412866802785,6329.836738584718
2025-08-31,floating_rate,662.5135690999999,12.5757036,649.9378654999999,0,0,0
2025-08-31,inflation_protected,2065.00226017429,420.27635964867994,1644.7259005256099,1715.6323734631446,393.10974357206186,1322.5226298910827
2025-08-31,note,15076.7809225,2015.0825430999998,13061.6983794,5723.546404421802,750.4248722406171,4973.121532181186
2025-09-30,bill,6397.0446351,184.9580354,6212.0865997,147.33110740743186,4.6332042620398886,142.697903145392
2025-09-30,bond,5142.5332929999995,1534.9799056,3607.5533874,8802.370499121855,2401.2750855977856,6401.095413524069
2025-09-30,floating_rate,690.5116903999999,12.5757036,677.9359867999999,0,0,0
2025-09-30,inflation_protected,2088.0244453455803,420.99510731261995,1667.02933803296,1715.6314218934194,388.68735765917006,1326.9440642342493
2025-09-30,note,15392.4445907,2020.296833,13372.1477577,5810.870188443973,738.5850651144991,5072.285123329474
2025-10-31,bill,6593.1937705,178.2358325,6414.9579380000005,159.17304766066152,4.805546190490568,154.36750147017096
2025-10-31,bond,5172.6719871,1536.1031372,3636.5688499,8806.425469613483,2387.1250195278103,6419.300450085674
2025-10-31,floating_rate,644.2338327,12.5757036,631.6581291,0,0,0
2025-10-31,inflation_protected,2078.66232425947,420.43688220816,1658.22544205131,1713.2549227309169,386.09297429856946,1327.1619484323473
2025-10-31,note,15505.647313,2013.3222868,13492.3250262,5799.259906147227,722.5115600805552,5076.748346066673
2025-11-30,bill,6723.2930165,181.70349470000002,6541.5895218000005,156.4086766287976,5.092045667534666,151.31663096126292
2025-11-30,bond,5198.7703677,1540.7934140999998,3657.9769536000003,8859.263326218064,2396.3009490406203,6462.962377177444
2025-11-30,floating_rate,672.2337656999999,14.298365,657.9354007,0,0,0
2025-11-30,inflation_protected,2101.71874278206,423.00861350648,1678.71012927558,1708.5357438373758,382.03303499766815,1326.5027088397078
2025-11-30,note,15357.261873700001,1992.1806847,13365.081188999999,5722.974755159995,718.5388692649968,5004.435885894998
2025-12-31,bill,6547.2597074,233.59192670000002,6313.6677807,155.30107225758428,6.98106308356793,148.32000917401635
2025-12-31,bond,5248.9742071,1544.0085213,3704.9656858000003,8897.076042264305,2389.5665603951093,6507.509481869195
2025-12-31,floating_rate,700.2334843,14.298365,685.9351193,0,0,0
2025-12-31,inflation_protected,2133.8817688417203,426.7379431844,1707.14382565732,1715.9408209923279,382.29194585492615,1333.6488751374015
2025-12-31,note,15636.8393201,2009.1638229,13627.6754972,5862.0143346790555,722.7271427359944,5139.287191943061
2026-01-31,bill,6595.659255699999,261.6235228,6334.0357329,159.63960201774037,7.968584213064241,151.67101780467613
2026-01-31,bond,5271.377741,1550.4121747000002,3720.9655663,8910.043805658466,2392.1644236223683,6517.879382036099
2026-01-31,floating_rate,616.2336443,14.298365,601.9352793,0,0,0
2026-01-31,inflation_protected,2055.0215780303497,390.41679131134,1664.60478671901,1721.3156262520224,378.3539816134805,1342.9616446385419
2026-01-31,note,15561.2372198,2021.4724709999998,13539.7647488,5803.212168837891,721.9319303214695,5081.280238516421
2026-02-28,bill,6808.1054102,319.7194704,6488.3859397999995,159.26582018955304,9.467221631714148,149.7985985578389
2026-02-28,bond,5298.536912,1551.7690997,3746.7678123,8989.181705244499,2402.7776016467446,6586.4041035977525
2026-02-28,floating_rate,676.3461759,16.4123883,659.9337876000001,0,0,0
2026-02-28,inflation_protected,2062.15549799229,390.17143088454003,1671.9840671077502,1710.088362790606,372.069444396755,1338.018918393851
2026-02-28,note,15603.169522099999,2010.0880416999998,13593.0814804,5783.32973368642,721.3630326384941,5061.966701047925
2026-03-31,bill,6819.562696200001,366.9779963,6452.5846999000005,160.4574039388072,10.997641334990773,149.45976260381644
2026-03-31,bond,5348.5965856,1553.6913593,3794.9052263000003,9055.746017854874,2402.5258053655793,6653.220212489294
2026-03-31,floating_rate,704.3410021000001,16.4123883,687.9286138,0,0,0
2026-03-31,inflation_protected,2090.27561333811,391.32564544045,1698.9499678976601,1737.9376593170343,373.5447290381144,1364.39293027892
2026-03-31,note,15879.359541400001,2009.7890667000001,13869.5704747,5955.434673937913,721.0064587979961,5234.428215139917
2026-04-30,bill,6621.9859875,413.8995734,6208.086414099999,164.39461150022674,12.32174280570466,152.07286869452207
2026-04-30,bond,5383.1335045999995,1558.9360012,3824.1975033999997,9070.816906710403,2399.895540011931,6670.921366698471
2026-04-30,floating_rate,650.3209842,14.582110199999999,635.7388739999999,0,0,0
2026-04-30,inflation_protected,2079.7256866511498,376.79917761068,1702.92650904047,1752.7581515204495,375.9276030935337,1376.8305484269156
2026-04-30,note,15937.883403999998,2013.4315890999999,13924.4518149,5992.831356682306,723.4995628873172,5269.33179379499
2026-05-31,bill,6758.7781706999995,453.2203748,6305.5577959,160.18837437968833,12.19903781692426,147.98933656276407
2026-05-31,bond,5412.069252,1566.5083044,3845.5609476,9176.944321315143,2426.3294779191506,6750.614843395992
2026-05-31,floating_rate,678.3165054,18.357825799999997,659.9586796,0,0,0
2026-05-31,inflation_protected,2118.02827552178,383.61184034222,1734.41643517956,1770.2924018590986,377.9262258521716,1392.366176006927
2026-05-31,note,15782.3869491,2001.1662795,13781.220669600001,5943.66794985345,733.5405430884803,5210.12740676497
2026-06-30,bill,6690.6882281,453.32247720000004,6237.3657509,160.21921895028723,11.970085786858256,148.24913316342898
2026-06-30,bond,5459.4273672,1568.8689889,3890.5583783,9222.635630260724,2417.8938366273937,6804.7417936333295
2026-06-30,floating_rate,706.3021231,18.3828258,687.9192972999999,0,0,0
2026-06-30,inflation_protected,2164.93904533828,386.73839674373,1778.20064859455,1777.5890597167015,376.46055404861346,1401.1285056680879
2026-06-30,note,16060.8215597,1997.1555263,14063.666033399999,6044.023726987023,726.0237957263907,5317.999931260632
2026-07-31,bill,6988.8905479,495.82877529999996,6493.0617726,169.66807201005776,12.597613054708445,157.07045895534932
2026-07-31,bond,5488.6899303,1571.1568505,3917.5330798,9211.063490988956,2410.701131572931,6800.362359416024
2026-07-31,floating_rate,651.9760047999999,16.7287198,635.247285,0,0,0
2026-07-31,inflation_protected,2150.19098064321,380.96333836859,1769.22764227462,1815.1179624291656,381.60193652630176,1433.516025902864
2026-07-31,note,16171.6779318,2010.4152110999999,14161.262720699999,6124.776747576198,734.1926486703693,5390.584098905829
2026-08-31,bill,7248.0696057000005,530.0141025,6718.0555032,164.85740457925394,12.62449492818889,152.23290965106503
2026-08-31,bond,5525.2568236,1572.340369,3952.9164545999997,9340.362974941809,2431.74781667508,6908.615158266729
2026-08-31,floating_rate,679.9756013,20.0455538,659.9300475,0,0,0
2026-08-31,inflation_protected,2152.65984411264,382.32367847474,1770.3361656379002,1818.0690412338365,381.3928539033072,1436.6761873305293
2026-08-31,note,16218.3866672,2002.8533446,14215.5333226,6164.886311046719,742.6175073564931,5422.268803690226
